iteration,loss_total,loss_data,loss_phys,loss_bc,te_km
1,0.11259167691504593,0.08315428605539328,0.021771242733547073,0.0076661481261055785,25.000000000000007
2,0.9699155515331842,0.05271796856918858,0.1261397112778795,0.7910578716861161,25.000000000000007
3,0.11027602818136169,0.06906818324928131,0.033375574110953474,0.007832270821126905,24.96325398925502
4,0.11720225436626708,0.050146057082181006,0.013298921111518279,0.05375727617256779,24.933194141288734
5,0.09434020612043337,0.07096500121555908,0.005788544674730915,0.017586660230143363,24.90781494641423
6,0.07157706108700643,0.04495986483774486,0.00602487542262497,0.020592320826636604,24.88116682199379
7,0.12259585078623814,0.04353683094178084,0.00833868345332672,0.07072033639113058,24.85791822819401
8,0.09646869376717586,0.06480369061132973,0.005241588444529904,0.02642341471131622,24.83744121350269
9,0.060250361811133364,0.05648517959942377,0.0033904210556029647,0.00037476115610663065,24.816366137234954
10,0.08427702622969092,0.06397219405074883,0.002746098834686426,0.017558733344255676,24.79757221831295
11,0.0907002480302059,0.05932230986064993,0.002791683953845235,0.028586254215710736,24.780741428636173
12,0.0713252280603491,0.050881780285046044,0.003422891458284423,0.01702055631701864,24.765618024767114
13,0.06603494898259521,0.05837974822370211,0.004423864916999802,0.0032313358418933047,24.751992154926846
14,0.06396888508152465,0.05716200072585678,0.006150382364380876,0.0006565019912869808,24.735466796036242
15,0.0674533657514358,0.05476855976864886,0.006729886741332543,0.005954919241454402,24.720521219971555
16,0.06687581908966589,0.05125294736017631,0.0061000818515638,0.009522789877925774,24.706984556262388
17,0.0910972852048285,0.07950234401437306,0.004194995808852466,0.0073999453816029825,24.694709221054477
18,0.0511603841307925,0.04573433818791533,0.002472992585355965,0.0029530533575212042,24.683566684894984
19,0.0627070057430984,0.060798907381333325,0.0016124610228742395,0.00029563733889083343,24.673444221580706
20,0.06497214393026654,0.063050604439959,0.0015334051475813034,0.00038813434272622966,24.664242368669843
21,0.06766421134753185,0.0638045764814852,0.0018219714894638823,0.0020376633765827774,24.65425799766138
22,0.07430923107714027,0.06879865592125176,0.0019678158144809965,0.003542759341407514,24.645173464269668
23,0.042290989219746396,0.03652614540341604,0.001872277534486594,0.0038925662818437633,24.636904795802014
24,0.08509787596586493,0.0804135461014878,0.0016363722572888882,0.003047957607088249,24.62937667540234
25,0.06502484522377101,0.06214028611785153,0.0012435399574593526,0.0016410191484601232,24.621612786764608
26,0.054981161976951215,0.05339100020920897,0.0010713219571258567,0.0005188398106163851,24.614541951593726
27,0.07878410385222272,0.07779290274759566,0.0009660103938107482,2.519071081630598e-05,24.608101611388072
28,0.06907440563440505,0.06770370592648464,0.0012523502742533717,0.00011834943366703036,24.60223515454936
29,0.055179858981244605,0.053291386552520595,0.0013660897763046798,0.000522382652419329,24.596891273708653
30,0.04463646251227802,0.04213306649053526,0.0015671863973156573,0.0009362096244271017,24.59086956699421
31,0.07423046317990074,0.07146543591708522,0.0016154029211254137,0.0011496243416901073,24.584206073001702
32,0.048891280127917755,0.046247001117554386,0.0015412567017333186,0.0011030223086300446,24.578137086844677
33,0.0681731079067973,0.06586903897252815,0.001448674563808503,0.0008553943704606528,24.572609878026128
34,0.06447401705077643,0.06263922963915683,0.0013062398780064907,0.0005285475336131162,24.567576447638668
35,0.059112802263312274,0.05754642501738982,0.0013305478634551714,0.00023582938246728604,24.56299307993505
36,0.07464748155852248,0.07339526290451143,0.0011966400293109067,5.5578624700145544e-05,24.558112880349338
37,0.048166174751427586,0.047073033500928875,0.0010917414941288498,1.3997563698604745e-06,24.553670080469832
38,0.07610628850286501,0.0750468775226483,0.0010060162284657836,5.3394751750917556e-05,24.549625936722812
39,0.04570706477809597,0.04461608215347482,0.0009259328273815091,0.0001650497972396447,24.545945120788883
40,0.050008911470999756,0.048846932973955794,0.0009010670282413123,0.00026091146880265464,24.542595413322257
41,0.07125022190690386,0.0700436437566277,0.0008967676384719291,0.00030981051180423315,24.539547427102413
42,0.04607903701491606,0.044863174105034265,0.000919040964199059,0.00029682194568273683,24.53677435631953
43,0.05859897552210491,0.05748317388386468,0.0008723184404709979,0.0002434831977692347,24.534251749155878
44,0.05525663500583072,0.05414636527611601,0.0009579010008537647,0.00015236872886094854,24.531957301207115
45,0.07586179106208192,0.07480549798144936,0.0009829106043204752,7.338247631208761e-05,24.529870667606268
46,0.057877302563110494,0.05684658624702649,0.0010114513826082073,1.9264933475799185e-05,24.52797329198061
47,0.05145144902206672,0.050509653095643946,0.0009395485970837083,2.2473293390667588e-06,24.52624825059758
48,0.043764983017836545,0.04291309368365414,0.0008401047359597315,1.1784598222672817e-05,24.52468011024728
49,0.048939035443621645,0.04797069890938892,0.0009496840487868845,1.865248544584401e-05,24.52277039366191
50,0.05455495126263691,0.05355742756628784,0.000976066069072562,2.145762727650518e-05,24.52103488985454
51,0.05815935581074453,0.056950570877365714,0.0011731482246679827,3.563670871083326e-05,24.518860380071963
52,0.05058798707855425,0.04927175993748182,0.0012661616399080942,5.006550116433173e-05,24.516884816910082
53,0.044678042651003794,0.04312697496601,0.0014951706926729883,5.5896992320811366e-05,24.515090232682986
54,0.03730458065851412,0.035708803303445086,0.0015659972421715061,2.9780112897532854e-05,24.513460258222587
55,0.04655418479343622,0.04500293262037755,0.001534924432571863,1.6327740486805104e-05,24.511979982893195
56,0.07455576452667066,0.07293711567878065,0.0016126162042051197,6.032643684891566e-06,24.509576077015776
57,0.0657515512840408,0.06423822615766045,0.0015071562399974097,6.168886382933604e-06,24.507393582661066
58,0.06714849311937252,0.06570285871385258,0.0014376290130110262,8.005392508911577e-06,24.505412340017767
59,0.05238090257557555,0.05087825812440301,0.00148935639031726,1.3288060855278413e-05,24.503613999962873
60,0.043643464802917,0.04206139998539254,0.0015632392501557992,1.8825567368658708e-05,24.5019818638973
61,0.051366815464357514,0.04972080813567192,0.0016132711201944493,3.273620849113902e-05,24.49991490397065
62,0.05392248533436295,0.052209828487094156,0.001681782921768721,3.0873925500070286e-05,24.49803943477435
63,0.046234496186535426,0.044431314697739935,0.0017606181565353524,4.256333226013808e-05,24.49633789691804
64,0.06645406828255641,0.06443391565514546,0.0019354608906684849,8.469173674247515e-05,24.494794321425267
65,0.042267724318300164,0.04011775849465199,0.0019602754672534135,0.00018969035639476017,24.493394187741643
66,0.05243329334661707,0.049981101827698486,0.0021808440195325127,0.0002713474993860651,24.492124294227004
67,0.029835192650845395,0.027648309440333377,0.0020436005447140014,0.00014328266579801538,24.489637962269192
68,0.06503857260802795,0.06290390624955519,0.002120469720837279,1.4196637635475242e-05,24.487383468068963
69,0.05320363515877461,0.05096106668207101,0.0021796168147051233,6.295166199847351e-05,24.485339378880404
70,0.053025631909592204,0.050409581123276544,0.002433282917488812,0.00018276786882685025,24.483486223290235
71,0.06121123063647745,0.058345682046739136,0.0025928922526028374,0.000272656337135477,24.4818063138159
72,0.0568271423377763,0.053869782519276765,0.002672668518197211,0.0002846913003023236,24.480283585353845
73,0.05814393386122112,0.05503015893273805,0.0029261244263021472,0.0001876505021809163,24.478903448076036
74,0.06940856110714957,0.06617811733477433,0.003125976968722389,0.00010446680365285889,24.47685748768695
75,0.05635606075508804,0.052838013639794845,0.003473817983305362,4.4229131987829276e-05,24.47500347794944
76,0.07073154857689178,0.06714244823639273,0.003581666780286412,7.433560212627542e-06,24.473323539993267
77,0.06273896170604902,0.058862580716676174,0.0038069702771356072,6.94107122372369e-05,24.47180144609392
78,0.047931833284279926,0.04446431595852562,0.003318645537731058,0.00014887178802325276,24.470422468675995
79,0.02729192622391077,0.023618223462601166,0.003488441709038839,0.00018526105227076385,24.469173242979398
80,0.07678853546531636,0.07323562277055853,0.0034177974084300383,0.0001351152863277795,24.468041642164035
81,0.0618425279452768,0.05839119693142479,0.0033885710041693874,6.276000968262748e-05,24.467016663737823
82,0.052947345252395125,0.04943004403283786,0.0034583823323881156,5.891888716915778e-05,24.466088326292414
83,0.05989438878668418,0.05642391113148972,0.003392016026625002,7.846162856946062e-05,24.465247575621298
84,0.036741212527800306,0.03312154660554522,0.003552761719677117,6.69042025779678e-05,24.46448619937753
85,0.04594659054250704,0.042562610041080445,0.0033513864330565104,3.259406837008755e-05,24.463796749503157
86,0.060963580337192486,0.05762366732895471,0.003306684659269035,3.322834896874864e-05,24.46317247173082
87,0.08976225910042099,0.08644503342720648,0.003255945715342207,6.127995787228738e-05,24.462607241520406
88,0.05653292508652586,0.053604812352619206,0.0028946331820216354,3.3479551885017845e-05,24.462095505850154
89,0.07143394388239345,0.0680729048598653,0.0033178913508059844,4.3147671722173726e-05,24.461632230333596
90,0.05904037198166795,0.05580185717364061,0.003197069078409716,4.144572961762667e-05,24.46034746652657
91,0.06374762121570274,0.06047100111889668,0.0031860387641902107,9.058133261583703e-05,24.4575298917283
92,0.06721799922036675,0.06388151499752616,0.00321260801103651,0.00012387621180408632,24.45497982923856
93,0.053288810915285416,0.05023383999543806,0.0030061230531448434,4.8847866702509635e-05,24.452671990961424
94,0.02370816153909393,0.02057738025574614,0.003057007858734035,7.377342461375517e-05,24.450583468290606
95,0.06363096937809345,0.0605296498437471,0.0029711149484011254,0.00013020458594523634,24.448693509189468
96,0.04766906564695613,0.044694801712504555,0.0028446131111730527,0.00012965082327852197,24.446983316092652
97,0.057999818200306474,0.054575600834088966,0.003278830612462339,0.00014538675375516357,24.44543586268284
98,0.052116638305591136,0.04920343629793756,0.002839066349253842,7.413565839973494e-05,24.442968410795448
99,0.04818309350070452,0.04474227152315453,0.0032605458956928724,0.00018027608185712854,24.440736057185156
100,0.0562997030705764,0.05306441432951565,0.0029562901117201044,0.00027899862934064435,24.438716485542038
101,0.06049802923594987,0.05690550151867085,0.0030359957568037777,0.0005565319604752451,24.43551132540981
102,0.0662799727898924,0.06279635732154282,0.003101331042833479,0.0003822844255160865,24.431426613192077
103,0.058037319779725496,0.05442230638200408,0.0031410302348759906,0.0004739831628454292,24.42773205169613
104,0.049976779470138094,0.04636736356581759,0.003099095702537502,0.0005103202017829994,24.424390481620268
105,0.03863904367428928,0.03488443288774029,0.0032865811259033665,0.0004680296606456252,24.421368274389746
106,0.07094559721168739,0.06618634195842271,0.0038791382354431457,0.0008801170178215328,24.418634997016564
107,0.03063654236699852,0.02764469682284087,0.002731491120206887,0.00026035442395076324,24.416163108844344
108,0.046633779588540966,0.041705316732028416,0.003871469755314188,0.001056993101198361,24.413927687116445
109,0.05762770744057824,0.053281625437488,0.0035941693151462745,0.0007519126879439692,24.407742482778552
110,0.05867360200731702,0.0541473922292764,0.003616213920663016,0.0009099958573776051,24.402150252687548
111,0.053458208790678564,0.04836137706352661,0.004121405203639201,0.0009754265235127583,24.39366259822647
112,0.06352751504020666,0.058644672887183835,0.0038014898563080808,0.001081352296714748,24.385989970164935
113,0.058498015850836124,0.05445824321403118,0.0031648480754866187,0.0008749245613183278,24.37905416129765
114,0.03143447629148157,0.02691829564851061,0.003616604218783718,0.00089957642418724,24.3727844781909
115,0.055491443381624296,0.05076316261784849,0.0037694620466558913,0.0009588187171199205,24.367117015469443
116,0.04308990937083181,0.03896724814811469,0.003391950857626599,0.0007307103650905251,24.36199400112541
117,0.04024993936739837,0.035653456037455615,0.003477026859860362,0.001119456470082386,24.357363205705592
118,0.04608466371173758,0.041204701548684185,0.003757259487805517,0.0011227026752478836,24.353177408988994
119,0.03907245632770805,0.03335834601306872,0.004120581441968662,0.0015935288726706652,24.34939391843546
120,0.05527221456455372,0.04209162104008245,0.005399786102668102,0.007780807421803179,24.335660676095934
121,0.0740416138075623,0.03656252665346089,0.005493516337751114,0.0319855708163503,24.323252868053345
122,0.06837651540916055,0.02782764624044486,0.005263172677281642,0.03528569649143405,24.312042376636178
123,0.036057196979702805,0.032136505078422806,0.0029305412718042905,0.000990150629475707,24.30191353145773
124,0.0533960246993347,0.029803197746284642,0.003640587362338492,0.01995223959071157,24.282039322707313
125,0.036705079145336356,0.03061511226447041,0.0024760845706775295,0.0036138823101884137,24.26038123121435
126,0.04363543806407953,0.03640603061328489,0.0021735008021494724,0.005055906648645172,24.240822761752593
127,0.05924011447475962,0.045863068685635416,0.002866962552404892,0.010510083236719309,24.22315948059606
128,0.032923184343181214,0.02947470341150888,0.0015118582607358167,0.0019366226709365165,24.20720706187013
129,0.039449180400686644,0.036131864894147096,0.00224554882367917,0.0010717666828603735,24.192799268450013
130,0.04168923857069607,0.03609310935677266,0.0018979270623111389,0.0036982021516122764,24.179786143534074
131,0.05567898257930018,0.04864390949317476,0.0028179737930644727,0.004217099293060951,24.168032389454826
132,0.03463544301557291,0.03185962137622902,0.0014868061527910602,0.0012890154865528357,24.15741591315228
133,0.031863793165833466,0.030434198561459885,0.0013235891221097989,0.00010600548226378335,24.147826520204926
134,0.054394405069937306,0.05186704472613043,0.0017699017929008038,0.000757458550906076,24.139164741452625
135,0.04252746172333034,0.03921790972769919,0.0017434114187689668,0.0015661405768621875,24.131340778103514
136,0.05659117111554417,0.05223295053452488,0.0021869868697985684,0.0021712337112207167,24.12427355283423
137,0.03398331042124176,0.03151261432782287,0.001359261440014141,0.0011114346534047493,24.11788985580518
138,0.040102208822502455,0.03781503201208973,0.0018904641509290981,0.0003967126594836258,24.11212357574862
139,0.037626079691773555,0.03515587687573049,0.00227895417228505,0.0001912486437580169,24.106915007371825
140,0.04218785598000619,0.03930113938042653,0.0025693660723654197,0.00031735052721424073,24.10221022727181
141,0.05083933054229209,0.04576200891741715,0.004295389078411439,0.0007819325464635003,24.097960531398574
142,0.0494375121197139,0.04445518030660939,0.004022022478008433,0.0009603093350960815,24.087700472620273
143,0.04127912450868873,0.037825300422473375,0.0028298583826076034,0.000623965703607756,24.07843534558447
144,0.04351956759347251,0.03903246349210769,0.003796919686170031,0.0006901844151947852,24.070068547004826
145,0.04047210413495396,0.03545055874848967,0.004455830274786525,0.0005657151116777616,24.062512891245646
146,0.05549263230974085,0.047800078883579594,0.007282209419613255,0.00041034400654800133,24.055689683613675
147,0.046660228628167266,0.04197171256304446,0.004125773732975776,0.0005627423321470308,24.049527886587168
148,0.05591705514909487,0.0494377850671451,0.0057400157294547356,0.0007392543524950377,24.043963369326473
149,0.05075830567887287,0.04287180646916071,0.0069409829267124,0.000945516282999761,24.028254475122104
150,0.046966494118956134,0.03897577830798016,0.007462521442512771,0.0005281943684632084,24.014074292116078
151,0.03968930621093729,0.03250039019506907,0.006726666611920292,0.00046224940394793145,24.001273567324233
152,0.03163106091738716,0.02790670084279794,0.003470380899563739,0.0002539791750254783,23.989717730719747
153,0.0188327297727532,0.015684900129622495,0.002478318878639226,0.0006695107644914821,23.97928542813237
154,0.04761318054208992,0.039421391910400484,0.007718471465834248,0.0004733171658551871,23.949360998755164
155,0.036212478087434524,0.029890034922936615,0.005936380844732997,0.00038606231976491334,23.92236687464266
156,0.04203698813683636,0.035410378284173816,0.006230216932500394,0.00039639292016215065,23.881610379387745
157,0.04238059185869077,0.03577920497178557,0.005995896687493756,0.0006054901994114425,23.844862384529165
158,0.03295229295722564,0.027105791453885482,0.005581539661203224,0.00026496184213693465,23.796059326400677
159,0.045034402307410834,0.03702004011680817,0.007650330003572825,0.00036403218702983446,23.752072322312685
160,0.035491249352789286,0.027703597475379156,0.007389473396108639,0.00039817848130149205,23.69769528298525
161,0.02335201933250808,0.019566311093394212,0.0035792235349999917,0.00020648470411387706,23.6486976180835
162,0.029119729517867027,0.024632917799818837,0.004269616310372911,0.0002171954076752784,23.60453867247059
163,0.03690761461950515,0.03156775327595272,0.005035290842948082,0.0003045705006043392,23.551118063256666
164,0.025133136330485056,0.021978624054640575,0.0029376338990996305,0.00021687837674485126,23.502983750733687
165,0.03805154776028442,0.03137928633470405,0.006308310430488672,0.00036395099509169647,23.45960435547801
166,0.04014835783630108,0.033729740689538705,0.005836489238674192,0.0005821279080881829,23.416136733321473
167,0.058948476416427364,0.04835038247893458,0.010029212158847715,0.0005688817786450697,23.376957326275004
168,0.036109567630337736,0.029887423587621063,0.005606708550634872,0.0006154354920818027,23.3416376709016
169,0.038676449184898806,0.03257931198812382,0.005855963790437448,0.00024117340633753606,23.309793161625272
170,0.041722612378390186,0.033777674937837204,0.007404672434102909,0.0005402650064500717,23.27341002880149
171,0.026162737802246754,0.021917890793231483,0.0040849841866870676,0.00015986282232820242,23.230799985632054
172,0.03270236992245716,0.028358047845369837,0.003955519552167574,0.0003888025249197443,23.176798873455898
173,0.033948236920406424,0.027663718423548322,0.006060240302606179,0.00022427819425192432,23.12815208734165
174,0.03379723576437549,0.028036837211287614,0.0054761729033806755,0.0002842256497071958,23.084320035451874
175,0.04475637513251042,0.03685022007617024,0.007560579639071428,0.0003455754172687523,23.03179673894461
176,0.027580691579390464,0.02276531687899835,0.004431884498635037,0.00038349020175707616,22.984481352870777
177,0.019791010245283416,0.017144098973641102,0.0026121845651451174,3.472670649719706e-05,22.941849196379543
178,0.030680747067617344,0.024191123013060912,0.005947951500559537,0.000541672553996894,22.90343003215204
179,0.01989642558303315,0.01706461653795835,0.002674185212648975,0.00015762383242582677,22.86880212219396
180,0.02283764296859051,0.019486930229336445,0.0032516587395101442,9.905399974392068e-05,22.837586985985997
181,0.03235377497175067,0.027353355955693534,0.004779468067869572,0.00022095094818756124,22.80944476873107
182,0.023771314100315116,0.019737723117850818,0.0037413891732923643,0.00029220180917193347,22.7840701410782
183,0.04115234799937315,0.03456519317179372,0.006210787671015868,0.0003763671565635613,22.761188663093225
184,0.025422980698949153,0.021251100651797434,0.004068894696186842,0.00010298535096487852,22.74055355479121
185,0.03362395062537194,0.02715590252440657,0.00614591092849356,0.0003221371724718171,22.705295498916442
186,0.029735698788109704,0.024972213785015587,0.004586589022190646,0.0001768959809034711,22.673516341721683
187,0.027636887644926517,0.02200745343211817,0.005319913246739969,0.0003095209660683779,22.64486911819024
188,0.03569927981480661,0.02951225161443757,0.005937645328519253,0.0002493828718497848,22.61904218459899
189,0.01911773817892117,0.015302529043177464,0.0032906196955687123,0.0005245894401749953,22.595755487737943
190,0.027759182378479276,0.022871474955152727,0.004713350890890462,0.00017435653243608925,22.574757252976386
191,0.04184915825828068,0.032357527729264285,0.008972373397336777,0.0005192571316796129,22.55582103975441
192,0.04544360569676877,0.03663551502937271,0.007657573668467765,0.0011505169989283002,22.538743120134605
193,0.01658022486155624,0.013262319877870698,0.003169145539210969,0.00014875944447457291,22.523340142018615
194,0.029921422155188282,0.023203530116096053,0.005995281785867979,0.0007226102532242475,22.509447043702295
195,0.03664701129462934,0.029450509070897638,0.006945467431696436,0.00025103479203526666,22.49691519076125
196,0.041949845018151195,0.03227556335901268,0.008587873620961911,0.0010864080381766065,22.48561070994957
197,0.023500843962201885,0.019537339479645116,0.0036213332445835956,0.00034217123797317383,22.475412997959616
198,0.02681124488758968,0.021500672747172565,0.004977324054057067,0.00033324808636004923,22.466213385613663
199,0.026324591056762523,0.024060290389158887,0.0021840407822884328,8.02598853152038e-05,22.457913940407344
200,0.045836935820698595,0.0366587488651046,0.007508911448638041,0.0016692755069559562,22.439085259178665
201,0.04178347027151136,0.03187752989948539,0.006613671653119036,0.0032922687189069384,22.42210629506405
202,0.10284042370095503,0.029251879941931208,0.00848511978564879,0.06510342397337503,22.4067943305356
203,1.4076324643553,0.06600796743018314,0.07899737979395449,1.2626271171311623,22.3929848979129
204,0.42385789043139643,0.052290666372325524,0.027852461968218962,0.34371476209085194,22.38052991792376
205,0.762656136070009,0.08800709095998686,0.03389515058223805,0.6407538945277841,22.369296035366485
206,0.046920716960089925,0.03616221091824398,0.006988083363807212,0.003770422678038731,22.359163129682823
207,0.3747556134717477,0.04773886702314397,0.014105071395828372,0.31291167505277534,22.350022980981535
208,0.34216839784703534,0.03544415555838549,0.011750011193265996,0.29497423109538384,22.341778074408328
209,0.07952279900831906,0.052424827167136805,0.0037558214959105655,0.02334215034527169,22.334340527796474
210,0.13240853244884068,0.04620102442983042,0.007578589945081886,0.07862891807392837,22.32763112930153
211,0.3037582879152986,0.08777347598625326,0.012905463281892703,0.20307934864715263,22.32157847326271
212,0.18592260724857615,0.06790948187189086,0.007078055150755855,0.11093507022592944,22.316118183876732
213,0.06036193206950339,0.04983564611357102,0.003557721239959644,0.006968564715972727,22.31024058537139
214,0.10001521615789011,0.06335051080459027,0.0029949997971552007,0.033669705556144645,22.304938298935674
215,0.17331279583869216,0.07065983469318228,0.004680452730284656,0.09797250841522523,22.300154946760124
216,0.15540789914111372,0.06214944923575592,0.004058392459049457,0.08920005744630835,22.29512971169833
217,0.09212768067000647,0.06287032497737033,0.002386645057293947,0.0268707106353422,22.290596340018254
218,0.07848639652604424,0.07615233302368594,0.001866440582446601,0.00046762291991169245,22.28650664639332
219,0.08750686960572943,0.06350903418751025,0.003575826757196874,0.02042200866102229,22.282817177292
220,0.12079123394755345,0.07708554110812044,0.0031437039547672916,0.04056198888466573,22.279488743849754
221,0.11214489021078812,0.06120914037329872,0.004172551756311259,0.04676319808117814,22.276486001351373
222,0.07356503689308962,0.04528243477855739,0.0027194686164438747,0.025563133498088354,22.273777070577562
223,0.04359974713363772,0.03333264079637968,0.002493059913099378,0.0077740464241586585,22.271333196770975
224,0.05418601349782279,0.05154025429989227,0.0014709495306447064,0.0011748096672858069,22.269128442421476
225,0.07392356990288616,0.06063871264341274,0.0019448227357271967,0.01134003452374623,22.26713941046629
226,0.09341718983802404,0.07029876704555799,0.0025094398802581706,0.02060898291220788,22.265344994852974
227,0.09967266123758745,0.0681653386583524,0.0026097965991568758,0.028897525980078168,22.263079804953282
228,0.0538910307321671,0.03313666732627243,0.0019597112709228005,0.018794652134971866,22.261036315802286
229,0.09259815750689261,0.08169941261913549,0.002171508058759156,0.008727236828997963,22.259192829110614
230,0.09167906994706018,0.08748706580631209,0.0017278707696208248,0.002464133371127273,22.257529771620973
231,0.09664255951795933,0.09120019945288457,0.002173358810152685,0.0032690012549220727,22.256029486586755
232,0.09489265388310633,0.08595794010789026,0.0019588065189122183,0.00697590725630385,22.25467604580303
233,0.07999333359895261,0.07000639874886941,0.001771093309484681,0.00821584154059852,22.2534550801458
234,0.04713230090092426,0.037780642118015496,0.0012885377933918708,0.008063120989516894,22.25235362678213
235,0.05796293062151796,0.04893578712754062,0.0017270559702788858,0.007300087523698459,22.2513599913992
236,0.06854826101251636,0.06383152936665021,0.0015298312154126046,0.003186900430453549,22.250463623966308
237,0.06347418847105313,0.06041658980196521,0.0015610399101314198,0.001496558758956495,22.249655006692755
238,0.05580207044635479,0.0529762178835832,0.0015465363641669302,0.0012793161986046622,22.2489255529783
239,0.06956960403857328,0.06403631794105193,0.0018294982384066327,0.003703787859114726,22.248027357156086
240,0.057946137544595634,0.05108446028593164,0.002554922334101052,0.00430675492456294,22.247050804788234
241,0.09859709949082476,0.08621957004313745,0.00304240101400063,0.009335128433686687,22.24616988616199
242,0.05097669073189495,0.04496897781617278,0.001990421241912481,0.004017291673809689,22.245375239428434
243,0.040722809448502,0.036027937707819264,0.0021568819109892353,0.002537989829693499,22.24465841908255
244,0.04963668080267588,0.04577734566626214,0.0021272423367656597,0.001732092799648081,22.244011806234113
245,0.04009586670422662,0.037492638644867834,0.0018408943199344945,0.0007623337394242968,22.243428527677885
246,0.059767747347966575,0.05683352325449397,0.0018058189299969148,0.0011284051634756923,22.242513688190837
247,0.054708007696844065,0.05082857613830171,0.0019740895397878187,0.0019053420187545352,22.241657680393008
248,0.05487024513180546,0.05128186049618238,0.0017685940609431178,0.001819790574679966,22.240885542616383
249,0.08490178348887868,0.07697498442080503,0.002974515135312036,0.004952283932761623,22.240189060571556
250,0.06151446361616987,0.055849992483982445,0.0024528227652352453,0.0032116483669521793,22.239445303481805
251,0.07134232660752773,0.06682907755092107,0.00245978662814881,0.002053462428457841,22.238774431231292
252,0.06335666148000328,0.06028987115723185,0.0019905960013163354,0.001076194321455103,22.23816930432647
253,0.05294867321468113,0.04847566021079995,0.0026074664496487433,0.0018655465542324354,22.237623482477357
254,0.053468933061395406,0.04854600345165575,0.0032546981039083406,0.001668231505831315,22.237131156108777
255,0.039542907914999835,0.03585048800046533,0.00275179666522252,0.0009406232493119914,22.23583358023993
256,0.054848422349134236,0.04973701072685275,0.0029408344638223887,0.002170577158459103,22.233952590093214
257,0.05698179707145255,0.05101752159308211,0.0031943114544483336,0.002769964023922116,22.23225608981768
258,0.06196983551627581,0.05553361992559641,0.0037899775095216093,0.002646238081157781,22.23072598387002
259,0.06959536323668279,0.0637546456735896,0.003464534440244987,0.002376183122848205,22.22934595263251
260,0.054693656284381165,0.04872777119400704,0.003484205488267985,0.0024816796021061367,22.228101277829207
261,0.06024954553307785,0.055043019361526044,0.003230643941367876,0.001975882230183925,22.2256299680103
262,0.06529168287081363,0.061079386312747036,0.002954471833590935,0.001257824724475662,22.222268004341952
263,0.06146110981338602,0.054187821748018124,0.00393804599871245,0.00333524206665545,22.219236112885707
264,0.057768280587707055,0.053204560205501,0.0030791894196647443,0.0014845309625413112,22.216501868762858
265,0.04361419868748528,0.039748486276650154,0.0028280624628080633,0.0010376499480270604,22.214036037505238
266,0.06271313214825452,0.05767942511048887,0.003627706625451337,0.0014060004123143148,22.21181226001488
267,0.05203364594627098,0.04755984346444577,0.003185829227244592,0.0012879732545806213,22.20980676885926
268,0.06348872260477917,0.057853618188511015,0.003979171635243868,0.0016559327810242923,22.206176271929635
269,0.049635728394371796,0.04416283620819322,0.003992681309060516,0.0014802108771180622,22.20290238789235
270,0.04882198143026437,0.044581263063830256,0.0031021799740749674,0.0011385383923591464,22.19995006298331
271,0.0568384690282603,0.052254412730742376,0.0034876146965459216,0.0010964416009719977,22.195468142891688
272,0.059270183929364964,0.054175460627579844,0.0038005557150737022,0.0012941675867114166,22.191426698811103
273,0.04554083494378504,0.04134783802641409,0.003352059742738,0.0008409371746329476,22.184967353951627
274,0.04310527216031767,0.03798210387516629,0.0039000188999123732,0.0012231493852390039,22.179143395300258
275,0.05275842136623249,0.04860344714009935,0.003337385026131222,0.0008175892000019214,22.17110027571184
276,0.06489754660098489,0.05813867116497405,0.004800645682288503,0.0019582297537223204,22.163848922780975
277,0.05383248005162789,0.04820077806170758,0.004341023122148297,0.0012906788677720118,22.15731121616425
278,0.05436819601622912,0.049956695468096765,0.003610920666240327,0.0008005798818920276,22.149067324674135
279,0.033696750186528006,0.030330317607831156,0.0029906449678420446,0.00037578761085480493,22.138655162260196
280,0.06084764002259842,0.055520511791815975,0.0039056200241270904,0.0014215082066553564,22.129269177369427
281,0.053529325645238796,0.047542106917105566,0.004822574770151206,0.0011646439579820224,22.12080791666585
282,0.06976540272987694,0.06222504546657576,0.005711937614766542,0.0018284196485346424,22.110123845767838
283,0.05189031924592453,0.0475765236474442,0.00350068747195582,0.0008131081265245156,22.10049305036535
284,0.0893312945171198,0.08090367188009277,0.006410138426001805,0.0020174842110252285,22.09181135694198
285,0.06879508618208992,0.06150510747119309,0.005560743630969714,0.0017292350799271113,22.083984962632027
286,0.06020187884614314,0.053500404956232935,0.005416049112832265,0.0012854247770779435,22.076929389789143
287,0.03238087959398194,0.028847347911983946,0.0031612292353345416,0.0003723024466634527,22.070568548400356
288,0.045502818661116155,0.040881219702874345,0.003994439250986009,0.000627159707255806,22.059729047396324
289,0.05699227632948708,0.05063133156151775,0.005334845925066216,0.001026098842903113,22.049958577588292
290,0.03968737019268844,0.035939349741103535,0.003431500646947842,0.00031651980463706875,22.041151355550376
291,0.05594180789078986,0.04997532923401557,0.005140864387689296,0.0008256142690850026,22.03321213535381
292,0.03452643691968578,0.030834405605037314,0.003302504795925048,0.0003895265187234181,22.02605514541131
293,0.03303722431083663,0.028831325470096,0.0038025433290615846,0.0004033555116790468,22.019603135129106
294,0.059073295564069664,0.05297773685113939,0.005339630102216462,0.0007559286107138099,22.004674237357552
295,0.045981146288189494,0.041315551949671625,0.004137166313111431,0.0005284280254064355,21.991220545732087
296,0.06121676738990112,0.05439098664311438,0.005964832081952469,0.00086094866483427,21.979095588077218
297,0.03586273413656979,0.03110317134199998,0.004221804283040722,0.0005377585115290912,21.968167571522482
298,0.0357136971680776,0.03220006495364104,0.0033275922496403734,0.0001860399647961867,21.951678143160702
299,0.03235741095581232,0.029321103659813413,0.002905744957562142,0.00013056233843676876,21.92684938963822
300,0.04339499170290932,0.03724307145888086,0.005439731719515819,0.0007121885245126457,21.904484376864136
301,0.051883838669793646,0.044486029280260735,0.006633745137089146,0.0007640642524437635,21.86855042404818
302,0.061149003437385364,0.05216871593853703,0.008031338647972081,0.0009489488508762544,21.836198226100876
303,0.04328573929982819,0.03758071002323233,0.00509239466063754,0.0006126346159583208,21.807066457173978
304,0.03655058190732269,0.03189239197672417,0.004345575076491931,0.00031261485410658647,21.78083105900239
305,0.04496775774106784,0.03925656824173707,0.005226512487046272,0.00048467701228449334,21.757201244393986
306,0.029252959199416412,0.02516799804942957,0.0038847472537336205,0.00020021389625322238,21.72633826166115
307,0.04675126352092533,0.04042488374225933,0.005989188776546779,0.00033719100211922464,21.698546450703397
308,0.046235834438896055,0.03959757606458244,0.005974068214514599,0.0006641901597990188,21.665603614425947
309,0.02966693996554967,0.026386046732871964,0.003194070946522831,8.682228615487715e-05,21.635942042834465
310,0.036671427119648034,0.031486447373273475,0.004971870160032332,0.00021310958634222587,21.609231251679496
311,0.027751593549227245,0.022748425108859473,0.004704244369553697,0.00029892407081407677,21.585174736115892
312,0.03909238481750222,0.0328379020278995,0.005944579870451406,0.0003099029191513212,21.56350634730272
313,0.0367818497954163,0.029036500862449067,0.0074123137128650814,0.0003330352201021546,21.543987079220035
314,0.043929082899879034,0.03622051663265145,0.00745294868857675,0.0002556175786508259,21.526402215005273
315,0.03646065454684259,0.029801697514358887,0.006550309814449748,0.00010864721803394526,21.5105587891038
316,0.026341935927840576,0.021971140105376683,0.00416921352243166,0.00020158230003223035,21.49628332743897
317,0.026676511687169096,0.020934598063602122,0.005398001087002542,0.00034391253656443176,21.48341983282188
318,0.03757518901446249,0.03196420389219136,0.005348945745266877,0.0002620393770042546,21.471827987090126
319,0.048074570494493624,0.04252221361971934,0.005358892183238236,0.00019346469153604698,21.461381545111557
320,0.05307280074061147,0.04437130685465722,0.008196503814753689,0.00050499007120056,21.4519668989141
321,0.060857042194080814,0.05055332727397318,0.009424032540241645,0.0008796823798659887,21.43179714064234
322,0.03016341946191864,0.02413402720939011,0.005377750221547314,0.0006516420309812177,21.399611848887254
323,0.03246715889297886,0.02730273841398197,0.004657316521722718,0.0005071039572741721,21.370633933436153
324,0.03374584585610941,0.028121474635993463,0.005020062073602897,0.0006043091465130479,21.34454022435646
325,0.030889885377908186,0.023907870532186157,0.0064997119659219805,0.00048230287980004753,21.321040785834054
326,0.01868710888457408,0.015505769199507621,0.002925422659207141,0.00025591702585932047,21.2998753727213
327,0.028279430597136807,0.023281466416506354,0.004424131881715119,0.0005738322989153315,21.2727750455706
328,0.04378449162381111,0.03506122393097981,0.0074511834430192915,0.0012720842498120078,21.2483706017675
329,0.04456810360662221,0.0305799030047728,0.010103460047409732,0.0038847405544396823,21.226391344119293
330,0.05390011375615131,0.0316587958087941,0.008573020555915105,0.013668297391442102,21.206594235042147
331,0.07552898855676418,0.034955116119968356,0.007015805184639907,0.033558067252155925,21.188760980562787
332,0.07682087462860912,0.03975909655698724,0.00793391744045948,0.029127860631162406,21.172695438301574
333,0.03318635943441565,0.0273411989354813,0.005759466149978778,8.569434895557082e-05,21.15103305254713
334,0.048372750093018745,0.02508846464489173,0.0052382199270807565,0.018046065521046255,21.13152149807284
335,0.02970730275737452,0.02573857088959135,0.0039168271979158585,5.190466986731043e-05,21.113945616123733
336,0.052721735450960275,0.03677898734314136,0.00557757742757562,0.010365170680243289,21.098112077970118
337,0.0279635065332061,0.021091403953783425,0.003659735438784556,0.003212367140638119,21.083847112319926
338,0.037665448391010624,0.03195127786782162,0.004633466165572697,0.0010807043576163036,21.070994480016488
339,0.056588299809270805,0.04444763981765205,0.00700015815299522,0.005140501838623539,21.059413667173285
340,0.04901485919064327,0.03832143482261423,0.007972097680739148,0.002721326687289897,21.048978271602564
341,0.025814391771293674,0.02312656520232023,0.0026105918192684693,7.723474970497365e-05,21.039574560567342
342,0.04793057870840067,0.04099662875676787,0.0056192888230446394,0.0013146611285881596,21.031100180612363
343,0.04718259198439345,0.038442768946778456,0.0060534077286909325,0.0026864153089240653,21.02346300257882
344,0.043572107475306814,0.03498134270376879,0.006675515368231682,0.0019152494033063431,21.01658008693793
345,0.03425744229992452,0.029879886281285257,0.004194939385180795,0.00018261663345846884,21.010376756338992
346,0.030988883693947325,0.025392735395698092,0.005340809580408038,0.00025533871784119596,21.0047857637975
347,0.032667946127444406,0.027967228916382036,0.0036570537181635837,0.0010436634928987817,20.9914184150927
348,0.03134082807495091,0.02557437812784759,0.004291281157026475,0.0014751687900768445,20.97937458231986
349,0.05152040778906423,0.043708039814994465,0.006928821389070253,0.0008835465849995126,20.96852262031706
350,0.030759782534404524,0.025727820629858476,0.004795350548671511,0.00023661135587453702,20.95874409458676
351,0.035297522303125106,0.030900483053916347,0.004310304706147087,8.673454306166678e-05,20.94207505612793
352,0.02968359201781119,0.02507472898583151,0.004168465553362657,0.0004403974786170215,20.922121590688107
353,0.04581866153969332,0.038650292373844715,0.006368381094120097,0.0007999880717285082,20.904149514441375
354,0.038763592659202165,0.03299814273287951,0.005078514609233551,0.0006869353170891079,20.887960693780872
355,0.050766584589097524,0.04113171392820954,0.009249631754970934,0.0003852389059170552,20.86742850375073
356,0.0405275613740696,0.03380964665227353,0.006637625019331569,8.028970246449901e-05,20.848935920581724
357,0.024625564904570168,0.019647377799255506,0.004859008797302204,0.00011917830801245688,20.832278866799953
358,0.0341547010326952,0.02703776659941665,0.006778314077703042,0.0003386203555755124,20.817273964619897
359,0.043614600771209454,0.03221775152730524,0.010748436225018127,0.000648413018886086,20.793047759438338
360,0.034096401483845906,0.02850640536593478,0.00522768196293207,0.0003623141549790543,20.771232205450893
361,0.049791968635559666,0.03991778718472151,0.009662575507005937,0.00021160594383221897,20.751585360955747
362,0.04209815113051591,0.03458646248488397,0.007440155093733346,7.15335518985916e-05,20.73388995945295
363,0.04849653294087005,0.03961852067776629,0.008663480548310003,0.0002145317147937577,20.71795081927654
364,0.02257891197379943,0.01847218795901545,0.0038729814318755047,0.00023374258290847501,20.703592538805687
365,0.032497849332058175,0.02458389263557412,0.00765823442266019,0.00025572227382386376,20.690657443305735
366,0.05198408988686128,0.04155714419946001,0.010195404539678876,0.0002315411477223952,20.667760566045228
367,0.032683280249046515,0.027453692787389312,0.005119548508732569,0.00011003895292463618,20.647141484278876
368,0.03176038791710972,0.026755361502267202,0.004981404401106341,2.3622013736181126e-05,20.628571743571374
369,0.026503656351457957,0.021690353697941832,0.00473584671866563,7.745593485049618e-05,20.611846155990623
370,0.03854266404801822,0.030014483041455313,0.00835063398596008,0.00017754702060282808,20.596780364194647
371,0.03359866443147674,0.02683738777587472,0.006625390979883504,0.00013588567571850833,20.58320867283855
372,0.052922748675869734,0.042641376008012155,0.010163076625137778,0.00011829604271979747,20.570982115741113
373,0.047379078740981594,0.03680851781849473,0.010491734415955701,7.882650653116175e-05,20.55996673136491
374,0.03669942753028122,0.028089663879412096,0.00849153330389063,0.0001182303469784886,20.550042022677154
375,0.046013087808684544,0.03586228900207176,0.010008298997457381,0.00014249980915540713,20.541099580469858
376,0.04546582379791233,0.036479419443184544,0.008887668670952751,9.87356837750354e-05,20.53304185180563
377,0.040393927541574136,0.029082640018297058,0.011232996364981828,7.829115829525599e-05,20.525781037487626
378,0.03343390416456979,0.02555881821381855,0.0078030252009215605,7.206074982967417e-05,20.51019485227117
379,0.036958174830916166,0.028879625961883013,0.008051303175417811,2.7245693615342605e-05,20.496155151109864
380,0.04466564203072115,0.03383646787466865,0.010700032422403945,0.00012914173364855664,20.48350763275996
381,0.051006399148200474,0.03776644397586519,0.013079422173365,0.0001605329989702844,20.4721135555741
382,0.02666730730661318,0.020062534076962475,0.006586622726074279,1.8150503576423407e-05,20.461848137485152
383,0.03844276523276943,0.030470782107662756,0.007931932993627318,4.005013147935597e-05,20.45259912630247
384,0.04238734730207585,0.03256153275325785,0.009779435744067188,4.637880475081348e-05,20.44426552113299
385,0.024606901510386775,0.020162454522073655,0.004406346067374627,3.810092093849035e-05,20.436756428089808
386,0.0429368380338482,0.03425931726860547,0.008654372365553973,2.3148399688759417e-05,20.429990035480984
387,0.03432428644353802,0.02763095964961199,0.006678321939116107,1.5004854809926169e-05,20.423892695430382
388,0.04671388286635452,0.03346248000534811,0.01321077606709188,4.062679391453301e-05,20.418398100410634
389,0.024175006838118615,0.020082656836332185,0.004081413655970696,1.0936345815731751e-05,20.41344654449958
390,0.03826393748860933,0.030790374621873003,0.007455997932930522,1.7564933805806087e-05,20.404480922779488
391,0.028144584815423795,0.021315360978093997,0.006787369666223123,4.185417110667392e-05,20.396402747044895
392,0.03262646039941053,0.02712353658676548,0.005470715021841009,3.22087908040396e-05,20.38912389879181
393,0.020816563361573805,0.01674045622471337,0.004063451870864502,1.2655265995932706e-05,20.38256506294817
394,0.03877855442079163,0.027727525336006857,0.011024155839220643,2.6873245564126774e-05,20.376654838116256
395,0.02393091911400481,0.020652426705920986,0.003265562214742005,1.2930193341820657e-05,20.371328938672576
396,0.041475086676118385,0.03201553350492513,0.009440579419387451,1.897375180580084e-05,20.366529478883777
397,0.030347713969516125,0.023405082556787478,0.00693066741366835,1.1963999060295054e-05,20.362204330316555
398,0.021455345250817097,0.018372705187990848,0.003012638627127291,7.000143569895598e-05,20.358306544800502
399,0.03173771747493926,0.02376343936658899,0.00794446278899767,2.9815319352600508e-05,20.35479383606362
400,0.04650870069055171,0.036471629626122076,0.009935429651975651,0.00010164141245398615,20.35162811391798
401,0.03369770470816983,0.028825334271359825,0.004850272992239787,2.209744457022109e-05,20.33847390766737
402,0.026094745978694274,0.022740913724123117,0.0033275068687545406,2.6325385816615875e-05,20.316309295689585
403,0.027341722941791352,0.02267915085126036,0.0046301648388081115,3.240725172288099e-05,20.292341756120994
404,0.05567657321131467,0.04022514650700681,0.015407129825370163,4.429687893769702e-05,20.270762688905403
405,0.025074631343099556,0.018201128321883326,0.0068540699337114016,1.9433087504830447e-05,20.251331979944656
406,0.02424494007881926,0.02064501416012293,0.003591648823127137,8.277095569197603e-06,20.233834050730984
407,0.05383301822780455,0.04046258787376365,0.013347564763079432,2.2865590961466932e-05,20.20584803877914
408,0.023135512603971713,0.019089818610057076,0.004036590253128961,9.103740785674955e-06,20.180656138400686
409,0.027694808984913777,0.023367781158506393,0.004318997617916572,8.030208490814312e-06,20.15797650988561
410,0.025322326997699835,0.020962981668718277,0.004349692333021707,9.652995959853045e-06,20.13755628689595
411,0.023487621812710132,0.020686359705227492,0.002778642502908701,2.261960457393911e-05,20.119168496058542
412,0.029924897653275172,0.022296079290531564,0.00761061436114884,1.820400159477118e-05,20.102609322849933
413,0.033605007598039915,0.025392705773607548,0.008199887694455534,1.2414129976835432e-05,20.087695681468706
414,0.0326886688922191,0.02518782780317315,0.007479012900757095,2.1828188288861677e-05,20.07426305214039
415,0.02244010978768047,0.017053501024396477,0.00536814012459271,1.846863869128192e-05,20.06216355417361
416,0.029565512224927717,0.02466621414049313,0.004883639552743853,1.5658531690735274e-05,20.051264227231957
417,0.044394665475680356,0.03409221529172893,0.01022616666285708,7.628352109434248e-05,20.041445496824558
418,0.03263588316030437,0.02551329002866377,0.007089352049860985,3.324108177961672e-05,20.032599803048264
419,0.0192613954107427,0.01601886501815961,0.0032033941222946063,3.913627028848606e-05,20.024630374217594
420,0.038595251084446704,0.027893465373583354,0.010611591120019276,9.019459084407919e-05,20.01745012926192
421,0.02643389739890592,0.020885838678465517,0.0054708597719581925,7.719894848220897e-05,20.00071002538766
422,0.04742157708912335,0.03388579260921929,0.013478809936516022,5.6974543388038864e-05,19.985634007025133
423,0.031206689974771114,0.02359380957233531,0.007565279868502848,4.7600533932953547e-05,19.972055623996624
424,0.02161674851170424,0.018203802032654703,0.0033880270843409293,2.491939470860729e-05,19.95227079529722
425,0.047914298293949706,0.03382172513564132,0.013921499626707315,0.0001710735316010692,19.92606144435723
426,0.022329884438398128,0.01756762748578807,0.004752465364695768,9.791587914293054e-06,19.90246846866806
427,0.019364283164134126,0.01575927237251475,0.0034418758745088695,0.00016313491711050866,19.881228123914664
428,0.04105492430846562,0.033296877888580476,0.00773591763951906,2.2128780366086413e-05,19.86210373752167
429,0.038877971174389764,0.029660847590125904,0.008902585265378819,0.00031453831888503947,19.834315797192524
430,0.04260145795190736,0.030996205777666565,0.011582543588640404,2.270858560038944e-05,19.809304120294595
431,0.04096912716550612,0.029942552192323137,0.010694384786751665,0.00033219018643131093,19.786788435342217
432,0.038406120407304414,0.030245259212989928,0.008135792283564827,2.5068910749660053e-05,19.766517313118584
433,0.04139462560241008,0.03139189121040119,0.009672441588514349,0.00033029280349453495,19.748265095982543
434,0.027793949079578016,0.024744700034351513,0.00302380097644455,2.5448068781951662e-05,19.731829173006833
435,0.029133843225440388,0.024629184824403953,0.004223238046451546,0.00028142035458488505,19.717027558602066
436,0.03728176530954337,0.027723729931080576,0.009513885265969227,4.415011249357199e-05,19.69711753205049
437,0.031208579780953243,0.0250919276353001,0.0058177228487823075,0.0002989292968708345,19.679190383490887
438,0.033015764452591016,0.026725227577481893,0.006220163419296571,7.03734558125563e-05,19.663047145203418
439,0.0437577536622522,0.03560081518479371,0.00795324092575038,0.00020369755170811056,19.648509097174944
440,0.032592748308052706,0.024793863202331144,0.007680832430700303,0.00011805267502126316,19.635415653491133
441,0.038426724424808524,0.027715918644458902,0.010438090275559432,0.0002727155047901858,19.623622479219097
442,0.026368754619892763,0.019204846499007854,0.006998230343886998,0.0001656777769979121,19.612999810853996
443,0.04950760374546414,0.03825801312284111,0.011099130582673682,0.00015046003994934783,19.603430956863114
444,0.030905658765517225,0.023251861491892827,0.007345537560711562,0.00030825971291283414,19.59481095782429
445,0.03432392033273066,0.025749841631773927,0.00849273388003894,8.13448209177962e-05,19.587045388201137
446,0.04540107961790965,0.03399945977685918,0.011073813251471372,0.00032780658957909945,19.580049283991364
447,0.02771719130512506,0.021178959065607083,0.006491185572776567,4.704666674140894e-05,19.573746182380788
448,0.02023242316014084,0.01711074752135262,0.0028784728045128318,0.00024320283427539012,19.56806726117926
449,0.028704522806038316,0.021588197410260457,0.0071002084992962235,1.6116896481634024e-05,19.562950567243863
450,0.022377060647661172,0.019180236827517662,0.002800207943417933,0.0003966158767255773,19.55834032433979
451,0.024627585080226933,0.019955374194127046,0.004639743972997197,3.246691310269039e-05,19.554186311977556
452,0.026932280942223344,0.019044353157307167,0.007799865186384015,8.806259853216288e-05,19.55044330771809
453,0.03198847431945656,0.025378440619630627,0.006587753967226268,2.227973259966632e-05,19.547070586273666
454,0.04223622087380148,0.02995478010419549,0.012212793386700721,6.864738290526515e-05,19.544031469468507
455,0.043846900065829565,0.03177682675207114,0.012056239361032024,1.3833952726395139e-05,19.541292921771195
456,0.04981667980542921,0.03437633771120248,0.015427636717257644,1.270537696908637e-05,19.53882518668383
457,0.027150257394120674,0.0196042871166601,0.007484844519644421,6.112575781615387e-05,19.536601459779135
458,0.030803747286687787,0.022682364464079837,0.008097344518532753,2.4038304075195967e-05,19.52842402408123
459,0.03512426770648447,0.026305626086863584,0.00877489619762031,4.37454220005698e-05,19.521057250694497
460,0.03809539531976338,0.02827428488452478,0.009797860622843687,2.3249812394910096e-05,19.514420529964056
461,0.02236751883967424,0.017441791041779158,0.004844912669910735,8.08151279843476e-05,19.50844131518206
462,0.025932147561754812,0.020258279359780803,0.005648985444234863,2.488275773914555e-05,19.497156218892858
463,0.03534748943969903,0.029533854036389983,0.0057605746176661605,5.306078564288294e-05,19.486991500063727
464,0.03042813025805971,0.024204905966852985,0.006193538575376123,2.968571583060144e-05,19.477835451774293
465,0.026284827477177596,0.020120804852046915,0.00614976562463542,1.4257000495260375e-05,19.469587596033172
466,0.035623120865908256,0.025651150597837957,0.009943530283536285,2.8439984534015467e-05,19.46215753777312
467,0.03484657506370022,0.02757153870288989,0.007243016393981586,3.2019966828740324e-05,19.455463939035862
468,0.03681324924724122,0.029247585573546907,0.007483453964552094,8.220970914221908e-05,19.449433600145337
469,0.02517299425335076,0.01849160448488234,0.006674080787379857,7.308981088563779e-06,19.444000636225518
470,0.03008845773925866,0.0227384916895134,0.007220086450200192,0.00012987959954506635,19.439105738774
471,0.03340732102597658,0.023793022189334184,0.009606340538670245,7.958297972152224e-06,19.425226495433954
472,0.041048417164928235,0.03010778355935365,0.010884719004046488,5.591460152809674e-05,19.41272703947578
473,0.029155651465866714,0.023084505889603854,0.006061781908696578,9.363667566280476e-06,19.401469470711884
474,0.03760434033865697,0.026127756148170138,0.011406379636562972,7.020455392386303e-05,19.391329810316282
475,0.04358653030533198,0.03300030623017623,0.010569898359632532,1.6325715523216984e-05,19.376495539422837
476,0.023521953928495102,0.020153474081412638,0.0033150442055997357,5.343564148272996e-05,19.363136763958195
477,0.028725334825488343,0.024937112654504878,0.003777353296219352,1.0868874764113957e-05,19.35110588456319
478,0.03278766330849371,0.02528009967954829,0.007407451051358364,0.00010011257758705813,19.340270226440413
479,0.035078988233526225,0.025399949157987416,0.009662790112280285,1.624896325852441e-05,19.322289298042335
480,0.024067489378840824,0.018216323891681777,0.005747840551770108,0.00010332493538894163,19.30609952506276
481,0.03729339420116741,0.02898688369952676,0.008289824427624333,1.6686074016313067e-05,19.28250766052911
482,0.042421371424848246,0.03186379499692927,0.010535558535260614,2.2017892658363893e-05,19.261271877730856
483,0.05207676949970149,0.03713977895761281,0.014921621524197688,1.5369017890994927e-05,19.237262133559543
484,0.018521997031045994,0.01411284580755154,0.004394589453620168,1.4561769874284779e-05,19.215650799855794
485,0.036521371162163425,0.029198197886911546,0.007296977185168781,2.6196090083103298e-05,19.189703464515752
486,0.03571976794754611,0.02486264329422366,0.010842882928166086,1.4241725156360593e-05,19.159924381764416
487,0.03769678459053586,0.028111923234718728,0.009569639981083757,1.5221374733374435e-05,19.13312798355781
488,0.026903591781464814,0.020102992537904926,0.006789764582600331,1.0834660959559474e-05,19.10080972800731
489,0.04880069349379683,0.03137760350366549,0.017401640444714945,2.144954541640184e-05,19.071732402946417
490,0.03269197869702866,0.02381513633900977,0.008856259714578941,2.0582643439952724e-05,19.045566900250005
491,0.036599452355167546,0.027197544278560852,0.009305025197289006,9.688287931768823e-05,19.02201830572749
492,0.0311865785404189,0.02507866438545685,0.006086609480963896,2.130467399815068e-05,19.000822201883427
493,0.028403333749017386,0.023096976229993283,0.005184818188053448,0.0001215393309706543,18.981741396992316
494,0.015638191013162005,0.010688701557626088,0.004923745044572522,2.5744410963395384e-05,18.964563026593904
495,0.02788733514446748,0.01979483858082699,0.008017219994463797,7.527656917668987e-05,18.949095981135496
496,0.026853405224349595,0.019971675875154336,0.006723302960429616,0.00015842638876564482,18.935168619901194
497,0.027561920482831577,0.021937635404141426,0.005582799723350324,4.148535533982883e-05,18.922626736785148
498,0.030612241724260168,0.021292766588729875,0.008977567707807515,0.0003419074277227782,18.911331748058263
499,0.03592037566982731,0.030237738872626135,0.0056431570202110926,3.9479776990081256e-05,18.90115907618423
500,0.01885360792615964,0.013224198604576975,0.005136468231045542,0.000492941090537122,18.89199670707477
501,0.040479492156264216,0.028827777903382944,0.011471966820185371,0.00017974743269590077,18.881736588437665
502,0.05359107717370097,0.03985429316912737,0.013476770622381652,0.00026001338219195123,18.86740866692303
503,0.040210266963681865,0.029747727433146395,0.010023904632499404,0.0004386348980360726,18.854506515278064
504,0.01640087488808154,0.011840860181986206,0.004250751235290493,0.0003092634708048429,18.836858246217204
505,0.029321843193346953,0.020442741237112875,0.007986597189695596,0.0008925047665384828,18.82096889473732
506,0.034946394644435566,0.026019915200279752,0.00885511210939037,7.136733476543859e-05,18.806661926429918
507,0.03835549958957288,0.026550694971906395,0.010726722090478293,0.001078082527188189,18.79377875840438
508,0.022952855572008966,0.019137674039257094,0.0037852077683022023,2.997376444966862e-05,18.78217688991673
509,0.021016393088068675,0.016364779471599696,0.003562933864613462,0.0010886797518555183,18.77172823582415
510,0.04348634104704628,0.031596346698410674,0.011767002828723772,0.00012299151991184085,18.76231763937085
511,0.028964527170979627,0.022596229173531667,0.005810900824957743,0.0005573971724902187,18.74560236738021
512,0.037444701711248515,0.028698894996201058,0.008040376966766133,0.0007054297482813277,18.730552579183577
513,0.04651764641757691,0.0316861668465507,0.014502221691668985,0.00032925787935722816,18.70697595386585
514,0.03929203121184607,0.026979698407644945,0.011640021120420547,0.0006723116837805736,18.67242918104303
515,0.031214963897427804,0.023428093893222476,0.007751764092524097,3.510591168122945e-05,18.641353055833296
516,0.035818092890056094,0.029083233638129057,0.006469103828342436,0.0002657554235846014,18.613394103320417
517,0.018945254932039256,0.014110223678197437,0.004684025236407537,0.0001510060174342829,18.588235754832603
518,0.04281339526408556,0.03339355560395073,0.00932785761676284,9.198204337199016e-05,18.56559432553314
519,0.043750995191982466,0.030809999536451634,0.012771167546772834,0.00016982810875799787,18.545215461404993
520,0.03729120907170767,0.02889120142454166,0.008376524474093656,2.3483173072353824e-05,18.52687099534323
521,0.038258911534923085,0.025119069742586306,0.013034397263991226,0.00010544452834555213,18.510356160745523
522,0.05172589430045137,0.03752707193984111,0.01407916722655308,0.00011965513405718022,18.495487118269917
523,0.03134642232515637,0.022496605889943944,0.008821840282626234,2.7976152586192435e-05,18.473512701173675
524,0.0264338645117169,0.017946133130874373,0.00846423650501569,2.3494875826834768e-05,18.453733808637665
525,0.05134910015422605,0.03561686729126026,0.01569886222939624,3.3370633569547575e-05,18.43592912176591
526,0.022272633941181636,0.01783692415067505,0.004388108492796773,4.760129770981449e-05,18.419900001941716
527,0.030066203728062398,0.022451231886309035,0.00755313896851081,6.183287324255249e-05,18.40546809716328
528,0.04986934064894541,0.03509137523627046,0.014713294656749224,6.46707559257226e-05,18.392473213857947
529,0.04483106403208005,0.032890208620931664,0.011843432533400068,9.742287774831877e-05,18.380771422405104
530,0.032710337742484434,0.02387137230079379,0.008804747889676948,3.421755201369819e-05,18.370233368804957
531,0.029205158506162433,0.02110386996120687,0.008037011928482787,6.427661647277862e-05,18.36074276851377
532,0.03997592462609203,0.026956755831477604,0.012959062963326738,6.0105831287692546e-05,18.34318675913823
533,0.03480873657975695,0.024501898274899733,0.010234239124288518,7.259918056869621e-05,18.327381580379832
534,0.03552597383873533,0.025766215005208756,0.009656578197376553,0.0001031806361500127,18.31315136953377
535,0.033566148700463816,0.025427435199282603,0.008110077692383286,2.863580879792854e-05,18.30033816636461
536,0.023412400441158315,0.018759921020585518,0.004615361903365896,3.711751720690204e-05,18.28880004596763
537,0.024228763540982357,0.018774182435485547,0.005296546480657758,0.0001580346248390505,18.27840945466935
538,0.033964723635358116,0.022744293232879093,0.011184200222781921,3.6230179697102525e-05,18.269051725373984
539,0.019615016252531817,0.01340968243599095,0.006063144911137187,0.00014218890540368078,18.26062375177127
540,0.02513643211035265,0.01870575388253551,0.0062094669479869306,0.00022121127983021515,18.24231810531389
541,0.029987579159212165,0.019413742443790582,0.010557421306657036,1.6415408764547755e-05,18.225838998905637
542,0.030441718321394213,0.02282823807575126,0.007415566159478617,0.00019791408616433618,18.206554763032834
543,0.01663102202311601,0.012804929206821422,0.0035456317008169622,0.0002804611154776271,18.185200807796406
544,0.029368769787205203,0.021477610050693242,0.007820338190957992,7.082154555396811e-05,18.165980765954988
545,0.046947219329230724,0.030329111521066196,0.016245775290630055,0.00037233251753447796,18.148679513605117
546,0.04569743826451889,0.029746010971929467,0.015643498963714954,0.00030792832887447383,18.1331039695487
547,0.047803509976837126,0.033014583963774054,0.014717167007037981,7.175900602509168e-05,18.1122737764115
548,0.03989951159234232,0.028706682890819096,0.011107404736877905,8.542396464531843e-05,18.093524849081316
549,0.031362860818376234,0.02402532102165533,0.007267873156317007,6.966664040390019e-05,18.076647439403814
550,0.04856953749989962,0.03419480217632369,0.014340893819354291,3.384150422163944e-05,18.06145327728978
551,0.03823533156520429,0.02675675381906107,0.011373578865270309,0.00010499888087291106,18.047773307634
552,0.0215530642930111,0.01706445628566016,0.004362556464458613,0.00012605154289232343,18.029911034963927
553,0.035080631196043904,0.02755842734410596,0.007436187860413552,8.601599152439375e-05,18.013831182467374
554,0.03120695164474718,0.022428721258207072,0.008597920195726968,0.0001803101908131403,17.999354563007262
555,0.030571171885818687,0.02129925690223867,0.009036390824513336,0.00023552415906667973,17.974782769206332
556,0.031211876179805507,0.02368222160860177,0.0075083781943048105,2.1276376898926552e-05,17.952670924549817
557,0.03821226889560352,0.02887435472597469,0.00909825162678257,0.00023966254284626398,17.932770231492714
558,0.03306445507759511,0.025222500457568357,0.007591332038743198,0.000250622581283556,17.914857532649055
559,0.05240104670923938,0.035233503960134645,0.017086578090749344,8.096465835539461e-05,17.898732579103598
560,0.028019981451764504,0.020387377050721207,0.007375366890485503,0.0002572375105577953,17.880634935311505
561,0.03575603793308966,0.027364278295690356,0.00820745405062333,0.0001843055867759699,17.86434373521957
562,0.019581505984141708,0.013594013104996375,0.005901291557566783,8.620132157854854e-05,17.84967729316138
563,0.05623089053782962,0.03898279773324625,0.01702764137188512,0.00022045143269824752,17.836472456639036
564,0.052211553657909554,0.03577486190711919,0.016376708503863555,5.9983246926813494e-05,17.82458266700986
565,0.03303771110187154,0.02229228147962081,0.010532460101319599,0.00021296952093113113,17.813876232164095
566,0.02724164907883197,0.01838270693717608,0.008672218190314206,0.00018672395134168484,17.804234786371048
567,0.03104944980962398,0.02573368878924454,0.005281879963460321,3.3881056919118754e-05,17.795551915667946
568,0.03856862941236486,0.028614334597310675,0.009867540216809476,8.675459824470347e-05,17.784044153979153
569,0.03590563644469809,0.023486802236238946,0.012338937759220759,7.989644923838836e-05,17.766748989287034
570,0.02349915860007884,0.018667750442966195,0.004814581602299062,1.6826554813582522e-05,17.748462360011867
571,0.027640226247414634,0.01791152755958273,0.009588882583392078,0.00013981610443982424,17.71901045304547
572,0.034151299203758,0.024606867597601483,0.00944386168764337,0.00010056991851314367,17.678191960985895
573,0.040007019947719255,0.028510497172120373,0.011456268451951253,4.0254323647628125e-05,17.641493687867207
574,0.026634318370329105,0.018309903826778072,0.00826102324830319,6.339129524784434e-05,17.59966826758925
575,0.025090143086336284,0.018135289850667168,0.006941170678014292,1.36825576548238e-05,17.562067224255696
576,0.029305236221633297,0.0233290306991057,0.005815457427904615,0.00016074809462298347,17.52825639525915
577,0.045146038349305945,0.03266823568457524,0.012422697517904077,5.5105146826628995e-05,17.497847650784987
578,0.036449488140865204,0.02658498408037517,0.009797706343165884,6.679771732414349e-05,17.47049375044499
579,0.03265589387149665,0.02350058140321752,0.009090776456037758,6.453601224136823e-05,17.437194000534365
580,0.04423848853939725,0.03161965629212236,0.012564126715111404,5.470553216348853e-05,17.39840555628655
581,0.03202573322433943,0.023039734057471336,0.008902303059947539,8.369610692055712e-05,17.36353019475739
582,0.02888516078788804,0.020472953375310646,0.008287866861914461,0.00012434055066293272,17.3321666282514
583,0.046893420124990606,0.03190353668188288,0.014858867901193144,0.00013101554191458282,17.303955949822345
584,0.02335881791957036,0.016358950843782576,0.006918839511795469,8.102756399231727e-05,17.272214438354073
585,0.022921279475551976,0.016212091401897236,0.006584916347084426,0.00012427172657031172,17.24366465300538
586,0.02580858917547162,0.019147194026583048,0.006609708857206673,5.1686291681899736e-05,17.20793448315939
587,0.041799858499574266,0.030338030540718618,0.011270044171310773,0.00019178378754487415,17.1758044801359
588,0.02662922558739805,0.01924140191224966,0.0073237384689353625,6.408520621302897e-05,17.14690629306359
589,0.02955277762218807,0.021103154569989853,0.008304034088973462,0.0001455889632247553,17.120910313382346
590,0.03976631959883435,0.027905463252799186,0.011811362060437099,4.949428559806703e-05,17.092444271875845
591,0.03031649575887928,0.02027872306475836,0.009927184614689223,0.00011058807943169656,17.0668366255959
592,0.027580020471616333,0.018949426939190817,0.008592672004413635,3.792152801188145e-05,17.043796775881233
593,0.013757839840790617,0.011103992662080802,0.0025718626356991386,8.198454301067617e-05,17.023064342015644
594,0.025299227871767593,0.01965103948690108,0.00562383019154312,2.4358193323389177e-05,17.00440589300345
595,0.024661218123069824,0.017642544516800123,0.0069107813113217665,0.00010789229494793224,16.987612055996504
596,0.04613661426802259,0.03273339584750468,0.013322436444234939,8.078197628296408e-05,16.97249495382136
597,0.03455529711912237,0.028279442533916243,0.006144954127586082,0.00013090045762005205,16.958885930766137
598,0.05185283121617081,0.03710271978053809,0.014674227511956777,7.58839236759482e-05,16.946633531436735
599,0.024547330632982176,0.018722302991410866,0.005595244649337521,0.00022978299223379064,16.93560170226647
600,0.03543981155578001,0.023120430528393226,0.012170103064101734,0.0001492779632850478,16.925668189311473
601,0.04031713374987657,0.027661702093999013,0.012415952130983135,0.0002394795248944187,16.91672310940921
602,0.02528134908668152,0.019206834195658457,0.005948073008464133,0.0001264418825589302,16.905201000415133
603,0.03907538653793474,0.02592319759012291,0.012729974721215861,0.00042221422659596873,16.894826358478216
604,0.04351199341449745,0.028747235227861715,0.014332367055545765,0.0004323911310899706,16.88548432281484
605,0.035030829938478045,0.02603930382715116,0.008252275706287369,0.0007392504050395102,16.87707164150944
606,0.03188647934800342,0.021717398700557063,0.009654807181986403,0.000514273465459952,16.864809386187567
607,0.03538731089465578,0.02476726351042617,0.010057021192553636,0.0005630261916759712,16.8459682103159
608,0.039992541561253266,0.03013698330535665,0.009811251474512403,4.4306781384212887e-05,16.829010543892903
609,0.03787419444648612,0.027127051777141135,0.01035887047814207,0.00038827219120291336,16.80678892996811
610,0.025924518644368816,0.018480948586728576,0.007379582455460303,6.398760217993487e-05,16.77578613870783
611,0.03668060899232056,0.02358271443314254,0.012883818744637813,0.00021407581454020667,16.747902051610197
612,0.032878491607553594,0.023458244915728645,0.009285391652836135,0.00013485503898881445,16.722818618951738
613,0.045770987078385915,0.03284260425861665,0.012746815178573604,0.00018156764119566117,16.700251041469564
614,0.04334772559042683,0.029281566306096535,0.013992757565135575,7.340171919471902e-05,16.676878035681792
615,0.037221711509105686,0.026265751699415654,0.010776150462550661,0.00017980934713937206,16.655847419585054
616,0.03108420342657318,0.020489741255928617,0.010243674818404578,0.0003507873522399861,16.63473179896551
617,0.03409712603409841,0.022832256522330643,0.010204363263678316,0.0010605062480894551,16.61113222752267
618,0.02941657320711803,0.02081162002148709,0.007298744549686212,0.0013062086359447275,16.589898219651943
619,0.032625452225029127,0.023444929389464794,0.007047723228607074,0.0021327996069572613,16.57079012809134
620,0.045677192371632494,0.030718272584627986,0.01092147761246679,0.004037442174537716,16.553593060782465
621,0.04968595274226483,0.02972512804140089,0.01471684041508083,0.005243984285783112,16.53811423433088
622,0.04741974326770737,0.026528051128356676,0.013838426676498252,0.00705326546285244,16.524180626899536
623,0.03905605124179734,0.02230590996275511,0.009612420102778031,0.007137721176264194,16.511636893688
624,0.03233586416883805,0.018248993563172746,0.007568471529884996,0.006518399075780301,16.500343513196924
625,0.03639695879842663,0.026268567075285725,0.008292407231511431,0.001835984491629469,16.490175136749432
626,0.03238216490634769,0.022198701231058,0.010076400563003749,0.00010706311228594259,16.481019117370316
627,0.03315861622959125,0.020408819451679463,0.01077059683209929,0.0019791999458124983,16.47277419721756
628,0.027648955664373493,0.018706543751097697,0.0060027588623645075,0.0029396530509112903,16.46534933540649
629,0.02271188270514887,0.015346728007056169,0.005636535437416576,0.0017286192606761237,16.45866266033735
630,0.02902302794558682,0.019917340081157912,0.008957496795273403,0.0001481910691555042,16.452640532591104
631,0.02484195256172165,0.017307939469805224,0.007018096606191601,0.0005159164857248246,16.44513190779054
632,0.0524408342856139,0.03242511048541026,0.01840461827508273,0.0016111055251209088,16.43836985853238
633,0.02791791390247202,0.019000906041242747,0.0077220707502023206,0.0011949371110269527,16.425242669535322
634,0.04027654580329734,0.026371368331631437,0.013646330973380041,0.00025884649828586317,16.41342458011391
635,0.0286480994031222,0.021277574619131986,0.007201658312151371,0.0001688664718388441,16.402784253864056
636,0.046416441080899,0.0330466320317081,0.012403829249471665,0.000965979799719232,16.393203680012324
637,0.03028196405565191,0.02051327116188249,0.009510976728299118,0.00025771616547030424,16.384576793296894
638,0.029014058677462193,0.02290287728627827,0.005913256037683802,0.0001979253535001203,16.376808242018587
639,0.036229725321317546,0.023698924802014094,0.01190515262106804,0.000625647898235409,16.3698122873948
640,0.03427630579212924,0.022569059179736062,0.011431347369663059,0.00027589924273011815,16.363511819440475
641,0.03158989622474575,0.020352571273866256,0.011164987250917361,7.233769996212683e-05,16.357837476402583
642,0.03976544630443813,0.024767378962643083,0.014838334539949207,0.00015973280184584135,16.346690917349004
643,0.0227294396117478,0.01677282268670315,0.005730377394595289,0.00022623953044936072,16.33665492990833
644,0.04449131622683828,0.02869380218258779,0.015719395018378622,7.811902587186544e-05,16.327618294503925
645,0.031358656835466917,0.022355859497841347,0.008957299038630575,4.549829899499634e-05,16.31948103780959
646,0.026614287631427185,0.018743814500529133,0.007733694678006382,0.00013677845289166988,16.31215327520242
647,0.041378324537514506,0.024631120347332593,0.016629214358375194,0.00011798983180671766,16.30555417616042
648,0.03498951537852063,0.021157549478372038,0.013767133533120294,6.483236702829914e-05,16.29554189849826
649,0.027580308116459826,0.017002709333141092,0.010485184732215373,9.24140511033614e-05,16.28652666489249
650,0.029361673370356757,0.01772254324529781,0.01159394268253726,4.518744252168773e-05,16.278408727412387
651,0.022082103758911464,0.016707201518292022,0.005306534183973687,6.836805664575245e-05,16.267481647685877
652,0.016451328430994422,0.011780523846116095,0.004640037871932689,3.0766712945638015e-05,16.257643279125702
653,0.024318446652227724,0.015628257542304496,0.00863551141462768,5.46776952955465e-05,16.24878459883143
654,0.02885937268274917,0.021240929277136042,0.007506677792283918,0.0001117656133292086,16.2408076057477
655,0.028510412924263137,0.020720810437508303,0.00743609497346619,0.00035350751328864453,16.233624186729372
656,0.03832497632609203,0.025570470122193704,0.012680133841143295,7.437236275502975e-05,16.22715510294004
657,0.023926956149304478,0.01451098292972688,0.009358214672200296,5.7758547377300575e-05,16.221329083137622
658,0.04632292868607938,0.02993744786538172,0.016092325058611696,0.00029315576208596066,16.216082012024728
659,0.04134264639049336,0.022479631640850026,0.018372699450326827,0.0004903152993165049,16.21135620324842
660,0.029942412018485076,0.022051953746242123,0.007453456455600614,0.00043700181664234084,16.207099747856414
661,0.027463951957742982,0.019199991622187232,0.00815938446238685,0.00010457587316890256,16.20326593008121
662,0.05261275639279953,0.03450170262894351,0.018058658168559245,5.239559529677157e-05,16.199812703253528
663,0.024625154609560218,0.016623403742375722,0.007909276146443576,9.2474720740919e-05,16.196702219460256
664,0.047812045583286535,0.030857335587233026,0.016689776603945432,0.00026493339210807503,16.193900407275844
665,0.030791918709819652,0.020512383683164152,0.010228777685522996,5.075734113250768e-05,16.191376592524147
666,0.0422548810976784,0.027502450452616987,0.01458275091569035,0.00016967972937105964,16.189103157580316
667,0.03126085750048758,0.021489775567075743,0.00937347286690361,0.0003976090665082198,16.187055235210693
668,0.021248296518065122,0.015574504280689138,0.005460370279573493,0.00021342195780249258,16.18521043337978
669,0.04124436392810346,0.025427915973265314,0.01569399281466844,0.00012245514016970003,16.18354858783578
670,0.027909118763818803,0.017006018183719787,0.010564384720260108,0.00033871585983890674,16.182051539624712
671,0.03933908762064607,0.0255150704244553,0.013217782171534107,0.0006062350246566646,16.17316175508898
672,0.0309509575612863,0.0195218616520349,0.011022165230366364,0.0004069306788850356,16.165156945773898
673,0.02964424079809461,0.01989479198564357,0.009481570479842294,0.0002678783326087474,16.156650092076635
674,0.044876489798777876,0.026764086595164896,0.017935103466313013,0.00017729973729997293,16.148989940886345
675,0.01629539582668229,0.011645885652505194,0.004190699766349534,0.000458810407827559,16.142091883744776
676,0.022107195757449617,0.015644198190526468,0.0058347104004142,0.0006282871665089475,16.13587983048367
677,0.04258977077801447,0.027048055020667722,0.015285134768912339,0.00025658098843440725,16.130285339602057
678,0.02531575201876974,0.01788087364628913,0.007246691454096747,0.00018818691838386415,16.1252468396723
679,0.042308820925550744,0.0315883766095392,0.010393013600016302,0.0003274307159952474,16.11666223257658
680,0.022086622301700266,0.015593754214019364,0.005841156381787529,0.0006517117058933747,16.10493691756329
681,0.03810650750647861,0.025531366003196863,0.012157106546441938,0.0004180349568398042,16.094343350272492
682,0.029019663373019804,0.019373751500338158,0.009276164513647284,0.00036974735903435994,16.08569851892337
683,0.017743067790210384,0.01331358795191913,0.004310211304966277,0.00011926853332497751,16.07791427718281
684,0.028078388719489034,0.016732950389940097,0.010731272347901229,0.0006141659816477069,16.07090460622356
685,0.02911538928146675,0.020158947066079447,0.008605199473342606,0.0003512427420446985,16.063027660586894
686,0.025243140285478402,0.018862686420908457,0.0061904525330605305,0.0001900013315094115,16.0537674678646
687,0.032254148898963775,0.023524907791029035,0.008559120510338554,0.00017012059759618673,16.045429470039387
688,0.044585990247171074,0.027327945534016136,0.016697009516772374,0.0005610351963825654,16.03792142835856
689,0.02736940929325614,0.019003626683864207,0.007875546816965931,0.0004902357924259997,16.03116040585156
690,0.036156569836475604,0.02385208063037484,0.01205951873006757,0.00024497047603319215,16.02507181496318
691,0.03902346195881536,0.026340574580631593,0.01256843288207331,0.00011445449611046135,16.01958856537755
692,0.023973835638718705,0.015599363859892083,0.007995819872428736,0.0003786519063978861,16.014650300996934
693,0.03782315194139893,0.0272764472044586,0.010257233446418842,0.0002894712905214884,16.010202716344576
694,0.03165306701448041,0.018384570978472296,0.013213325301133312,5.5170734874800764e-05,16.00499852880196
695,0.02661636398178399,0.019544316922099604,0.007035315643440003,3.673141624438507e-05,15.996151529688461
696,0.020170718733789828,0.013737243936584764,0.006223141031725288,0.00021033376547977787,15.985723450821798
697,0.051373442428592084,0.031037479396533604,0.019719146153326678,0.0006168168787318033,15.971815452271525
698,0.04206737226077898,0.02547931584598942,0.01578000842207628,0.0008080479927132879,15.958104026208229
699,0.029320749661404126,0.019251573320016247,0.009720032361270002,0.00034914398011788047,15.945761539259358
700,0.027933711911494057,0.021740773968549773,0.005917432378133748,0.0002755055648105364,15.93465042958492
701,0.057651302403747266,0.041796248409449295,0.015362566289189982,0.0004924877051079916,15.924647126696472
702,0.04044697317212862,0.02847224945320899,0.009420334890887668,0.002554388828031961,15.915640596802778
703,0.06058608914199984,0.03678384612312668,0.015817524681015875,0.007984718337857282,15.90753104527838
704,0.07775760286358088,0.0388666975826333,0.01577932352361332,0.023111581757334253,15.900228758206012
705,0.1199951917436767,0.04888181903278782,0.01867483984561547,0.05243853286527341,15.89365306720867
706,0.13306201541821594,0.03706090525535481,0.014851885174266676,0.08114922498859443,15.887731423735328
707,0.08947097926154923,0.03427843361208775,0.016306901589735728,0.03888564405972574,15.882478592573472
708,0.05635702842702375,0.03668329877642743,0.018764724686415893,0.0009090049641804252,15.877747867454737
709,0.08205915341848277,0.03495035787161768,0.01084501683328527,0.03626377871357982,15.873487224919277
710,0.04323392580549125,0.026455462024273235,0.011396697255697306,0.005381766525520707,15.869649849785754
711,0.06872060884246721,0.03788528587991693,0.01434077003081044,0.016494552931739844,15.866193609071697
712,0.053053503344936664,0.032919163873550615,0.009840067884859882,0.010294271586526169,15.863080579928852
713,0.0495940563429976,0.02925335221874749,0.007625261326443599,0.01271544279780651,15.860276625884095
714,0.06411954776668476,0.041795180996892625,0.016891155181984367,0.005433211587807773,15.857751016309926
715,0.028143069046460113,0.010724570539830464,0.007166492146228422,0.010252006360401225,15.8554760846065
716,0.03126188014342272,0.02319486526082039,0.005715351512660266,0.0023516633699420583,15.853426921069358
717,0.04505238543841515,0.027683476482937803,0.007068334455297189,0.01030057450018016,15.851581096851813
718,0.05492018905581346,0.04015308089098063,0.014440941260225333,0.0003261669046074975,15.849918415816063
719,0.06252438356851756,0.03963116815831302,0.014811955355597699,0.008081260054606847,15.848420691408357
720,0.04183575572656624,0.032223026687701724,0.00840799345423605,0.001204735584628466,15.847071545996569
721,0.05349479280206466,0.034753795880589855,0.014986942772438212,0.0037540541490365884,15.841631232936628
722,0.04482954870031429,0.030249121529456517,0.011572351329173268,0.0030080758416845036,15.836731784165659
723,0.07271408055163528,0.05392913786727189,0.017906485558981493,0.0008784571253818973,15.832319289429893
724,0.05563007680271167,0.0356612152731396,0.017023905826493387,0.0029449557030786864,15.82834523841256
725,0.04737606872922572,0.03229336857802966,0.014248554060028479,0.0008341460911675794,15.822477383441175
726,0.03993024706322034,0.026164004771384787,0.01162570522674399,0.00214053706509156,15.817193055143202
727,0.04159818506345539,0.0298962996527319,0.010377224679930809,0.001324660730792679,15.812434062998559
728,0.02890569213849794,0.019163031601065566,0.009259426810122477,0.00048323372730989695,15.808148050242115
729,0.04375564781316956,0.028910905617236814,0.012756877938139571,0.0020878642577931753,15.804287903171344
730,0.04034736545105007,0.026581475477851144,0.013611709550554225,0.00015418042264470257,15.800811221362473
731,0.030374774575363504,0.021067547716452896,0.008085740444951544,0.0012214864139590668,15.797679842309943
732,0.03700068419547693,0.023298773340921477,0.012630778965805363,0.0010711318887500927,15.794859414732258
733,0.028058078579179416,0.02068234693444373,0.0071415949070299046,0.00023413673770578182,15.792319015426582
734,0.04420242599145704,0.030895142673493938,0.012440389609953167,0.0008668937080099279,15.790030805117713
735,0.021658401470756167,0.014053885805927743,0.007557406878277745,4.710878655067986e-05,15.785306586063852
736,0.037058825075530315,0.023667999408908624,0.012915895949836713,0.000474929716784976,15.781051914028959
737,0.04770136752409247,0.03213289905613215,0.01522849351676758,0.00033997495119273953,15.777220015394429
738,0.046458308513730034,0.03176693229182171,0.014394033594757992,0.000297342627150329,15.773768795873039
739,0.03141395737341146,0.022693916089958622,0.008186502051679624,0.0005335392317732124,15.7706603685852
740,0.05537726600275821,0.042676733658358224,0.01250383501437418,0.00019669733002580496,15.765305090490559
741,0.0395171005182225,0.026279035045122252,0.01288799791486088,0.0003500675582393648,15.76048228761495
742,0.02879148570298682,0.01889068307938318,0.009823542159756766,7.726046384687263e-05,15.756138880739218
743,0.047748569362696565,0.031007354052350507,0.016449422377154355,0.0002917929331917061,15.752227107588192
744,0.04658034040684913,0.03643588224663463,0.01009565582450699,4.880233570750722e-05,15.748703985347005
745,0.046194665929124405,0.03165558304113528,0.014206366734163018,0.00033271615382610706,15.745530828430077
746,0.028022691413637404,0.0212258607064805,0.006754355481579885,4.2475225577023385e-05,15.742672815651515
747,0.034473649505624,0.023339040727871428,0.010800303872666341,0.00033430490508623226,15.740098601596733
748,0.03489509300044157,0.02488193075711162,0.009884201883784307,0.00012896035954564652,15.73777996756818
749,0.03037295348269399,0.024825523285913132,0.005410520572837333,0.00013690962394352803,15.7356915079834
750,0.06750738721551414,0.04353890270672262,0.023750717695940112,0.00021776681285141225,15.733810348549914
751,0.039879147994549224,0.027088186875981732,0.01257669524446476,0.0002142658741027307,15.732115892936342
752,0.06744308872101501,0.039528400768974806,0.02752315662769271,0.00039153132434749735,15.730589595009148
753,0.037242713184115005,0.02538730737033555,0.011764780314193101,9.062549958635496e-05,15.729214754014976
754,0.04235662517456183,0.02859647633453987,0.013136608979090527,0.000623539860931434,15.727976330364443
755,0.04588159283509776,0.03016625587968627,0.01568830420777767,2.7032747633816975e-05,15.726860779918868
756,0.04961869944725404,0.03168267144092922,0.017749263311166927,0.00018676469515789798,15.725855904900069
757,0.035704045435425665,0.02241278738651192,0.013213511648877482,7.774640003626435e-05,15.724950719738361
758,0.04765855454357499,0.02976532912926961,0.017706250359994718,0.00018697505431066917,15.724135330347917
759,0.0339867875588196,0.018531120059624765,0.015423148861745116,3.25186374497231e-05,15.71645274153888
760,0.047041336499197485,0.03122751239084839,0.01564351686545141,0.00017030724289768156,15.709535124131843
761,0.052362311167920686,0.03341130904427757,0.018876761635021746,7.424048862136727e-05,15.697171441370001
762,0.04613872614425291,0.02785962653835249,0.01815350926610309,0.00012559033979732832,15.679543332496998
763,0.042552443763350455,0.030256615478445548,0.012170440032071975,0.0001253882528329357,15.66368010620929
764,0.04836536925285378,0.0323600952577381,0.015850337757908794,0.00015493623720688187,15.649403566791653
765,0.04656903961404047,0.03191485217565735,0.01453021991585454,0.00012396752252857778,15.636553793866883
766,0.039604950763023526,0.02575720710084744,0.013692917049111656,0.00015482661306442694,15.624987214942452
767,0.033766838845534594,0.024611380354770115,0.009012112797779758,0.00014334569298472233,15.614574891106717
768,0.02731747700086137,0.019634939087529207,0.0075938049433799445,8.873296995222024e-05,15.6052009905107
769,0.02658687356350136,0.020657066838116606,0.005853180979421984,7.662574596277097e-05,15.592007318255144
770,0.03316027554341662,0.021557191640437033,0.011533222177363042,6.986172561654352e-05,15.580131495816099
771,0.043726569593374766,0.02943909194112149,0.014188126055674004,9.935159657927302e-05,15.569441046197262
772,0.029408369240377475,0.021562163360148674,0.007802565311997907,4.3640568230892436e-05,15.559816969258971
773,0.03972067105971667,0.026367871576660016,0.01316533365768798,0.00018746582536867488,15.551152340707324
774,0.024453547610422982,0.014289969631690531,0.010135269105328519,2.8308873403930133e-05,15.543351062320056
775,0.04177575997378265,0.023026429017730117,0.018631303868997563,0.00011802708705496872,15.536326746058744
776,0.02573260316414097,0.01589283357952647,0.009801053166837666,3.871641777683666e-05,15.530001716889652
777,0.04169074398199701,0.02838262371834964,0.013273604066997586,3.451619664978648e-05,15.524306121005349
778,0.05688066017970909,0.034698050849011106,0.022066622784078442,0.00011598654661954188,15.519253656515524
779,0.0362060287089968,0.02237306918773612,0.013778119045216792,5.4840476043886714e-05,15.51470364035722
780,0.04280685349512991,0.02818305378595074,0.014582427088326714,4.137262085245186e-05,15.509373267714391
781,0.05204832067262148,0.029941653853956435,0.02204255872108624,6.41080975788081e-05,15.502203704016168
782,0.04225285285409321,0.029392326248964186,0.012735459728113135,0.00012506687701588774,15.494471361834385
783,0.05897691584132166,0.03966007528922277,0.019243412806418426,7.342774568046812e-05,15.487509140866267
784,0.03122595567026128,0.020617679649693403,0.010547726845940603,6.054917462727275e-05,15.481240049101352
785,0.027540087338311987,0.019327938410905205,0.008139311831315508,7.28370960912743e-05,15.47460777015107
786,0.028513747633736576,0.019070086142692174,0.0094180172090677,2.5644281976704807e-05,15.464683954354504
787,0.03472710433804782,0.02379380602754647,0.010873226105978849,6.00722045225039e-05,15.455749763276238
788,0.03541592752957451,0.023620501271330512,0.011701442595088884,9.398366315510959e-05,15.44770602917533
789,0.033050309775246485,0.024197341596419,0.008777475571716147,7.549260711133983e-05,15.440463612642494
790,0.03620535776575368,0.022497409135788158,0.013636382989603974,7.156564036155271e-05,15.433942371341875
791,0.030367100079910763,0.01837871538439012,0.01189846371403298,8.992098148766139e-05,15.428070238007049
792,0.0344105408657588,0.021187065114388795,0.013132460539572371,9.101521179763548e-05,15.42278239552523
793,0.04347772157008869,0.029754902733086144,0.013593028681430433,0.0001297901555721057,15.418020538404926
794,0.06282809654436762,0.036608697797230846,0.026104754950435596,0.00011464379670117291,15.410296052126155
795,0.02637517056639316,0.018331057070699708,0.007960641385454832,8.34721102386216e-05,15.399384312533769
796,0.046110321291637314,0.029254421296059294,0.016767600813388895,8.829918218912411e-05,15.389561406584749
797,0.05463104729808536,0.035984570332700194,0.018560284025788357,8.619293959680645e-05,15.380718100625575
798,0.030245751944290536,0.020218558802100623,0.009961518139701173,6.567500248874056e-05,15.372756230055467
799,0.045498998454431915,0.0297194643519431,0.01567089175371831,0.00010864234877050203,15.365587556843373
800,0.03956247832631694,0.02724207424418412,0.01217640846486264,0.0001439956172701822,15.358322961125085
801,0.06640175962261449,0.04605703400707711,0.020228050634141216,0.0001166749813961629,15.351781827734348
802,0.023258940397833026,0.01813562517834544,0.005042989184831304,8.03260346562783e-05,15.345891850723577
803,0.03575831373357947,0.025625517270285857,0.009965047366042335,0.0001677490972512808,15.332785080713004
804,0.06148195029990675,0.039126072901107756,0.022164134781560294,0.00019174261723870428,15.320987885090231
805,0.050863806342130606,0.03452230978111571,0.016115557816647228,0.00022593874436766328,15.310368569047466
806,0.044876237868716605,0.029557225195777175,0.015052505319398037,0.00026650735354139644,15.300808841712684
807,0.016550984338522378,0.01076792778153145,0.005633379471738801,0.0001496770852521245,15.289600859526578
808,0.05590623368580082,0.03464926841835393,0.021037679190238245,0.00021928607720863888,15.277866797957325
809,0.04093768277788895,0.02758329212671801,0.013198756560086981,0.00015563409108396015,15.26730432351897
810,0.03326039062321064,0.021486047217843255,0.011513397875371052,0.0002609455299963306,15.25779577783497
811,0.04539798894030051,0.029114181560149364,0.016156698095892454,0.00012710928425869339,15.250127918123928
812,0.033998897286303384,0.022867322438610012,0.010876528410512567,0.0002550464371808096,15.243223931575331
813,0.06195196690786024,0.03879051889941276,0.023094103645303555,6.734436314393021e-05,15.237007430927083
814,0.024939075839271636,0.015579415472148842,0.009266580936297975,9.307943082481862e-05,15.231409722693039
815,0.04107024457662049,0.027903140983270357,0.01308939003834263,7.771355500750769e-05,15.22636902185124
816,0.04195804640598674,0.03088735695410885,0.010961696862576514,0.00010899258930137966,15.220268992577363
817,0.03348833667059606,0.023968855220913302,0.009413412333108797,0.0001060691165739617,15.214776136266545
818,0.0445645085981111,0.03104462809557477,0.0134440491294173,7.583137311902644e-05,15.209829833963449
819,0.03664673688403741,0.02275149793750552,0.013837991117875629,5.7247828656266065e-05,15.205375553647356
820,0.026537866831604414,0.020378733580688008,0.0061211701358182624,3.796311509814585e-05,15.201364232436505
821,0.0355471580787391,0.020969496475975354,0.014516847264775982,6.0814337987763114e-05,15.197751722733276
822,0.04732351533758855,0.030934501483055384,0.016320351775490162,6.866207904300626e-05,15.194498295462145
823,0.057025756086016274,0.03868053248230992,0.01822678664326664,0.00011843696043971353,15.19156819432799
824,0.033533237639308364,0.02388685140560073,0.009578015471183303,6.837076252433196e-05,15.188929235702464
825,0.027295071584506933,0.021266536826156937,0.005993839431952749,3.469532639724789e-05,15.186552449344164
826,0.03706329778049736,0.025465238766602453,0.011477421424745704,0.00012063758914920546,15.184411755684833
827,0.04193353046473865,0.026971842841197226,0.014733387522235136,0.00022830010130628548,15.182483675878386
828,0.02556237604920793,0.019042484763543397,0.006473666521774454,4.622476389008021e-05,15.180747071220429
829,0.033282667124757005,0.024030421755051164,0.009170588363806718,8.165700589912243e-05,15.179182908909263
830,0.05113480612688901,0.032602792972809984,0.018437270240696073,9.474291338295743e-05,15.177774051441942
831,0.05163466355692041,0.03392844250212813,0.017588209935884346,0.00011801111890793988,15.176505067225055
832,0.04541096352702391,0.02906435733954278,0.01620009903991768,0.00014650714756344997,15.175362060234452
833,0.03139682259317219,0.018949277220560685,0.012316421268410559,0.00013112410420094,15.172535523155117
834,0.0320281163891042,0.02260323620318855,0.009217752732089638,0.0002071274538260117,15.168607092312417
835,0.016297246654341763,0.012466011067510514,0.0037052742510098177,0.00012596133582143032,15.165069249608006
836,0.047644542477013094,0.03292688009192744,0.014375979864294305,0.0003416825207913529,15.161883084795583
837,0.027858675131056918,0.017515059062461244,0.010158949179324816,0.00018466688927085828,15.159013578298497
838,0.018917587230029415,0.012348853598153943,0.00648564701325553,8.30866186199428e-05,15.15273727212394
839,0.046552235329580714,0.031485888071097784,0.014717550487188103,0.00034879677129482403,15.147085842647092
840,0.04527806835003191,0.027943040115769657,0.01686230122136395,0.00047272701289830004,15.139755122353568
841,0.06390885357308665,0.03789027846074203,0.02593204867277765,8.652643956696534e-05,15.133154705281138
842,0.04475172706730334,0.0276357290071368,0.016473605152145982,0.0006423929080205613,15.127211569645647
843,0.08255257432058974,0.04787855965581236,0.0345886514455948,8.536321918257525e-05,15.121860045708843
844,0.03940331331982693,0.02441693219866627,0.014193417889976044,0.0007929632311846145,15.110289567410545
845,0.04915929119270418,0.03246413030796682,0.01659086832103141,0.00010429256370594652,15.099874579809793
846,0.02514084311841788,0.017204320277744073,0.00709374336905202,0.0008427794716217868,15.090499018882062
847,0.043073645485920194,0.030776695301933752,0.012126522874988856,0.0001704273089975853,15.080545828371976
848,0.06516867776931425,0.04139137783763533,0.02309409834410277,0.0006832015875761551,15.065715797653214
849,0.03405103182520952,0.023310649507651576,0.010691127672372897,4.9254645185051726e-05,15.050848768880462
850,0.03896892279576601,0.02406262578527,0.014119657372880325,0.0007866396376156868,15.037469307554211
851,0.04427241303946093,0.025941561194318973,0.018121437991750745,0.0002094138533912098,15.025427457277276
852,0.028214431960003658,0.019727730308329677,0.008194026491713566,0.0002926751599604143,15.014588588584052
853,0.049257227300065466,0.031899379245511034,0.01705316522539525,0.0003046828291591785,15.004831792866641
854,0.04004414128886641,0.027259190312182678,0.012686039800110627,9.891117657310144e-05,14.996200595505401
855,0.035775330792298506,0.024692834768995812,0.010842322004582267,0.00024017401872043203,14.988430003579344
856,0.04756227715092971,0.03234841873124381,0.015163360327166623,5.049809251928144e-05,14.981433832165449
857,0.03392284088474631,0.02215840828256774,0.011604248520150313,0.00016018408202825627,14.975134598368077
858,0.052583661301617075,0.033913961092110124,0.018487215358613834,0.00018248485089311815,14.969462629281411
859,0.03159569158123519,0.02292115551890155,0.00862517226547901,4.9363796854625214e-05,14.964355263902595
860,0.02715282047305352,0.016698606511881573,0.010251357122877157,0.00020285683829478828,14.959756138636518
861,0.023514154152485645,0.015885562330873546,0.007548096117103105,8.049570450899322e-05,14.955614547259428
862,0.030615569939444694,0.017426132905029652,0.01300677650349509,0.00018266053091995103,14.951884867274885
863,0.04484400790324879,0.026949460158788702,0.017590236268745486,0.0003043114757145984,14.948526045525398
864,0.03697840704907327,0.023707004124761236,0.013208435276488496,6.296764782353425e-05,14.945501136735874
865,0.0658162372956041,0.04108175828236054,0.02462793591175139,0.00010654310149216507,14.940689621778827
866,0.045010145162153244,0.027738973163566293,0.017104526166419543,0.0001666458321674028,14.936356843639288
867,0.036583645284415746,0.026783891888653648,0.009712119457791338,8.763393797076172e-05,14.93245505286455
868,0.07116004327532831,0.043000317410510844,0.02802741653307751,0.0001323093317399481,14.930784858973908
869,0.03692711323081135,0.02328845177799172,0.013581642121500948,5.7019331318681696e-05,14.929280548704668
870,0.03729085046139331,0.022848337385514884,0.014322406902730513,0.00012010617314791691,14.92792563304985
871,0.04922512563925734,0.031758180374345635,0.01741237976641003,5.4565498501674175e-05,14.926705264636881
872,0.034565335791514024,0.021974237472372087,0.012570045647302044,2.1052671839896654e-05,14.925606073788238
873,0.028946826294363688,0.021226130314498805,0.007655107878188224,6.558810167665823e-05,14.924616021048438
874,0.029210210422089322,0.02317665098439474,0.005964571318547601,6.898811914698308e-05,14.92372426450557
875,0.042697349710411836,0.025559525247161614,0.017012428645636495,0.00012539581761373013,14.92030709291962
876,0.029296020136903692,0.01835553804215939,0.010845857967989323,9.46241267549795e-05,14.917229670684298
877,0.03819220876678441,0.0278632173191257,0.010235132154016998,9.385929364171545e-05,14.914458160353307
878,0.05238154823409464,0.035547482130043266,0.016645616709211705,0.00018844939483966992,14.911962105645868
879,0.020691872273376016,0.013627273903328014,0.00692286036397596,0.000141738006072041,14.909714091479477
880,0.05219492562120842,0.0349578917761737,0.01714690191653713,9.013192849758831e-05,14.907689438583182
881,0.0575440518760699,0.03673292113946899,0.020037066722780047,0.0007740640138208708,14.90413263291291
882,0.047849250877210876,0.031361835213013375,0.0162780399790884,0.0002093756851090981,14.900929500541624
883,0.05082359742777537,0.030301529983725293,0.01997097366971502,0.000551093774335058,14.898044810556435
884,0.04089383552220175,0.02344781219394225,0.016895117089388564,0.0005509062388709351,14.895446853611071
885,0.058065968214594185,0.0342589394187454,0.02335886811443173,0.0004481606814170498,14.890583723301152
886,0.025407058934116142,0.018940259797758607,0.00640574452954567,6.105460681186705e-05,14.88620453798666
887,0.03375091380953335,0.017966542846075583,0.015235099069729956,0.0005492718937278084,14.88226101972943
888,0.038564275478597004,0.026896588466141916,0.011241107820544766,0.0004265791919103238,14.878709729416151
889,0.05340823043622067,0.031237012134694955,0.021811675913503192,0.0003595423880225193,14.875511577483591
890,0.027030020254659157,0.01781947749700529,0.008315908571266907,0.0008946341863869589,14.87263138492302
891,0.04055637526934087,0.02374368161622238,0.015947024403674587,0.0008656692494439048,14.87003748924646
892,0.026238100890849398,0.015976828006037457,0.010011941817169584,0.0002493310676423591,14.867701390687499
893,0.043125534322414824,0.029454225659568265,0.013439420140256968,0.00023188852258958743,14.865597434428944
894,0.03755682831180339,0.027147285336279484,0.009816721825722637,0.0005928211498012684,14.862328879870311
895,0.02516961944817782,0.018978418447141005,0.006144383437985485,4.681756305132986e-05,14.859385306533373
896,0.028873451516822052,0.021163956048897037,0.007395367103844333,0.00031412836408068194,14.856734349213795
897,0.04039716070047096,0.0247023132015592,0.015528905569393842,0.00016594192951791434,14.854346876201312
898,0.04466213906680752,0.031515782140287656,0.013068798732575911,7.755819394395639e-05,14.852196664295352
899,0.028214902202659018,0.016309787801413754,0.011826675313721138,7.843908752412472e-05,14.850260106848989
900,0.06953353775340285,0.04438666227875865,0.024940453428719856,0.00020642204592435077,14.84851595141592
901,0.03102066040557155,0.02017651813031113,0.010641344218268015,0.00020279805699240287,14.846945063943307
902,0.03251519676955959,0.021107760592610797,0.011339026350870992,6.840982607779986e-05,14.8455302167792
903,0.034252596433049266,0.021827872856767305,0.012262499568969546,0.0001622240073124189,14.844255898052818
904,0.04673894658564558,0.02852722163485874,0.017872833328102758,0.00033889162268408227,14.8431081402431
905,0.04341678845831666,0.027037827698096994,0.01612153578406682,0.0002574249761528418,14.842074365979833
906,0.02844281382019812,0.017750884641954866,0.010570023343874248,0.0001219058343690057,14.843491446048096
907,0.022013771239835063,0.014235547187340986,0.007494322079095732,0.0002839019733983427,14.844768004408754
908,0.033981377356731644,0.020014258035955825,0.013606735153483642,0.00036038416729217984,14.845917964587434
909,0.051691022676180934,0.03369671786269999,0.01789258533878801,0.0001017194746929367,14.845198289691263
910,0.04929817132302622,0.029045444837659393,0.01976100646794589,0.0004917200174209349,14.844550069602313
911,0.029490718609609085,0.022237136023247436,0.006749945308707857,0.0005036372776537906,14.84396620740234
912,0.035536313181403975,0.02261393323252198,0.012776955062974174,0.0001454248859078218,14.841248350850787
913,0.055237234972326466,0.033392755237326335,0.021722353113775805,0.00012212662122432542,14.838800661147248
914,0.041314538695574145,0.026212623223873265,0.01490626401169741,0.00019565146000347195,14.836596245683857
915,0.0368445393626352,0.019248737205125977,0.017287177549079824,0.0003086246084294015,14.830931509506138
916,0.049837616290820556,0.03103306490908164,0.01838658742389165,0.0004179639578472687,14.82583084510802
917,0.04424219315172794,0.026533934849152632,0.01755764056971846,0.00015061773285685167,14.821237921592052
918,0.051849423632496554,0.031436547576199556,0.02013082422347677,0.0002820518328202263,14.817102064469523
919,0.026817881554008084,0.015782764624980374,0.01088026764599203,0.00015484928303567908,14.813377681832224
920,0.04752049053655192,0.030190117056831268,0.017030783875672185,0.00029958960404846615,14.810023749836013
921,0.04695621429222687,0.028006319109609674,0.018755116786219665,0.00019477839639753418,14.807003351161143
922,0.051384871067819346,0.03452203727051097,0.016490892741424082,0.0003719410558842916,14.800277470479966
923,0.04011634882815694,0.029507070181739207,0.010463524959987421,0.00014575368643031101,14.794221766531978
924,0.04956116082081478,0.03148863925705022,0.01787010888595102,0.000202412677813534,14.788769231220812
925,0.03694466492290832,0.025039450623150245,0.01185634748326575,4.8866816492326626e-05,14.783859600059909
926,0.028679576058718473,0.020366985419907755,0.008185290697709499,0.00012729994110121715,14.779438665244292
927,0.036825378225520046,0.02512314176488889,0.011657887290013665,4.43491706174925e-05,14.775457660245236
928,0.036932842491665376,0.025610942650427466,0.011173341877325353,0.00014855796391255406,14.7718727081928
929,0.023590249567948078,0.01812626373391748,0.005297690694780562,0.00016629513925004003,14.764034908095784
930,0.019605306406006922,0.01160239406041867,0.007650675866493072,0.00035223647909518,14.75697861716312
931,0.04995685799702157,0.03162894179427943,0.017723706727377976,0.0006042094753641689,14.750945517871608
932,0.04198014315667912,0.02639752609488362,0.01534058475577339,0.0002420323060221062,14.743943525816158
933,0.03302545936816886,0.02037706057269826,0.012564723276687118,8.367551878347783e-05,14.735630845071231
934,0.029867878618185344,0.021886503154412176,0.007915675557857051,6.569990591611596e-05,14.724887826404231
935,0.04976715304949274,0.03141526774474846,0.0181613244071594,0.0001905608975848739,14.715217848138323
936,0.04808902431830196,0.030204251840306683,0.01755758631985026,0.00032718615814502153,14.706513138006992
937,0.028773571148417186,0.0164824581129418,0.012067018384396113,0.00022409465107927398,14.698676860413475
938,0.03338508056351312,0.022319476773889922,0.011021643775949604,4.396001367359684e-05,14.691621985421499
939,0.021859324143977135,0.01320166755212931,0.008623992663931646,3.366392791617659e-05,14.685270278660862
940,0.024576957747951853,0.016993050411822027,0.0075480887685273074,3.5818567602515534e-05,14.679551398493542
941,0.04656187025686997,0.0288629804301995,0.01754501504521899,0.00015387478145147758,14.674402088458363
942,0.03704478686707155,0.02192640503580875,0.014859052982733136,0.00025932884852966685,14.669765454457421
943,0.02465640276063269,0.015909906492537644,0.008659122890635886,8.737337745916102e-05,14.66473382909357
944,0.04536414021755029,0.030890145718112667,0.014434534012110095,3.9460487327523745e-05,14.660203134024183
945,0.05542016741091308,0.036635793246407644,0.018738307495332233,4.606666917321067e-05,14.65612336855083
946,0.05438846311784855,0.03685723635773517,0.017428172557803667,0.00010305420230971677,14.652449547513626
947,0.030301927100166298,0.02026073215936766,0.009913392533530446,0.0001278024072681911,14.64914119351881
948,0.0301504739907103,0.019823220997688955,0.010271042220505473,5.621077251587154e-05,14.64616188145079
949,0.02626534919167184,0.017746829027429478,0.008494312613372723,2.420755086963851e-05,14.643478829721307
950,0.03963924301481265,0.02302424960514704,0.016499537426036017,0.00011545598362958525,14.641062533326968
951,0.034431424938324316,0.022160314478233602,0.011907412847467103,0.0003636976126236046,14.639548418818535
952,0.025672503486853317,0.01976624321532674,0.005478096525470166,0.0004281637460564122,14.63818473914806
953,0.029608461568113927,0.019834586356925483,0.009600452738618113,0.00017342247257032804,14.636956536508544
954,0.05541516918019819,0.035721241349347954,0.019637439849622042,5.6487981228192594e-05,14.635850342551837
955,0.01462992982186225,0.011188427594498304,0.0034305375111263053,1.0964716237640954e-05,14.634854029652434
956,0.04428100446122475,0.028034476154893077,0.016069008982722968,0.0001775193236087081,14.633956677103576
957,0.045231105744766936,0.02652423181961963,0.01851372950481965,0.00019314442032765204,14.633862430884598
958,0.02367986261834357,0.013339944626536475,0.009987393578505189,0.00035252441330190637,14.633777540933623
959,0.03376082037658317,0.018160222162924632,0.015258599137486888,0.00034199907617165314,14.633701078401817
960,0.04601515950706255,0.029562095458303336,0.01586982689205768,0.0005832371567015353,14.633632206657198
961,0.016243708919743423,0.009955777234836483,0.005858397146571114,0.0004295345383358254,14.633570172128017
962,0.05191491637320347,0.03015357607855434,0.021719261273027195,4.2079021621936393e-05,14.63351429605561
963,0.030882807887305627,0.01986986270067099,0.010619112919548512,0.00039383226708612496,14.633463967066326
964,0.029894437530314368,0.01999995697372512,0.008920877939762787,0.0009736026168264578,14.633418634481183
965,0.06034104887740339,0.03771465443452515,0.021444486225258044,0.0011819082176201885,14.633377802289878
966,0.0437393051823083,0.02915010820541031,0.014152176727998208,0.00043702024889978136,14.633341023723206
967,0.04009637700830603,0.03038563079050681,0.009557404591690542,0.00015334162610868048,14.631914653588542
968,0.05224128306722,0.03229943096023266,0.01977565765151297,0.00016619445547437,14.63005832671239
969,0.02434017691686001,0.017393004455169926,0.006828239773128203,0.00011893268856188089,14.628386486737533
970,0.032546029242468376,0.021199052336484996,0.011133506445267703,0.00021347046071567202,14.626880781563322
971,0.03981881976514579,0.023624594092165593,0.016141737352123965,5.248832085623106e-05,14.62292396763246
972,0.0323369133996831,0.023218646802651965,0.008904263387879053,0.000214003209152079,14.619360884629462
973,0.04884665094919794,0.033074993063359884,0.015643682166480335,0.00012797571935772468,14.61615227321421
974,0.053985946113177245,0.034793626095732805,0.018761894507183387,0.0004304255102610567,14.613262803928922
975,0.024600194183373107,0.01604602374058187,0.008447878070602996,0.00010629237218823817,14.608445494699259
976,0.04171720233754911,0.02598046622623488,0.015444089008927398,0.0002926471023868281,14.60410779408439
977,0.04390039826119123,0.025892085922293685,0.01781436410509458,0.00019394823380296407,14.600201832909045
978,0.03524525285741521,0.022049594032452935,0.012888408248764825,0.00030725057619745077,14.593522443391402
979,0.029289697846265658,0.02264693192671516,0.006504624522760054,0.00013814139679044218,14.58750878981323
980,0.03514265477921561,0.02056450461321222,0.014075656559227646,0.0005024936067757398,14.574389524185339
981,0.031703730739558136,0.020648572711756474,0.010343443460699533,0.000711714567102128,14.562582831900789
982,0.04345866711430728,0.02439541040983519,0.017704900341565747,0.00135835636290634,14.551956493936382
983,0.06167488445252802,0.03391819422442857,0.026487853154246975,0.0012688370738524754,14.54239177957154
984,0.024923429923984053,0.016286727052068496,0.007589345226225789,0.001047357645689769,14.53274310001312
985,0.034981473408828394,0.019739531430821106,0.014290477489516047,0.000951464488491237,14.524057832523033
986,0.06494916593388995,0.04089846789924312,0.023854614661122,0.00019608337352484202,14.51080998527629
987,0.03593341647421424,0.023271843208837545,0.011840791397519184,0.0008207818678575057,14.49888775495243
988,0.06801533201840775,0.04268535966826024,0.022146542414623733,0.0031834299355237693,14.48815757780137
989,0.06220408580126484,0.033817240949111774,0.021094268354592917,0.007292576497560146,14.478499521048905
990,0.0535871997419044,0.0293381765663763,0.015499468064495288,0.008749555111032817,14.4677704341744
991,0.05308442626384149,0.030878186752864065,0.014751907537422436,0.0074543319735549856,14.458113376734573
992,0.03648452393176497,0.02151617529794218,0.010498287906710537,0.00447006072711225,14.449420629705644
993,0.0498148643432604,0.030132237938699496,0.01862462417839919,0.0010580022261617108,14.44159541204706
994,0.027393956374926053,0.021235478332835917,0.006117786556510202,4.069148557993145e-05,14.43455074853825
995,0.0464706937823057,0.028515569844761026,0.017198558181454097,0.000756565756090578,14.428208458817904
996,0.04531146011886629,0.02890885337383392,0.015199901821143768,0.001202704923888605,14.422498253911726
997,0.021320501987695254,0.012994746073225675,0.007237705173330089,0.001088050741139489,14.41735692821873
998,0.059825079871257736,0.03617901775786542,0.023257561271991776,0.000388500841400545,14.412727636380689
999,0.05309209745062755,0.030832064928932656,0.022158907765153123,0.00010112475654177107,14.408559245719616
1000,0.031986001656969625,0.020540960483385124,0.010635186729157628,0.000809854444426872,14.40480575602246
1001,0.049296024910392346,0.03269950504698919,0.015440156567307876,0.0011563632960952819,14.400444201206357
1002,0.03571478043742102,0.024547335750935408,0.010985879043866624,0.00018156564261898484,14.396516828228412
1003,0.04558524042225492,0.029783474128496003,0.015562250730400021,0.0002395155633588911,14.392980315942292
1004,0.022932378686698174,0.016264709063340488,0.005895181409829492,0.0007724882135281931,14.389795684534205
1005,0.0322422933053049,0.020925346229760333,0.010469911141713839,0.000847035933830724,14.386927856891045
1006,0.06753368047209565,0.038992528417160964,0.028321847131420035,0.00021930492351466359,14.384345264959078
1007,0.033899588372802644,0.020564571400497698,0.0130030484715285,0.0003319685007764518,14.382029542345947
1008,0.06844099481969189,0.04022321521255225,0.027357678517740215,0.0008601010893994164,14.379944068733295
1009,0.0383353351897527,0.024461338301996535,0.01286625442708826,0.0010077424606679086,14.378065923107293
1010,0.059116984425685706,0.03151161180385351,0.02732984605191069,0.0002755265699215019,14.376374471511657
1011,0.030047446349561798,0.021069212628937947,0.008871644491720947,0.00010658922890290503,14.374851137838744
1012,0.03632307999715406,0.02098548429863159,0.014927328520825777,0.00041026717769669993,14.373479197782162
1013,0.047969716715581104,0.031134828033123018,0.01634221779743609,0.0004926708850219987,14.372243593574707
1014,0.0343154451425463,0.02037270576992416,0.013699789508443284,0.00024294986417885565,14.371130767385782
1015,0.07840070696000769,0.04891060457879797,0.029398817981803556,9.128439940615184e-05,14.370128511475452
1016,0.03779643071825868,0.023757877976264434,0.013918497404795085,0.0001200553371991678,14.369225833400543
1017,0.040766000777809154,0.027993242095253293,0.01274914261479872,2.3616067757144993e-05,14.367891439803895
1018,0.02997219928975166,0.01994033954138785,0.009789157697983919,0.00024270205037989505,14.365276081508725
1019,0.031979003950522535,0.018378795668166723,0.012920001834697804,0.0006802064476580004,14.362920823259756
1020,0.036880814556413004,0.02249853093335765,0.01408452411024593,0.0002977595128094244,14.360799762342804
1021,0.041261629609985674,0.027208470060241283,0.013867274475121108,0.00018588507462328154,14.35675240938185
1022,0.032427738773072805,0.02193502760174495,0.010372012293664823,0.00012069887766303281,14.353107920395042
1023,0.06028088150035843,0.036649966212111355,0.02316853934582944,0.0004623759424176316,14.349826109399379
1024,0.05760768052101385,0.029653564831486408,0.027670308169433753,0.000283807520093687,14.346870815317612
1025,0.03850763014630878,0.02357614258803053,0.014878216700961632,5.327085731661908e-05,14.344209495767355
1026,0.05288039899891895,0.031847500536849906,0.020941181928306282,9.171653376276031e-05,14.339892766849934
1027,0.03559987887187059,0.021133687216488076,0.014412364839048309,5.3826816334210823e-05,14.334222208545738
1028,0.034325753891988275,0.02521291989104765,0.0090477704898081,6.506351113252656e-05,14.328040079203689
1029,0.024267335433533516,0.01549146010731314,0.008722369112984935,5.3506213235441124e-05,14.322474112327571
1030,0.037424696489066954,0.020812868205006173,0.01653778160712685,7.404667693392856e-05,14.317462694199746
1031,0.04105362817348371,0.028265501360266183,0.012721841462867225,6.628535035030449e-05,14.31295041048595
1032,0.038435193135542924,0.025970005118071397,0.012292030209225034,0.00017315780824649313,14.309554112718336
1033,0.03651727426079946,0.023397104708661014,0.012633702208749648,0.0004864673433888027,14.306495759538015
1034,0.04309602943551059,0.030511560769748952,0.012383599290688215,0.00020086937507341902,14.303741663671058
1035,0.029640094799993813,0.018877407205459537,0.01071819161877708,4.449597575719425e-05,14.30126150740507
1036,0.04989158234544439,0.027435277496345795,0.022197156513366432,0.0002591483357321631,14.295631996861543
1037,0.04894823253594664,0.030205527175980913,0.017958905592481696,0.0007837997674840387,14.28542296082057
1038,0.03738734905013137,0.02512372479732001,0.011838790120738685,0.0004248341320726771,14.276233949618362
1039,0.030128337923775967,0.019879911437987518,0.010099097391347074,0.0001493290944413737,14.267962494444005
1040,0.05829551727878324,0.036259634698992876,0.021769239530317196,0.0002666430494731667,14.260516525020089
1041,0.04695628080215702,0.02728547167523026,0.01956997988236142,0.00010082924456533982,14.253246866312368
1042,0.036983317737077574,0.021922094924376113,0.014931436554800259,0.00012978625790120105,14.243262865606017
1043,0.05003053941840701,0.03343937814669494,0.016379450400878588,0.0002117108708334853,14.234276307779075
1044,0.04366509001696688,0.03061359257274295,0.012755225044146438,0.00029627240007749553,14.226187012639633
1045,0.05025049134650737,0.034754733001488215,0.015235400748486509,0.0002603575965326454,14.218904962334603
1046,0.035311006156295906,0.021823717287810594,0.013421453461182951,6.583540730235845e-05,14.212349251544993
1047,0.023706477673679952,0.014037244183844309,0.009549183741589626,0.00012004974824601775,14.206447149667468
1048,0.0304670518453838,0.019412695509421603,0.010902504694346003,0.00015185164161619227,14.201133262384367
1049,0.028880886000833002,0.018853720057851873,0.00969440480465392,0.0003327611383272088,14.196348781558434
1050,0.05203605120002701,0.03421886130415627,0.01750740018029512,0.00030978971557561643,14.19204081371602
1051,0.04807215985901227,0.03144175038052497,0.016462348867260335,0.00016806061122695966,14.188161778533921
1052,0.0345464167304385,0.020951318552638987,0.013550048215970754,4.504996182876361e-05,14.184668869746657
1053,0.05809314235099144,0.03301680186050213,0.02484745103498799,0.0002288894555013161,14.181523571764517
1054,0.0401394370331911,0.025508337507318176,0.014268458349898976,0.00036264117597395543,14.17869122605649
1055,0.046301540516497076,0.027236194964797893,0.018832199862751288,0.0002331456889478965,14.176140642021362
1056,0.047724763138497245,0.031765631739403596,0.015833527097525727,0.00012560430156792382,14.17384374765799
1057,0.050350107715219763,0.03050457193162555,0.019716497319968947,0.00012903846362527144,14.171775275863025
1058,0.0475492947579418,0.03049204638614655,0.01694504095662164,0.00011220741517360924,14.169598747568617
1059,0.04727608937659143,0.02851899528722628,0.018366458814479982,0.0003906352748851704,14.16763865749171
1060,0.05904794765670859,0.03605361455175074,0.02254279207726213,0.00045154102769571114,14.165873457722906
1061,0.03016505001717927,0.019218761027623172,0.010750248789684282,0.00019604019987181647,14.164283750351611
1062,0.035098486072038235,0.019518146662960707,0.015353461809206537,0.00022687759987098812,14.162852072040893
1063,0.050347936798917546,0.0317938079969597,0.017976915587840078,0.0005772132141177648,14.161562700358237
1064,0.05344536614600504,0.029922925519133423,0.022757064610840833,0.0007653760160307827,14.160401479632906
1065,0.04637454307275208,0.02988996495476341,0.015828438190745378,0.0006561399272432894,14.159355664345105
1066,0.03477032252713992,0.020181175403601894,0.014139771658170215,0.0004493754653678128,14.158413778260758
1067,0.03743011359749737,0.025981959154604713,0.01132048701061351,0.00012766743227914475,14.154194097075692
1068,0.03715913034930855,0.025532097657120622,0.011262952311752212,0.0003640803804357213,14.150394564748769
1069,0.03514748744768974,0.021391524910807595,0.013321091183967092,0.0004348713529150491,14.146973252648861
1070,0.025229944380467113,0.017138260550490798,0.007545493575673246,0.0005461902543030713,14.14389243442461
1071,0.024609886342488545,0.014441851618289234,0.009305805092314417,0.0008622296318848946,14.141118161424114
1072,0.04875079957453205,0.026814105477568195,0.020789655300127007,0.0011470387968368486,14.136514388648724
1073,0.03883339863964735,0.024531746309719365,0.013636585534350371,0.0006650667955776087,14.132369124999778
1074,0.04110074840146598,0.023345063661598633,0.017559522141201846,0.0001961625986655001,14.128636592386364
1075,0.025934847409011048,0.016971132988558665,0.008895629758935264,6.808466151711824e-05,14.125275604751973
1076,0.037415733187341316,0.024906568849061523,0.012409023564995106,0.0001001407732846874,14.122249103380947
1077,0.0399895655312511,0.02255546611609267,0.017370028667651267,6.407074750716554e-05,14.114881342031667
1078,0.04373726420164837,0.02784675589225679,0.015625906933847217,0.00026460137554436367,14.108248617192329
1079,0.03473190226717518,0.022858033196306513,0.01124819262400951,0.0006256764468591577,14.10227730698555
1080,0.039856404240988304,0.029155570585556186,0.009460450369843595,0.0012403832855885243,14.096901218812482
1081,0.03485381942859818,0.02293793670379591,0.011122293553783337,0.0007935891710189343,14.092060829235823
1082,0.045736348041730185,0.029684739038416452,0.015798983504879658,0.0002526254984340807,14.08770260358616
1083,0.020894802062798083,0.012584473984396603,0.00819987741665226,0.0001104506617492186,14.0856166136206
1084,0.04848591565404162,0.028513230032101777,0.019894791908800176,7.789371313966696e-05,14.083738067347884
1085,0.05491879920260643,0.03474128655896089,0.02001040681641922,0.00016710582722632284,14.075546881119616
1086,0.023036130890434568,0.015392592092936105,0.007569744905286558,7.379389221190587e-05,14.06190716054165
1087,0.02968692372731689,0.015678695214486303,0.013649813934356079,0.00035841457847450955,14.049633457075876
1088,0.03226487604332561,0.017794902607699337,0.014330083460595144,0.00013988997503112916,14.038587957694096
1089,0.03476738859086915,0.023941321015721936,0.010504892522986023,0.000321175052161192,14.028646943033733
1090,0.0440404472559122,0.026537371337132746,0.017378871627240833,0.000124204291538623,14.019699310347479
1091,0.026370197453239614,0.01840784605078462,0.007766891826215911,0.0001954595762390819,14.011645257904012
1092,0.0625947202730268,0.03990884209522998,0.022509809199166553,0.00017606897863028096,14.00439511197615
1093,0.057502457528032014,0.03785871770240596,0.01910930243649254,0.0005344373891335145,13.997868279972057
1094,0.04967944187625094,0.031507793815864577,0.01740987473383849,0.0007617733265478757,13.991992315337876
1095,0.021935609429379523,0.016087337509537235,0.005480752739585989,0.00036751918025629894,13.986702081641596
1096,0.03105511435214341,0.019330120349381145,0.011082015149549868,0.0006429788532123956,13.979172095950863
1097,0.059573325713616454,0.03462276673806632,0.024836614619903618,0.00011394435564651452,13.97239348767326
1098,0.030375019219690755,0.01942831426353644,0.010581874132936762,0.0003648308232175546,13.966290972938149
1099,0.028956363635426353,0.020278852391061322,0.007828986159616627,0.0008485250847484012,13.958391255122347
1100,0.04246384416909077,0.026002650308004298,0.014973143754876569,0.0014880501062099097,13.951280000670064
1101,0.048952450329967444,0.033611395123847566,0.014370402801361858,0.0009706524047580242,13.944878174302543
1102,0.051581375094710454,0.03349728909029417,0.017922814439688652,0.00016127156472764038,13.935349561096599
1103,0.045368222745555076,0.02865558209954133,0.016542461138076843,0.0001701795079369047,13.926772959180482
1104,0.042373279696642764,0.02409888541258041,0.017645588553604624,0.0006288057304577266,13.919052757113707
1105,0.05515517605128239,0.031147144093647012,0.023347525436699306,0.0006605065209360697,13.912103039477069
1106,0.05523410891048068,0.0306915812775779,0.024354174973493518,0.000188352659409264,13.900324459348994
1107,0.029402275117922583,0.019063466260263666,0.010121675771896845,0.00021713308576207295,13.889724349010253
1108,0.0523666809689499,0.029572815187985223,0.021751035123669604,0.001042830657295067,13.88018404104175
1109,0.027993764083877833,0.01562803097149138,0.01048126292589812,0.0018844701864883316,13.871596960879197
1110,0.044240769817028555,0.02943296890976092,0.013373549687898272,0.0014342512193693644,13.86386736749302
1111,0.022746797233117136,0.015716328007202116,0.006595575924369888,0.00043489330154513207,13.856909230244483
1112,0.04354861107977029,0.024964765073289756,0.018414570218376246,0.00016927578810428648,13.850182771029242
1113,0.027139133056966407,0.019918719714732667,0.00658620233076338,0.0006342110114703582,13.844127240633952
1114,0.041477479618501206,0.02560787593062518,0.014925983723006863,0.0009436199648691644,13.838675469566576
1115,0.05369669994015598,0.032287769681530645,0.02105334218380763,0.00035558807481770406,13.83376705989904
1116,0.029053847346896172,0.020790358336429157,0.008228843367979414,3.464564248760106e-05,13.829347693749176
1117,0.032056094870367605,0.01751415723414088,0.01426165964311106,0.00028027799311566745,13.82536851404216
1118,0.04910366286886463,0.026454895526610234,0.022136436210603776,0.0005123311316506213,13.821785569688153
1119,0.030487191355416606,0.024925575848810826,0.005299717893866896,0.00026189761273888554,13.818559318224597
1120,0.026377550032174117,0.01887628897193726,0.007210064271197983,0.00029119678903887365,13.810804141228328
1121,0.029279009715239772,0.018039090366525946,0.011026250807085062,0.0002136685416287617,13.801065068348748
1122,0.04594610458373344,0.028702200221407334,0.017152977709596916,9.092665272919084e-05,13.788362982331169
1123,0.037806027537352925,0.02233211930996194,0.015364976146711918,0.00010893208067906496,13.776932632706513
1124,0.06223880664640463,0.037152955734599834,0.02504562155446649,4.0229357338308395e-05,13.767879797963689
1125,0.054276461066266726,0.03407493233337376,0.020070840628562268,0.0001306881043306986,13.759731301290975
1126,0.0353311882884397,0.02465250412022523,0.010633029088433525,4.565507978094278e-05,13.752396350804984
1127,0.03850410922009379,0.024072821098245076,0.014306446174172982,0.00012484194767573616,13.7457933553567
1128,0.022611826089105024,0.016049378953085707,0.006489660629086328,7.27865069329855e-05,13.73984897601746
1129,0.05051542790849882,0.02796459145640843,0.02240411023536789,0.0001467262167224985,13.734497278363984
1130,0.04172748967125346,0.024580309243123787,0.01699910315558671,0.00014807727254296488,13.729678974293838
1131,0.020744348165075907,0.010589903219969195,0.010097527846519367,5.691709858734193e-05,13.724548419579612
1132,0.02186488097788472,0.012516546019902756,0.00881481417496176,0.0005335207830202056,13.719929151335384
1133,0.030321315931760892,0.020275742830959637,0.009060861697820314,0.000984711402980941,13.71577007192132
1134,0.03513006979707703,0.021036511888395015,0.012407958791675238,0.0016855991170067733,13.712025217908339
1135,0.03590845269828551,0.025944375923699612,0.008484302763217138,0.0014797740113687637,13.708653238998236
1136,0.031351279258209956,0.022049017651255536,0.008995117651941796,0.0003071439550126256,13.705616930806878
1137,0.025493596980064953,0.018072386532841687,0.007208496269838455,0.00021271417738481227,13.70288281576047
1138,0.033279973921645,0.021204527104754744,0.011723792971408067,0.0003516538454821882,13.700420767002239
1139,0.04310778725483267,0.02548739551605196,0.01648772430481576,0.001132667433964943,13.69820367077518
1140,0.05468452120052345,0.03357607900172701,0.020344080663243825,0.000764361535552616,13.694244338175773
1141,0.03313433654158462,0.020775591939264825,0.011903403574448648,0.00045534102787113894,13.686886758578552
1142,0.030857772043576544,0.01876717080673941,0.011932011473285962,0.00015858976355117053,13.68026345337244
1143,0.023109375994678025,0.011245357171317551,0.011482145445734148,0.0003818733776263287,13.674300842721504
1144,0.056260894467331936,0.026499532799831513,0.028683298370662105,0.0010780632968383141,13.66893277691663
1145,0.0351522442415148,0.017874389672632968,0.016109204301685363,0.0011686502671964763,13.664099775354641
1146,0.04975151133935886,0.03387127026157437,0.014673405328493762,0.0012068357492907294,13.656397190652875
1147,0.04520361744036952,0.03320867311034247,0.011333876463410266,0.0006610678666167809,13.649463497456276
1148,0.03014387669832884,0.020321747506036488,0.009415187729238373,0.000406941463053977,13.643221612930807
1149,0.04218976607286831,0.023747669528315227,0.01835752111853235,8.457542602073737e-05,13.637602244421224
1150,0.05063470079497737,0.02764290000434579,0.022747508856450653,0.0002442919341809286,13.632543090379171
1151,0.019704297348236886,0.013776460495455091,0.005779374390615972,0.00014846246216582167,13.627988125461737
1152,0.038459155671657995,0.024249777470351286,0.013707593591748505,0.0005017846095582077,13.623886960525823
1153,0.040503456275300234,0.028276573166855515,0.011060290909933337,0.0011665921985113833,13.62019426933964
1154,0.058157304287901807,0.03867724029903627,0.018294564378247304,0.0011854996106182307,13.616869274786351
1155,0.05220397211674488,0.03316413092939835,0.01798935937123019,0.0010504818161163373,13.611836372119207
1156,0.030436192503439922,0.017469964275477826,0.012284345400833693,0.0006818828271284021,13.607305044159792
1157,0.049185859605514144,0.028361848539868104,0.020770107839141707,5.390322650432727e-05,13.603225163387158
1158,0.048837715954243556,0.02544795279618142,0.022759782552653054,0.0006299806054090799,13.586781633204879
1159,0.04020278312268414,0.023288467077621024,0.013434921278705743,0.003479394766357369,13.571988677442008
1160,0.027245967205318026,0.013775178235852139,0.00940180319130757,0.004068985778158315,13.558679098826058
1161,0.05992057352964646,0.03365161112321955,0.022681951843240403,0.003587010563186505,13.54462403199976
1162,0.04302606997282745,0.027527459677854124,0.014927529413081909,0.0005710808818914162,13.531977730640754
1163,0.04946617152527433,0.028879773664245302,0.020121867482497415,0.00046453037853161556,13.520442464700505
1164,0.03729570246394991,0.024618473432107317,0.011884416754893651,0.0007928122769489469,13.510061588347806
1165,0.02436937465013024,0.01456663136958401,0.007259942285171791,0.002542800995374442,13.500718827138767
1166,0.04196481706552886,0.029742640123707732,0.010542075384909064,0.0016801015569120636,13.49230975980342
1167,0.031109026202879038,0.016440485060384133,0.014009425181208787,0.0006591159612861182,13.484740583285761
1168,0.0265527196975775,0.01675389929698201,0.009367638924296671,0.0004311814762988207,13.477927011418467
1169,0.03577226189684031,0.023136479395492415,0.012546648903834036,8.913359751386014e-05,13.471793291860523
1170,0.051083664757734036,0.03304488122770749,0.016988162546724195,0.0010506209833023486,13.466493697565783
1171,0.02467404717669213,0.016739640054788542,0.006330162528230481,0.0016042445936731084,13.458803409897799
1172,0.036691300717089245,0.020141449779075823,0.014995745964090491,0.001554104973922926,13.451880892305777
1173,0.03173108089964806,0.020613493014571358,0.010285768511859444,0.000831819373217259,13.44564915938987
1174,0.05173144522958278,0.03223783102352073,0.019321756429048816,0.00017185777701323433,13.440039008398507
1175,0.03135547727822073,0.02160773389039059,0.009613768743948864,0.00013397464388127878,13.434988220545709
1176,0.035149327911469075,0.02145254618372039,0.01270594164363585,0.0009908400841128354,13.43044084652387
1177,0.041765476143605346,0.027094621648020976,0.01374009040433565,0.0009307640912487183,13.426346566923073
1178,0.03072940342442109,0.01863652726916387,0.011502767785741002,0.0005901083695162138,13.422660119367746
1179,0.03603718723787961,0.023316833905423405,0.012678657596466551,4.1695735989655525e-05,13.41934078513778
1180,0.047403085944935225,0.028359302862704532,0.01810347614097163,0.0009403069412590601,13.41425963028177
1181,0.05497508515404255,0.03359919359218531,0.020155257960416773,0.0012206336014404665,13.409684935658671
1182,0.03707136529989018,0.02380683200230515,0.012555939999501626,0.0007085932980833957,13.405566074273105
1183,0.03069579782978945,0.017257651050496342,0.013367582265641472,7.05645136516374e-05,13.398779865339225
1184,0.039073160639121265,0.025256873779533024,0.01334876584905838,0.0004675210105298574,13.392670813496185
1185,0.036056133620091434,0.021722683034834305,0.013618174865444836,0.0007152757198122923,13.38717108792237
1186,0.022079306639447713,0.017557434829791572,0.004016696355544211,0.00050517545411193,13.382219701850909
1187,0.04086206348654982,0.025210544744399963,0.015537764057936805,0.00011375468421304916,13.374070577879897
1188,0.03302283774786591,0.024003917803974803,0.008715900844300463,0.00030301909959064304,13.366735334360234
1189,0.0635090365650893,0.03746979974247413,0.024949867445493823,0.0010893693771213454,13.360132308641607
1190,0.03547767913873206,0.0237406455675714,0.00999689788696152,0.0017401356841991401,13.354476660012526
1191,0.028857381367443136,0.01673397295236876,0.011509433480679817,0.0006139749343945626,13.349384966257373
1192,0.03221676340920672,0.020113183963735737,0.012022560732678223,8.101871279275427e-05,13.34480081060573
1193,0.030088789256100777,0.019447099433565724,0.009937538585558027,0.0007041512369770266,13.34067345453668
1194,0.034661118799878675,0.02236410496053741,0.011041579763536842,0.0012554340758044271,13.337570556003758
1195,0.026040994933552136,0.014012947188873498,0.01161704423900207,0.0004110035056765685,13.334776560960009
1196,0.045461413211068745,0.029006320556546283,0.016260039612114058,0.00019505304240840444,13.325102265494408
1197,0.030579557620884226,0.020330616255805685,0.010126372777236006,0.0001225685878425367,13.307176429253218
1198,0.026682929696286887,0.018215051852640073,0.008337873066830839,0.00013000477681597632,13.291052254957819
1199,0.05068215561133828,0.03345976294166461,0.01701981478297299,0.00020257788670068245,13.276546824839526
1200,0.045738127483447535,0.02877675928036707,0.016715000817978793,0.0002463673851016667,13.263496139412167
1201,0.04716913370591862,0.02797421835288104,0.01913292257767113,6.199277536644794e-05,13.251753095739476
1202,0.03882390724265911,0.025998940713818773,0.012768600036942416,5.636649189792134e-05,13.241185693816261
1203,0.05643965653700614,0.03852837732528324,0.017450536868559467,0.00046074234316342496,13.231675443144185
1204,0.044170403798913876,0.025681079762783752,0.018148697555713487,0.00034062648041663574,13.223115945378874
1205,0.021109318160696788,0.01258629807867988,0.00838071679132447,0.00014230329069243923,13.215411632143033
1206,0.04019917614343813,0.027384838304117372,0.012753601472855957,6.073636646480157e-05,13.208476639837238
1207,0.029401325468856786,0.018125609819938836,0.011235997780350835,3.971786856711417e-05,13.205790553890322
1208,0.04064836886256765,0.02370959560125107,0.01688612159493523,5.2651666381354267e-05,13.203371818883069
1209,0.04570404998488146,0.029189348426151437,0.016484703703105574,2.99978556244411e-05,13.194867574187446
1210,0.025510350123283374,0.016069321514965432,0.009240006927171848,0.00020102168114609494,13.187212984932673
1211,0.05011941847634267,0.02799652007896013,0.02191669718012907,0.0002062012172534671,13.17966574020166
1212,0.029022593978752616,0.017801113572825093,0.011181632091916737,3.9848314010787e-05,13.17287207786216
1213,0.03203833671224815,0.017836376167605916,0.01402965385506972,0.00017230668957251159,13.166756424978148
1214,0.04274886410499475,0.03013770674368579,0.012557723007928246,5.343435338071402e-05,13.161250849636875
1215,0.02539386639835791,0.01563656950885318,0.009635089525267973,0.00012220736423675742,13.156294276656867
1216,0.021693410315120783,0.013384101831819418,0.008149784995273615,0.00015952348802774935,13.151831785993531
1217,0.019348066680648018,0.012836010248480804,0.006363920409965308,0.00014813602220190868,13.14781398471597
1218,0.03369103469225256,0.02277945259305547,0.010626619345816251,0.0002849627533808345,13.144196444509316
1219,0.05340118972059963,0.03095348723016649,0.02236115438200141,8.654810843173418e-05,13.140939197597199
1220,0.040678629002072364,0.025209894702683373,0.015345226345523133,0.00012350795386585685,13.13800628479818
1221,0.04437718393540115,0.028038145617416545,0.016094437628244643,0.0002446006897399609,13.135365350146682
1222,0.03286690842524012,0.02128572670243905,0.011330282922454768,0.0002508988003463048,13.126075075045588
1223,0.051772815592512796,0.030467407837082742,0.021084819549032966,0.00022058820639708816,13.11771352224087
1224,0.025400136795172945,0.017970455686289417,0.007357697262644138,7.198384623938836e-05,13.112557982545418
1225,0.06401267380285014,0.037875183475166004,0.026059913984124213,7.757634355992032e-05,13.108376821281098
1226,0.041909099401000204,0.02310646986867227,0.018759820763423963,4.280876890396787e-05,13.10461225210553
1227,0.05735061381215932,0.033610209356190766,0.023640201299210045,0.0001002031567585078,13.101222666580616
1228,0.04427360548489627,0.029282618943315082,0.014782988610533725,0.00020799793104745974,13.098170631210055
1229,0.028649946652642283,0.01819052084197999,0.010431034594109658,2.8391216552632945e-05,13.095422464908323
1230,0.03993717117293376,0.02622885697444735,0.013364618750788246,0.0003436954476981621,13.092947859914068
1231,0.04289628048988095,0.02780060232403751,0.014771318165858763,0.0003243599999846744,13.090719541553627
1232,0.021850850922992732,0.013526069997221666,0.00814705651682544,0.00017772440894562962,13.088712962769781
1233,0.05192081102500593,0.028548837323401723,0.02324532907507869,0.0001266446265255207,13.08690602977941
1234,0.034174437805706184,0.02496900553600929,0.008675591614014438,0.0005298406556824548,13.085278855619672
1235,0.027988884050940546,0.015301334715463948,0.011750093481700419,0.0009374558537761776,13.083813538692294
1236,0.03043725953273816,0.01709974878827237,0.012775307843944742,0.0005622029005210526,13.08249396372534
1237,0.04003626979279764,0.02597331058677096,0.013517602335869279,0.0005453568701574029,13.081305622846774
1238,0.04212748747780266,0.02623141225469106,0.015634817533447008,0.0002612576896645934,13.080235454707863
1239,0.032415953021410156,0.023914369816354912,0.008387435717576566,0.00011414748747867927,13.079271699811642
1240,0.049041232249582976,0.02857881806786067,0.020215331532765828,0.00024708264895647583,13.07540793862425
1241,0.054931771560654104,0.030953008934415254,0.023923099415651693,5.56632105871591e-05,13.071929082781672
1242,0.033243190881427465,0.02019597859263438,0.012917650835348559,0.00012956145344452405,13.068354902923192
1243,0.03998852242670192,0.022241737655462925,0.017493389361729166,0.0002533954095098348,13.061714757327803
1244,0.05956481005132671,0.037508649716273705,0.02176717887669773,0.00028898145835527003,13.055727951840097
1245,0.038370338646334545,0.02128283978216661,0.016888791971775056,0.00019870689239287384,13.050338389031959
1246,0.021508178011926282,0.014871911283748415,0.006549488112951263,8.67786152266036e-05,13.039694162864135
1247,0.04150980662996996,0.02919414241407008,0.012212229014961386,0.00010343520093849183,13.023021457017599
1248,0.045633391320095806,0.02509445415589196,0.02047396107797601,6.497608622783815e-05,13.008023735950133
1249,0.033703188320506956,0.02083594553672555,0.012813018820365452,5.422396341595621e-05,12.99453109991271
1250,0.03920774268397609,0.021300374713620958,0.017688537177820277,0.00021883079253485173,12.982391189716338
1251,0.036905307157249156,0.019747165133341186,0.016721990494376095,0.00043615152953187545,12.97146731822577
1252,0.026966498994330308,0.01665932994843521,0.009917199489257084,0.00038996955663801367,12.961636811575442
1253,0.04620300082390864,0.029994903016969006,0.0158893302284525,0.0003187675784871337,12.952789534632865
1254,0.02635895052383664,0.019272524659554358,0.007013774213667399,7.265165061488287e-05,12.944826578666488
1255,0.043597438982708264,0.024784067180289398,0.01869919065716091,0.00011418114525795457,12.937659092088918
1256,0.028641711915972163,0.016810649657180165,0.011308161194725207,0.00052290106406679,12.931207237629218
1257,0.034795696110968985,0.02252788298368623,0.01123427208373589,0.0010335410435468677,12.925566837192624
1258,0.04028896964197556,0.025451777225423747,0.013080420123185561,0.0017567722933662451,12.92048903367091
1259,0.03703825528481121,0.025242212515242644,0.010309184199005714,0.0014868585705628563,12.915917524242554
1260,0.053067593131389694,0.03388092759568766,0.018495818753670228,0.0006908467820318104,12.91180167610938
1261,0.04360195591506143,0.030831463965121746,0.012713733679040794,5.6758270898891184e-05,12.90809594880698
1262,0.04066945633454476,0.02791646626210104,0.012517913420748783,0.00023507665169493448,12.904759376628078
1263,0.03455743281342468,0.022017118180054873,0.012064946058659565,0.00047536857471024044,12.901755104670181
1264,0.05271811198000634,0.027087275639725007,0.02518754323961525,0.0004432931006660868,12.900501219443928
1265,0.023868651393601347,0.012362024910867015,0.011401669274767351,0.00010495720796698198,12.897603169287366
1266,0.05551338422359417,0.03032198897449233,0.025145185846175835,4.6209402926005675e-05,12.892536007478387
1267,0.02795128260567785,0.015046492064380608,0.0127898158631843,0.00011497467811294003,12.887974088860675
1268,0.044025121950146885,0.026128295016333174,0.01757144494423641,0.0003253819895773043,12.883036474873027
1269,0.052101759495992245,0.033626630589474224,0.018000744199642087,0.0004743847068759327,12.878591148137373
1270,0.05108047144703346,0.03000614709296676,0.020873110803999985,0.0002012135500667106,12.873693626713276
1271,0.05124675967848138,0.028447996727279788,0.022760343901089483,3.8419050112103926e-05,12.869284385770722
1272,0.039663371668597354,0.027424407426074198,0.012113639514181047,0.00012532472834210896,12.865314602470052
1273,0.030141253771571366,0.021133191461971526,0.008672011086668154,0.0003360512229316876,12.861740362545461
1274,0.05868785695082501,0.03275406966533976,0.02568349162203374,0.000250295663451516,12.85054984112728
1275,0.03942656286676875,0.023866090387122545,0.015135126352008307,0.0004253461276378991,12.840479711233279
1276,0.02554112049158659,0.015835439752934822,0.009418119309964711,0.0002875614286870557,12.828841282329979
1277,0.02509594995349225,0.016896638383869685,0.008186495180797278,1.2816388825287545e-05,12.818368456774044
1278,0.04085027741992438,0.02622564114973737,0.014374182190853497,0.0002504540793335058,12.808943693369821
1279,0.0394819463983683,0.025204296351857034,0.013784236135945342,0.0004934139105659243,12.794446549977424
1280,0.04586134149890072,0.024432085970049963,0.020816384075483904,0.0006128714533668504,12.781404121313136
1281,0.03462947053145043,0.02187415276892805,0.012419953143112008,0.00033536461941036886,12.769669182310896
1282,0.026394059525032466,0.016950825594483906,0.009232074563876919,0.00021115936667163862,12.759109644284067
1283,0.040657494008411,0.022867101488132868,0.017671222954371034,0.00011916956590709927,12.748340090849034
1284,0.0365464771678445,0.019903624106712692,0.016602773650432345,4.0079410699467145e-05,12.738648565428306
1285,0.04247790144814883,0.024869588297440594,0.017472961010419875,0.00013535214028836186,12.729926464614062
1286,0.03623698965727608,0.022597945718849335,0.013456468040875158,0.00018257589755158566,12.714571976918911
1287,0.03940355576723855,0.02814419971711334,0.010693070856350722,0.0005662851937744893,12.700759237195738
1288,0.01757952777665923,0.010153532559017861,0.006867434877233764,0.0005585603404076061,12.688332025019754
1289,0.03474677869148508,0.020766560389559686,0.01362480973774386,0.00035540856418153307,12.6743741537639
1290,0.03982337377124754,0.023820124294510664,0.015798807014598685,0.00020444246213819278,12.661816537988605
1291,0.018860495560787782,0.012634125872151764,0.00610392703512433,0.000122442653511689,12.647405271307576
1292,0.030455351970088505,0.017472509868183536,0.012864313541160225,0.00011852856074474437,12.634440221692065
1293,0.036192793246292695,0.020273700838460498,0.015797351658323636,0.00012174074950856412,12.61753636228589
1294,0.04667533008148424,0.027478043439472036,0.019172504149912638,2.4782492099563427e-05,12.602331757732825
1295,0.04446679185428355,0.023892284889639303,0.02046119297307485,0.00011331399156939836,12.588057789305704
1296,0.022584403419014944,0.015546467631782825,0.006694744480262056,0.00034319130697006386,12.57521620552105
1297,0.06555812854876733,0.036228749554463126,0.028403670912035345,0.0009257080822688588,12.565330440090936
1298,0.028436077689620823,0.017668809294735462,0.00960497797670733,0.0011622904181780294,12.55643377821445
1299,0.02483944608169873,0.016192244605557425,0.007168678252230965,0.0014785232239103393,12.546597168165771
1300,0.03606414926861747,0.022845313790409667,0.012009542614636708,0.0012092928635710962,12.53774472502173
1301,0.05762154928816839,0.0357307097077663,0.02148342691561718,0.00040741266478490845,12.530755323623028
1302,0.039131827457892426,0.02350648641503808,0.015555456083331583,6.988495952276252e-05,12.524463873534895
1303,0.03364421871362921,0.02005098692683391,0.0134865383668141,0.00010669341998119934,12.518800381566463
1304,0.030114696540696023,0.019283691108460368,0.010693766855811747,0.00013723857642390934,12.513701929860197
1305,0.043050884731695244,0.026111070637075896,0.01673476586563035,0.00020504822898899307,12.509111950089121
1306,0.0583151740320156,0.03583597096911376,0.022379544898371042,9.965816453080279e-05,12.501372114136345
1307,0.038567616521091155,0.02138687426719876,0.017147899908622886,3.2842345269515223e-05,12.494405581549309
1308,0.022852218031771523,0.01394588635110395,0.008878432597512326,2.7899083155245553e-05,12.48813472499923
1309,0.031034860745898635,0.019000353635741415,0.012008015844032709,2.649126612451285e-05,12.482489778728201
1310,0.03421444112057014,0.02300887332980611,0.011143825993969588,6.174179679444924e-05,12.477408029376283
1311,0.028343346063595686,0.014681470852843128,0.01354673928573229,0.00011513592502026668,12.47283309252963
1312,0.03099294807942218,0.02008459923148583,0.010478259177342894,0.00043008967059345764,12.468714265458452
1313,0.03261036293033802,0.020900572584212868,0.011513216500742334,0.00019657384538282084,12.46500594765478
1314,0.027169526925317763,0.014543547146231114,0.01253241927723291,9.35605018537401e-05,12.45998348532817
1315,0.036137819967160555,0.02013812961242594,0.015714615470563322,0.000285074884171294,12.455461909263583
1316,0.05939828239582741,0.03251291771506878,0.026497625064653585,0.00038773961610504985,12.45139111254286
1317,0.04760355735962519,0.02825899970776747,0.019010993331127032,0.0003335643207306835,12.445555344689748
1318,0.03564609241014367,0.019933080576025348,0.015668567414829717,4.444441928860663e-05,12.440301905821899
1319,0.04236248448607148,0.023564969627859086,0.018429364482062307,0.000368150376150091,12.441663865013794
1320,0.050861660018799666,0.031066845456003595,0.019032992157618868,0.0007618224051772022,12.442890592831283
1321,0.05218138777364299,0.027450506328198915,0.02337905310622728,0.0013518283392167962,12.443995504941471
1322,0.03496257148766964,0.021260821230054714,0.012699506645531333,0.0010022436120835948,12.444990688292375
1323,0.040504422726989196,0.025570574266771583,0.014642103859878793,0.0002917446003388267,12.445887032301636
1324,0.050834402752495886,0.02703913578174949,0.023694222719851762,0.00010104425089463248,12.445954208113283
1325,0.05925047906192775,0.03690474992291243,0.021697721283891525,0.0006480078551237941,12.44708148400644
1326,0.04874200549222844,0.027618368428774333,0.02033543424964892,0.0007882028138051839,12.448096810902976
1327,0.04125625995489981,0.0273990245487922,0.013234649198928942,0.0006225862071786619,12.44644200078445
1328,0.03977220972366867,0.026980122254698046,0.01202633852651928,0.0007657489424513442,12.44082838052047
1329,0.05072802900505464,0.030991588527391922,0.01963884909762567,9.759138003704718e-05,12.426895852815859
1330,0.0403947509440552,0.02307738473991453,0.017235104512964214,8.226169117646378e-05,12.41436140174624
1331,0.03360597594215704,0.017773463604129847,0.01573679635414104,9.571598388615503e-05,12.403083544821563
1332,0.055205235294264826,0.031489863577338136,0.023622481010002614,9.289070692407089e-05,12.392935342167085
1333,0.042803506825391434,0.023314002301467546,0.019417276135878087,7.222838804580504e-05,12.383802859487611
1334,0.030205481133277295,0.01991715701517682,0.010177776541029564,0.00011054757707091171,12.370786514428294
1335,0.03737296800518162,0.02230992768006759,0.014999572654405298,6.346767070873198e-05,12.359075558005387
1336,0.03442923290230365,0.018079622937586828,0.016314665337017677,3.494462769914924e-05,12.3485380307928
1337,0.0361847013345697,0.02370953287396269,0.012334579115016064,0.00014058934559094938,12.339055510111187
1338,0.048070080670403734,0.025189904383938186,0.0223846505070145,0.0004955257794510504,12.332239656945434
1339,0.054229622472765165,0.030877390760808445,0.022893680278018223,0.00045855143393849855,12.326104451579749
1340,0.022077144574757474,0.01336929496281077,0.008489491558110202,0.0002183580538365029,12.320581635971173
1341,0.057627260555729025,0.03078097199218081,0.026804260515549454,4.202804799876394e-05,12.31764373459993
1342,0.0646105623334027,0.0366919418198266,0.027879062922909384,3.95575906667249e-05,12.314998431805
1343,0.04273566313395962,0.02401203460022054,0.018631322311856355,9.230622188273017e-05,12.312616533319906
1344,0.04069443547371204,0.025187643240318643,0.015261685144478433,0.00024510708891496827,12.310471767834942
1345,0.030328025273032844,0.02001133250056381,0.010075773903496142,0.00024091886897289235,12.308540492442502
1346,0.022378686035582105,0.014324282129159439,0.007770729187712809,0.00028367471870985534,12.309124287975722
1347,0.018387632897082496,0.010887845822671733,0.00741990960646612,7.987746794464245e-05,12.309650082946888
1348,0.012501790961020179,0.008837662822887298,0.003608266195974251,5.586194215863019e-05,12.310123637525272
1349,0.04879547225423715,0.0326813819730074,0.016034496366709897,7.959391451985346e-05,12.310550140236602
1350,0.03888074657344217,0.021520652626530107,0.017308689075264273,5.140487164779419e-05,12.310362419661915
1351,0.03272101759365961,0.02156821381589487,0.011098108029735917,5.4695748028825334e-05,12.303503998358067
1352,0.03800707034944879,0.024419200157238828,0.013472222636476234,0.00011564755573373506,12.297330522781435
1353,0.04213293999675833,0.03113705982184816,0.010950245280091352,4.563489481882217e-05,12.291773296680185
1354,0.041034097117759225,0.025377922774613475,0.015454778092553306,0.0002013962505924443,12.286770568742993
1355,0.0381425829787898,0.0237259004474428,0.014140355421576791,0.00027632710977020685,12.274476676446428
1356,0.019605907800076993,0.010601429110536674,0.008887603230218692,0.0001168754593216287,12.26341524308229
1357,0.04101014989251451,0.022821578420157206,0.01807580633977678,0.00011276513258052415,12.253461776217472
1358,0.06853557782493744,0.042034257340352134,0.02643629237365842,6.50281109268879e-05,12.244504535917567
1359,0.0416975895870014,0.02308321552466415,0.018571516834470857,4.285722786639376e-05,12.23644319509871
1360,0.03668705139002337,0.02048520133045107,0.015577396019373187,0.0006244540401991182,12.229187646814308
1361,0.020032329395432324,0.014257373553091507,0.004508713984531685,0.0012662418578091338,12.22265694122684
1362,0.0497790961874321,0.03098733509299055,0.017030676255960473,0.0017610848384810825,12.216778337240434
1363,0.05774066825015207,0.03410760726650777,0.0219248291096788,0.0017082318739654917,12.211486455674638
1364,0.03683642181401246,0.020920288119039964,0.015056730750108667,0.0008594029448638384,12.208776125272252
1365,0.03997550439761782,0.026653461424641426,0.013235906383172935,8.613658980346025e-05,12.206335703549975
1366,0.01840275341166766,0.009799128815061505,0.00849984197987966,0.00010378261672649159,12.204138266042724
1367,0.04764196549344933,0.027242657658057043,0.019518180590897306,0.000881127244494979,12.199447981218839
1368,0.03249737041567559,0.019875162425396387,0.011481735796975867,0.001140472193303332,12.195225433852531
1369,0.03898252627198942,0.022095127189832985,0.01595381468854682,0.0009335843936096217,12.189937866605883
1370,0.03356454911340274,0.021250183237044428,0.011710762318874086,0.0006036035574842252,12.185177825746583
1371,0.02892460700733235,0.016661000051630976,0.012062621024745361,0.00020098593095601547,12.180892506824492
1372,0.059288888259048995,0.03238559466555963,0.02684277603015545,6.0517563333913456e-05,12.172990263741237
1373,0.04753496130370656,0.025614733194232922,0.02186893243531243,5.1295674161204166e-05,12.165984280755078
1374,0.029173729304606526,0.018506770446240987,0.010612447774720885,5.4511083644652166e-05,12.159678122839983
1375,0.025671134863596293,0.015396571879180941,0.01019861949930063,7.594348511472435e-05,12.15319523532641
1376,0.032260139329574056,0.01930932918832837,0.012864832570868788,8.597757037689692e-05,12.14735968851712
1377,0.04023845512219751,0.02675106077375788,0.01346657119623445,2.0823152205175652e-05,12.142106579583851
1378,0.05462097950965633,0.03459952981655573,0.01991033405033898,0.00011111564276162014,12.137377562738202
1379,0.04637719879777804,0.025125225134694583,0.021170792807029666,8.118085605379352e-05,12.136220623015756
1380,0.05504030198207544,0.030007002022968736,0.02492923744875597,0.00010406251035073404,12.135178775489608
1381,0.029718275712757553,0.015263122618231637,0.014258700474872352,0.00019645261965356428,12.134240562567495
1382,0.0383165031939517,0.023752248009907308,0.014017301053190453,0.0005469541308539351,12.133395668851328
1383,0.02732455273713902,0.015567815669843632,0.010777109259722077,0.0009796278075733104,12.132634806973993
1384,0.0320514484713811,0.018567249692991443,0.012140106284666653,0.0013440924937230044,12.131949614903496
1385,0.024258607236067927,0.015428911153126591,0.008387829171166724,0.00044186691177460814,12.131332563551894
1386,0.03914444889145609,0.022209836313089103,0.01672064057002237,0.00021397200834460944,12.130776873646312
1387,0.029259698173106127,0.017066014545313698,0.011997911601171415,0.0001957720266210152,12.131501499913282
1388,0.04042047442315972,0.022240614163622816,0.017442859273096988,0.0007370009864399185,12.13215413545838
1389,0.039570696298450565,0.02296431649724466,0.014626271757930995,0.0019801080432749097,12.132741929023863
1390,0.04421520211364206,0.02690307873000513,0.01554829543960596,0.0017638279440309744,12.135885877289322
1391,0.044118351260444,0.028535519599517813,0.014298290333991222,0.001284541326934966,12.14581163851565
1392,0.04797405305451598,0.03250261963460175,0.014886150766931238,0.0005852826529829923,12.154757719951675
1393,0.0288014395317275,0.019553407900285535,0.009085518482317334,0.00016251314912463352,12.1591113479551
1394,0.034229809772729616,0.017414599098767712,0.016659446579561792,0.00015576409440011527,12.163033555223924
1395,0.05198777248398341,0.027765621478185794,0.023928235564088258,0.0002939154417093562,12.16656697288872
1396,0.03973989652474002,0.02052271761502656,0.018993546627669382,0.00022363228204407454,12.169750042126552
1397,0.03377867191651634,0.01882657839200474,0.014720187665531636,0.00023190585897996414,12.172617421680773
1398,0.042967166386976514,0.029458762914407736,0.013235615621442544,0.00027278785112623804,12.175200356558657
1399,0.026853398608101514,0.01615785648111122,0.01051286978897579,0.00018267233801450792,12.177527011449333
1400,0.033868130158713615,0.021503660168733778,0.012231697501780199,0.00013277248819963563,12.179622772111765
1401,0.03986181460973415,0.026535673098365402,0.01328750071424985,3.864079711890126e-05,12.181510517707599
1402,0.04709243720749975,0.028938734204291296,0.017877017972814317,0.00027668503039413684,12.183210866797184
1403,0.036884914071671895,0.025609479675721573,0.010874812578362291,0.00040062181758802775,12.184742399478843
1404,0.033163419678965786,0.018590365322820997,0.013906166352944166,0.0006668880032006259,12.184022293104107
1405,0.04748668066208666,0.0318430183439829,0.014399356609345436,0.0012443057087583207,12.177718081947434
1406,0.044185004847948885,0.029285647381934992,0.01343195898700216,0.0014673984790117354,12.172043322673902
1407,0.03247339852504934,0.017691437827662946,0.01232766760443328,0.0024542930929531102,12.16693491822549
1408,0.04423449849861585,0.024888495851526082,0.017051866374232526,0.0022941362728572372,12.156458752021058
1409,0.022657555886998207,0.012104460483030568,0.0077333288292263285,0.0028197665747413097,12.14703167885212
1410,0.03402160443594814,0.01697855913334015,0.013114352707139457,0.003928692595468534,12.138547953066011
1411,0.04662750523228051,0.023692054497414405,0.016872334488350592,0.0060631162465155115,12.130912617978984
1412,0.04189158970408651,0.018525073035005873,0.01580284954950671,0.007563667119573924,12.12151863555796
1413,0.05086192263512081,0.027481013543559068,0.016113324751451292,0.00726758434011045,12.11306468580369
1414,0.05427338921709417,0.025891078300409872,0.023255509706102642,0.005126801210581653,12.105456146803034
1415,0.03274453902188085,0.01768874495742874,0.012309359430513611,0.0027464346339385,12.09860802603663
1416,0.041787637211788416,0.027643581162369413,0.013694199834425524,0.0004498562149934772,12.09244396067184
1417,0.025475540599813985,0.015125618959405777,0.010205624296671666,0.00014429734373654071,12.086895325332867
1418,0.05529170357893617,0.03499328580379238,0.018721343390395266,0.0015770743847485207,12.082860594626087
1419,0.033250584954626065,0.016460242744891024,0.013625667332924246,0.0031646748768107947,12.07639652640642
1420,0.04405809884422236,0.024267981099579936,0.016395638590134536,0.003394479154507895,12.07057798568625
1421,0.030956871043030396,0.01862769760055392,0.01116214488912736,0.0011670285533491134,12.065340243863115
1422,0.050009984812085406,0.02887770307909829,0.02099295612888966,0.00013932560409745743,12.06062511270715
1423,0.032805499530457256,0.02000294628294016,0.012184860046275116,0.0006176932012419799,12.0512202367726
1424,0.03153612064075017,0.017907624685630046,0.012653110360169712,0.0009753855949504122,12.042756546812393
1425,0.038006925896423356,0.02631668276404411,0.011187271319624768,0.0005029718127544812,12.035139294602006
1426,0.043226876097449324,0.02504096102680096,0.01809352261950496,9.239245114340487e-05,12.028283375916741
1427,0.04777367402577471,0.02888046341217939,0.018816932611751797,7.627800184352778e-05,12.022112328998123
1428,0.05067325071380494,0.03315571662724031,0.017223057319251743,0.0002944767673128871,12.016364525691786
1429,0.01916958946373318,0.012509235001291428,0.006242134644236622,0.00041821981820513033,12.01119045075962
1430,0.07438428665618357,0.03950692009855788,0.03455958082817479,0.0003177857294508979,12.004184408312346
1431,0.048944540441647436,0.027874151370784528,0.021017441240238525,5.294783062438665e-05,11.99787832122162
1432,0.045700210244018324,0.028250487569238373,0.01710724858145733,0.0003424740933226259,11.992201947086556
1433,0.04381445297692045,0.02428694692736278,0.01902663790676133,0.0005008681427963411,11.987092151471412
1434,0.024629064962711618,0.018923441995083945,0.0056221629206315215,8.346004699615213e-05,11.982492177525476
1435,0.031163600935839003,0.020410987470289917,0.01058753082371733,0.00016508264183175698,11.978350992734715
1436,0.04560479919715675,0.027647800306016154,0.017381265195635084,0.0005757336955055112,11.974622704274408
1437,0.048660330543123506,0.028399715580572717,0.019277557821742022,0.0009830571408087619,11.968579158271353
1438,0.031155942276841365,0.018802284844377966,0.011992478637095577,0.00036117879536782117,11.963139008409609
1439,0.03843107644566114,0.023265023347217667,0.015102257359729698,6.379573871377602e-05,11.958241778223659
1440,0.03776961138841756,0.0206290975599694,0.016967121342514116,0.00017339248593403614,11.953833096608287
1441,0.03652726706164398,0.02518237132159276,0.010962465290857808,0.00038243044919341034,11.949864073158471
1442,0.0169716903295798,0.011184006758003925,0.005474804770682866,0.00031287880089300805,11.946290738976726
1443,0.03294398419761938,0.01801437405463233,0.014833094352765473,9.651579022158183e-05,11.94307354579764
1444,0.036783706241563505,0.020888671546390212,0.015817471578342797,7.756311683049267e-05,11.940176917112971
1445,0.051613377704895456,0.03228412715671772,0.01903503389847652,0.0002942166497012187,11.936542513379132
1446,0.03203250417485201,0.02050573004734613,0.011232028989267008,0.00029474513823886877,11.933270355871574
1447,0.021741025662728244,0.016483069293053806,0.0051970481289071125,6.090824076732562e-05,11.930324254855927
1448,0.03651461065715068,0.023458199481787848,0.013018965065237925,3.7446110124906034e-05,11.92767165202844
1449,0.03751549645761935,0.022733604225702853,0.014761501278121538,2.0390953794957985e-05,11.925283253110756
1450,0.028780376722517636,0.01621241803517975,0.01253348758171782,3.4471105620066616e-05,11.92092664279903
1451,0.03486649433657279,0.02302073142556932,0.011759897073204427,8.586583779904432e-05,11.91700449323862
1452,0.050754290996891945,0.029820745237018075,0.020850936925241814,8.260883463205873e-05,11.91347335686808
1453,0.04113806208287694,0.02371874875076796,0.017315888895509425,0.00010342443659955068,11.910294153979297
1454,0.04226714874214518,0.02927637375987555,0.012923793826177915,6.698115609171354e-05,11.904028391167468
1455,0.03644447062745951,0.02090051477605522,0.015491235646836824,5.272020456746451e-05,11.89838834491811
1456,0.045453318477780925,0.026816701259339253,0.018585407933666215,5.120928477545497e-05,11.893311278047626
1457,0.05600255547896598,0.029230073615227208,0.026735109668812092,3.7372194926678484e-05,11.888740791242457
1458,0.03543589807633201,0.021350144506886465,0.014042957368560236,4.2796200885313844e-05,11.883400118233777
1459,0.04468275714205981,0.02632045868787869,0.018275661715393195,8.663673878792603e-05,11.878592432239918
1460,0.02974631084537649,0.01791339757253314,0.01177808613318037,5.4827139662978436e-05,11.873887079521563
1461,0.03542912029599606,0.021381635724392757,0.014026143787328227,2.134078427507799e-05,11.869651098128841
1462,0.023608820910614024,0.015456340936595666,0.008071395090427485,8.108488359087181e-05,11.865837525046404
1463,0.03824177381326745,0.023165440795129374,0.014901387981464214,0.00017494503667386314,11.859139757479186
1464,0.045848482835655235,0.024885591589279197,0.020699033354555342,0.00026385789182069264,11.853111078373315
1465,0.05397520306534326,0.03330686137383083,0.020466583384339515,0.00020175830717291668,11.847684359242468
1466,0.06469671221669179,0.03781403530732087,0.026673609318196026,0.00020906759117488998,11.842799261033116
1467,0.03740670691261717,0.023413778798049425,0.013902330452885348,9.059766168239212e-05,11.834885663536678
1468,0.03245946686823467,0.021748685062480483,0.010452016232449688,0.000258765573304499,11.82770333395793
1469,0.020039838246877134,0.01353633552317019,0.006436647441749684,6.685528195725944e-05,11.8200681054162
1470,0.02739204970632825,0.019586168467376267,0.007746530713540611,5.9350525411374116e-05,11.81319615295649
1471,0.04889588713514946,0.02784597774698733,0.0207666431205208,0.000283266267641327,11.807010797502809
1472,0.0388581099572166,0.020312331813936463,0.01820890251884395,0.00033687562443618417,11.800790532038134
1473,0.035063565558190686,0.021483655065050837,0.01334952343375553,0.00023038705938432052,11.793809751385133
1474,0.050543555274151705,0.03199883530643719,0.01849821270379259,4.650726392192373e-05,11.787526505496258
1475,0.04787588671686834,0.023174591103356814,0.024676279668086207,2.501594542531925e-05,11.781870780106328
1476,0.0340713027694389,0.01925234093298358,0.01480076557238965,1.8196264065672913e-05,11.77615139299307
1477,0.05353608669962875,0.02877128128135869,0.024614918838096578,0.00014988658017347887,11.77006083608325
1478,0.016904603925117587,0.0103236329921732,0.006412179690932931,0.00016879124201145605,11.764578477462885
1479,0.04375962471135814,0.023186907941119692,0.020499848313842464,7.286845639598979e-05,11.759643342668689
1480,0.02107081525675067,0.015068972578404397,0.005761837282849184,0.0002400053954970877,11.75533757655716
1481,0.04301566886589148,0.029397781756127714,0.01331434050106668,0.00030354660869707947,11.751461226517039
1482,0.025445755069407994,0.01546464309802726,0.009908635299201744,7.247667217898949e-05,11.747971346604695
1483,0.0353188450069545,0.023199774098460017,0.01206759932257062,5.1471585923860105e-05,11.74482930864177
1484,0.021151940683576904,0.011904541535709304,0.009217905354215182,2.9493793652421296e-05,11.742000363816015
1485,0.042282998989520974,0.031811069738973734,0.010379536154760336,9.239309578690106e-05,11.73945324960157
1486,0.03197881712015446,0.023610228920091895,0.007975813918994216,0.0003927742810683497,11.73208450146634
1487,0.043844599456007466,0.024231001490089672,0.01868764410350071,0.0009259538624170822,11.719097010075291
1488,0.024442142776101558,0.013939447045258506,0.009957521404581587,0.0005451743262614632,11.707413017756233
1489,0.04819927773132727,0.0254475021168351,0.022428098154456157,0.00032367746003601387,11.696900599829549
1490,0.043597801695393214,0.02664035523041294,0.016924524125296034,3.2922339684237255e-05,11.685351306398516
1491,0.027810209564131314,0.01670697204721146,0.010770671417857359,0.0003325660990624952,11.674959989641126
1492,0.025273457093935792,0.018475029382204917,0.006672136308422211,0.00012629140330866373,11.665609675461523
1493,0.026210286547425004,0.018235778778969175,0.007959919273631114,1.4588494824715233e-05,11.653531535899063
1494,0.03434284383645361,0.019783980414041894,0.014497027840675641,6.183558173607784e-05,11.642664899268997
1495,0.019557174551499756,0.014321050678512297,0.004823896505449524,0.00041222736753793426,11.632887290184689
1496,0.045075109961839326,0.026965192566133805,0.017414131503357782,0.0006957858923477364,11.62070414355864
1497,0.04482960762895069,0.023584204107789133,0.0205391208177564,0.0007062827034051577,11.609743163257859
1498,0.04071963033676546,0.025164799549868867,0.015340822202581374,0.0002140085843152225,11.599138356390323
1499,0.05137930459677057,0.034390881226371406,0.016923062701402935,6.536066899622932e-05,11.589596171453154
1500,0.047837160806358005,0.029202703171939,0.018205585504017043,0.00042887213040195823,11.581009391929173
1501,0.044390544973476026,0.02367755453577849,0.020077734432709937,0.0006352560049875975,11.573365226772843
1502,0.03809512050075702,0.022055935822362992,0.015648030665273958,0.00039115401312007426,11.56648536770889
1503,0.030052006050255983,0.01820054047233052,0.011768056632673276,8.340894525218397e-05,11.559139203204497
1504,0.056117692678714165,0.03220967982791282,0.02275086844126112,0.001157144409540229,11.552527394692474
1505,0.06835969693956731,0.03824327182802744,0.02648055215156181,0.0036358729599780598,11.54657617648892
1506,0.03165766397932176,0.017033122120196736,0.008305670865079268,0.006318870994045752,11.541219259971772
1507,0.034113271160620635,0.01990605562182676,0.009125442537857267,0.005081773000936607,11.53639706300087
1508,0.04482468423678232,0.025899192897134476,0.016414716919820077,0.002510774419827761,11.53205602112836
1509,0.020493690134803334,0.011609383981144169,0.00874016749469774,0.00014413865896142499,11.528147971479116
1510,0.03630021977259666,0.02356290698770476,0.011696161329784304,0.0010411514551075928,11.52255678459165
1511,0.04299387282378687,0.022590679498378174,0.016992955120768392,0.0034102382046402977,11.517523806236282
1512,0.032057017467772765,0.016198001420847517,0.011647416462181159,0.004211599584744092,11.512993099592526
1513,0.022035218231515795,0.010956633663181815,0.009326397671877824,0.0017521868964561536,11.50750515699494
1514,0.06768221500086424,0.039797560486398355,0.027591261965379484,0.0002933925490864006,11.502565078873953
1515,0.029661357317231532,0.019648470280936414,0.009742018009140487,0.00027086902715463436,11.498117972080857
1516,0.04614392614184523,0.02779569007266709,0.017454180221759534,0.0008940558474186095,11.494114481223574
1517,0.05442766698961492,0.03545321463234822,0.018300363973253003,0.0006740883840137011,11.490510222882955
1518,0.023560967956093543,0.01555663478682597,0.007666189217226853,0.00033814395204072095,11.4872652789707
1519,0.04689392518717193,0.02722243743659283,0.019641665966372724,2.982178420637443e-05,11.480748693893469
1520,0.03736146390056086,0.02672116737348221,0.010160773013012755,0.00047952351406589725,11.474883174968655
1521,0.035311363950794074,0.01966503595407529,0.014866462812438589,0.0007798651842802005,11.469603392647354
1522,0.03833909222702728,0.023087939493402633,0.014527341095215661,0.0007238116384089848,11.46522587081553
1523,0.02070522306129126,0.011275894233855157,0.00917872971755516,0.0002505991098809426,11.46128500993462
1524,0.022217939836427045,0.015433931673313568,0.00672360356330641,6.0404599807064815e-05,11.457737125433242
1525,0.04205006294274121,0.02315465832868182,0.01877005463164145,0.0001253499824179438,11.448224423202808
1526,0.05382482721885689,0.03177371869919586,0.02198904253171066,6.206598795036833e-05,11.435974874349496
1527,0.027381594339331357,0.018612070237602828,0.008676476741842049,9.304735988647981e-05,11.422775403092908
1528,0.040138715970052266,0.023444392293580987,0.016625519608314234,6.880406815703953e-05,11.410901326373612
1529,0.04415130406113495,0.024583060656380964,0.019454984099546484,0.00011325930520750054,11.400342078162094
1530,0.057891166887059656,0.0312784421135164,0.02640441862674171,0.00020830614680154814,11.390841047821013
1531,0.029242034299462778,0.017599311819573676,0.01142112243382686,0.00022160004606224386,11.382291437443856
1532,0.03616788188325656,0.02096072247529241,0.015157419650351995,4.973975761215106e-05,11.374597368431951
1533,0.04631530349393716,0.026573262163437476,0.019703693167832874,3.834816266680075e-05,11.367672738554797
1534,0.031878686322935765,0.020923043316992542,0.01089265730632794,6.298569961528531e-05,11.361440203586636
1535,0.027731474033185353,0.015588280898141002,0.012116118952254971,2.707418278937764e-05,11.355830269035447
1536,0.041975479837568434,0.025961302645335985,0.01593163766947104,8.253952276141149e-05,11.35078047932526
1537,0.033956992816423656,0.021983642361205324,0.011903071664540103,7.027879067822876e-05,11.346234693375324
1538,0.03556180799364067,0.019079177022383875,0.01640005602148041,8.257494977638634e-05,11.34432157213676
1539,0.03331340590794368,0.02091656982259823,0.0121807187436493,0.00021611734169615498,11.342598942149321
1540,0.022197244509624705,0.01183417226112762,0.010326201435648642,3.6870812848441616e-05,11.339003245241937
1541,0.04868963659111298,0.0294520108216198,0.019062164268982294,0.0001754615005108833,11.335766032976744
1542,0.019115420438454992,0.012922866084522814,0.005924997354120843,0.0002675569998113361,11.33312162230487
1543,0.03981350356391854,0.02189252094949647,0.017624807890901945,0.0002961747235201197,11.330740666052018
1544,0.036851779863777204,0.019495024559092963,0.01724281820287539,0.00011393710180884658,11.32859687018617
1545,0.03204036174140684,0.020038468082788374,0.011920614752963804,8.127890565466762e-05,11.326666573837848
1546,0.04867118743290362,0.0328472340770429,0.01571028815170383,0.0001136652041568857,11.324928483926385
1547,0.05796637378781392,0.03532010971966464,0.022248879259350925,0.0003973848087983566,11.323363436847721
1548,0.025452494761950356,0.01815576346349953,0.00663591819832292,0.0006608131001279094,11.321954184404781
1549,0.04010842409237928,0.01943546952596192,0.020156925455371955,0.0005160291110454014,11.320685201466043
1550,0.03355248887535385,0.018126282085814665,0.014890722040278795,0.0005354847492603898,11.319542513107782
1551,0.019771236191389263,0.011919319138056704,0.007784977997856683,6.693905547587681e-05,11.318513539234521
1552,0.02979024493739044,0.0166111126322427,0.013102955644894729,7.617666025301177e-05,11.317586954884677
1553,0.047662995601464885,0.028337354452370917,0.018969409978049346,0.0003562311710446193,11.316752564616989
1554,0.02005649592671525,0.012268787797241748,0.007094394803677004,0.0006933133257964974,11.313318445874678
1555,0.04283710509492339,0.02664073358983961,0.01598075698310866,0.0002156145219751172,11.31022667031076
1556,0.045264288359837375,0.025256175028539826,0.019892702303236774,0.00011541102806078008,11.307443030792207
1557,0.035808384286031655,0.019045736484749817,0.01627197530110374,0.0004906725001780996,11.304505488121544
1558,0.0629135226540095,0.03498628930531451,0.02708104896205254,0.0008461843866424601,11.30186067712423
1559,0.022634215897440944,0.01631661244519581,0.005864172968692568,0.0004534304835525667,11.299479368478595
1560,0.03148733881551092,0.018468126007234294,0.012906162025380665,0.00011305078289596229,11.297335262420471
1561,0.03600545156472573,0.023985588230478888,0.011733852978411867,0.0002860103558349785,11.294975062981496
1562,0.033520586649483396,0.019645300067638868,0.013174067234197303,0.0007012193476472256,11.2921862636994
1563,0.048402491537450486,0.022756834204309552,0.024405927290866825,0.001239730042274108,11.289675344898962
1564,0.03144039050325422,0.019423866887009922,0.011158835157863782,0.0008576884583805183,11.287414565748515
1565,0.05097738256241866,0.031354610959050636,0.01937129261582153,0.0002514789875464921,11.28537896471295
1566,0.025874716969305638,0.017298090909713244,0.008427956266338818,0.0001486697932535741,11.283546079225108
1567,0.03623324331133192,0.02378440149945107,0.011418885282652209,0.0010299565292286412,11.279698969767086
1568,0.03739752534853808,0.024056403059214786,0.011634693184841978,0.0017064291044813157,11.276235505051948
1569,0.030037958353373816,0.01798728895606724,0.010656807218970311,0.0013938621783362636,11.273117326979099
1570,0.021200456350533692,0.015395864313057107,0.0050210777890367445,0.0007835142484398411,11.270309931546974
1571,0.02703460431959591,0.015309917934182835,0.011591976587634023,0.00013270979777905306,11.267782278031355
1572,0.024213219397517884,0.013604916808455252,0.01052224413001586,8.605845904677188e-05,11.259209439979468
1573,0.040024716987760674,0.021683413859075733,0.01816947991364816,0.00017182321503678405,11.251494596815341
1574,0.0447726211570176,0.024089089729708708,0.020363672369535537,0.0003198590577733537,11.244551379706733
1575,0.05324537961144563,0.026997016449810538,0.026053659662103455,0.00019470349953163316,11.235775259256961
1576,0.02916607646883642,0.014517765060798793,0.01459986125563355,4.845015240407877e-05,11.22357872406765
1577,0.026953411573417838,0.01588467826496091,0.011010016974651232,5.8716333805696604e-05,11.212606250425113
1578,0.019763029558989776,0.015576747116447283,0.004132465665332097,5.381677721039443e-05,11.202733978296438
1579,0.032524435612199434,0.01696747840581623,0.015132208915119114,0.0004247482912640891,11.19951227460617
1580,0.03775736779310442,0.024815159807493655,0.011730030380029814,0.0012121776055809537,11.198366972764797
1581,0.027991531944492918,0.015989539159587365,0.011178323690572253,0.0008236690943332991,11.197335651954214
1582,0.05223211974246117,0.031462570451053114,0.0204551597385441,0.0003143895528639556,11.196406959900573
1583,0.027013601714225868,0.017384522626314902,0.009577371642724207,5.1707445186755554e-05,11.195570676673388
1584,0.03787127214227441,0.01848759309004282,0.018799042442039966,0.0005846366101916276,11.19481760142013
1585,0.03233779529951039,0.02171217253880516,0.008984549160600493,0.0016410736001047418,11.194139450490763
1586,0.04501672980040472,0.02394090207532722,0.019842528836458276,0.0012332988886192288,11.193528765795447
1587,0.032719940754751486,0.02269021486912949,0.009634128190415816,0.0003955976952061809,11.192137205101009
1588,0.03537825167609409,0.02145285407583233,0.013857736870958851,6.76607293029035e-05,11.19088416093437
1589,0.021471088094260144,0.015877907367675134,0.005555815175706538,3.736555087847243e-05,11.189755832229906
1590,0.04548926136634962,0.027839906674660082,0.017520871878301873,0.00012848281338766367,11.188739795474556
1591,0.035327925125360024,0.022064218981079912,0.013218462525629304,4.524361865081034e-05,11.187824866736369
1592,0.04932472127593561,0.026875850198071066,0.022414656789276555,3.421428858799182e-05,11.187000977600869
1593,0.05438524764353038,0.02898370416107879,0.02514428441243881,0.0002572590700127761,11.18625906359652
1594,0.05508759607958102,0.03022242489944916,0.02438254066532703,0.0004826305148048262,11.185590963838498
1595,0.04785481935063076,0.027092399992692084,0.019966823433494724,0.0007955959244439534,11.184989330751742
1596,0.02424582348424207,0.012039798730033932,0.011632188767366065,0.0005738359868420757,11.184447548852031
1597,0.03723172008186416,0.02207693901836592,0.014970949730603386,0.00018383133289485168,11.183959661668993
1598,0.021414854328778942,0.011295579731555452,0.010057849443421855,6.142515380163547e-05,11.179442442846554
1599,0.027137294627761363,0.015428421322978447,0.011039054767987971,0.000669818536794944,11.173619150567749
1600,0.027952443434110734,0.019131243519895452,0.007595345752888878,0.001225854161326401,11.168377497660112
1601,0.022596518343825457,0.016853438419488928,0.00504442501390755,0.0006986549104289792,11.163659157543467
1602,0.028523262661031064,0.021344844917560873,0.007146723983307679,3.169376016251129e-05,11.159411696402524
1603,0.032815725890774146,0.020829903334565067,0.01153782087704114,0.0004480016791679372,11.155587969578793
1604,0.03717866178830023,0.02418302355828266,0.012008742022797819,0.0009868962072197528,11.152145581340251
1605,0.03440430663357939,0.024416356307346253,0.00943538958494771,0.0005525607412854301,11.14904640108672
1606,0.01575820170954613,0.01080243555720209,0.004934954888031878,2.08112643121614e-05,11.146256129861692
1607,0.036793596185760065,0.024685320338192464,0.011907001579347213,0.00020127426822038382,11.143743911749665
1608,0.024488039617126874,0.015485109369190257,0.00854007816866017,0.00046285207927644465,11.141481985356922
1609,0.01985251404577223,0.01269349903948391,0.0069888814167894005,0.00017013358949892157,11.138809524555173
1610,0.03339032901049623,0.020477149441926107,0.01289258091218967,2.0598656380455036e-05,11.136403354283331
1611,0.030368974400070053,0.018024823974278018,0.012079500734552906,0.0002646496912391272,11.134236891929955
1612,0.03334545090453105,0.018029159120293944,0.015025148445321008,0.0002911433389161049,11.131789789334723
1613,0.03493732585278185,0.01978592670711082,0.015076171392696243,7.522775297478828e-05,11.129936224895271
1614,0.051921365758043125,0.026531818236269163,0.02529756983493008,9.197768684387784e-05,11.129013679400556
1615,0.027146224594933405,0.017191976268172236,0.009836928587850086,0.00011731973891108418,11.128182935306096
1616,0.044557534407962736,0.024155234972492855,0.020290294046432174,0.00011200538903770716,11.127434851820517
1617,0.033261113196586645,0.018446729459162307,0.014790595725747382,2.378801167695528e-05,11.126761199409192
1618,0.038299168280136485,0.021224262399442088,0.016966500387957304,0.00010840549273709631,11.12313246664687
1619,0.04698121989468697,0.031226598361799827,0.01571731807472966,3.7303458157476704e-05,11.12080407357232
1620,0.04534291687125215,0.024459373586272547,0.02072524026340609,0.00015830302157351177,11.118707629678804
1621,0.04624514979523636,0.029129615441619613,0.017064730471703603,5.0803881913138385e-05,11.116819991668827
1622,0.03290879479774241,0.017970756976578642,0.014850820162808993,8.721765835478047e-05,11.115120332450271
1623,0.02593469507466411,0.01476856243106339,0.011091860811816524,7.427183178419456e-05,11.113368955036044
1624,0.03045749539333849,0.015423753133958565,0.014975929341218153,5.7812918161772206e-05,11.11179196921137
1625,0.05764015579033719,0.032100717710903205,0.025472855023782468,6.658305565151437e-05,11.110371989187533
1626,0.029605014913939517,0.017525151440383954,0.0120058707748566,7.399269869896208e-05,11.10572341288898
1627,0.049291029339889325,0.030586161708344432,0.01855813734523216,0.0001467302863127334,11.101538753329443
1628,0.044287063315733975,0.023355284233910072,0.020848936889658335,8.284219216557092e-05,11.097771564334794
1629,0.03399604475792305,0.019561849845607732,0.014349971207250999,8.422370506431396e-05,11.09487526028572
1630,0.038958562234741416,0.02143397926375591,0.01745005572318071,7.45272478048017e-05,11.092267611416698
1631,0.032617905530844045,0.019365092212935878,0.013196777330101593,5.6035987806578126e-05,11.089919791851463
1632,0.040910662014186715,0.02273574598313393,0.018110881478476726,6.403455257606014e-05,11.088626928635488
1633,0.028274744169513043,0.0153192227203581,0.012823706759497122,0.00013181468965782004,11.085138455867147
1634,0.0394102847615088,0.023266933842680044,0.01589333611344826,0.0002500148053804999,11.081997817732773
1635,0.034427268817587696,0.01985282041013787,0.014429160438714908,0.00014528796873492227,11.079170248093398
1636,0.026458771315099057,0.013887938812439278,0.0125089583517577,6.187415090207753e-05,11.076624471532348
1637,0.041469329414685625,0.021759633853904815,0.019663887621563327,4.580793921748129e-05,11.07433234987447
1638,0.038311890889664524,0.024215730925441607,0.01387010024657386,0.00022605971764905712,11.07226856506288
1639,0.03137733940480318,0.018714958506291627,0.01245748035527146,0.00020490054324009212,11.070410334548452
1640,0.029901529420434232,0.01561716257578767,0.014245383996289237,3.898284835732689e-05,11.068737155773228
1641,0.03018381095406856,0.018501775654278404,0.01162802273276019,5.40125670299637e-05,11.067230576704207
1642,0.05560468002772933,0.030868939026907224,0.02457383713610591,0.00016190386471619708,11.065873989705302
1643,0.03803878945824717,0.021299852031611277,0.016711516877627005,2.7420549008888896e-05,11.064614140427837
1644,0.03671431357306121,0.022278580146385688,0.014354183995093613,8.154943158190837e-05,11.063479695620337
1645,0.05616891517218175,0.030678132333917363,0.025349983033110274,0.00014079980515411736,11.062458161774922
1646,0.023831739087063958,0.012540484936348411,0.01122991912033558,6.133503037996538e-05,11.061538292119803
1647,0.032570810266663267,0.020896175658917507,0.011587959897566134,8.667471017962784e-05,11.060709961815865
1648,0.03420261542275733,0.016366903591622756,0.01778630114655063,4.941068458393818e-05,11.059964055720457
1649,0.02393333523326359,0.0163494615357805,0.007418065428221016,0.0001658082692620733,11.059292367438923
1650,0.018147257585081344,0.011888101431173671,0.006001100131141365,0.0002580560227663106,11.058687508517496
1651,0.04027734632596678,0.024407216939459207,0.01579644208484874,7.368730165883528e-05,11.05814282674948
1652,0.019646428731942726,0.014135664251694133,0.005490629583641821,2.0134896606771206e-05,11.057652332672744
1653,0.023510903782948723,0.01489293626759918,0.008443821540842507,0.00017414597450703462,11.054762993916915
1654,0.034512066928825816,0.01857033209274117,0.015828102296411104,0.00011363253967354762,11.052161626238593
1655,0.0435326966701394,0.026695678127751123,0.01681301429138175,2.400425100652862e-05,11.044606906943798
1656,0.056459167013206385,0.03156367256752051,0.024796145328566485,9.934911711938799e-05,11.037807874177215
1657,0.03156368082247999,0.017867123810894094,0.013188434479424098,0.0005081225321618024,11.030496761243763
1658,0.03480234053744866,0.021534446082780063,0.012983361335762392,0.0002845331189062089,11.023916836668155
1659,0.03894646967551564,0.02098110486894031,0.01760905945878695,0.00035630534778838155,11.017994603960007
1660,0.032178611632804215,0.01654433856229614,0.015399645406220632,0.0002346276642874452,11.012664024178108
1661,0.028589410526437636,0.01586148077403168,0.012641954175424543,8.597557698141142e-05,11.005557377819404
1662,0.024303802520284343,0.01323687512727919,0.010736128672106961,0.00033079872089819334,10.999161370991866
1663,0.047700368233232184,0.027515482784468834,0.0200853521740113,9.953327475204923e-05,10.993941522533353
1664,0.019958405888397264,0.011166897381191124,0.008665044790370145,0.00012646371683599212,10.989242879072716
1665,0.03333072373336141,0.020514133455880892,0.012760553234128733,5.6037043351790886e-05,10.985013208859176
1666,0.0383753907335665,0.0216019840968938,0.01662261531624484,0.00015079132042785938,10.981205550242608
1667,0.0470676349737015,0.028226836442569864,0.01832820414958868,0.0005125943815429525,10.977777673179927
1668,0.02663825736695286,0.014989576893177401,0.01136807914002211,0.00028060133375334756,10.974691597030876
1669,0.039677550391809965,0.022930290942546176,0.016541266766596896,0.00020599268266689703,10.971913158523792
1670,0.050478824233837497,0.03195821022494499,0.018355376795212704,0.00016523721367980697,10.96824756250749
1671,0.026619558892767105,0.013480476582040837,0.012872669246318275,0.0002664130644079933,10.964595202602233
1672,0.021182576805439845,0.010472288591000493,0.010412034460227643,0.00029825375421170796,10.961307094276398
1673,0.03880669217589452,0.021073956050787507,0.016916861693044634,0.0008158744320623725,10.958346817800193
1674,0.039715982377190255,0.022308895887189262,0.017086730613548737,0.00032035587645226003,10.950520977747487
1675,0.053564026384024695,0.028049284748349116,0.025273117845396872,0.00024162379027870782,10.943478168141484
1676,0.023803027231677105,0.015866131215213717,0.00783082836812763,0.00010606764833575948,10.938248024948555
1677,0.02909290931472499,0.019236862853704618,0.009338668971012681,0.000517377490007689,10.933540138446393
1678,0.02602650911888119,0.02050990837673168,0.005094470297629249,0.000422130444520262,10.929302167769633
1679,0.019646566359103244,0.011218143741633862,0.007859241140584526,0.0005691814768848571,10.925487053787554
1680,0.019106341465753393,0.012516665583742601,0.006429800952539876,0.00015987492947091588,10.922052479312173
1681,0.036960093365900795,0.023977979980701333,0.01285288978386314,0.0001292236013363233,10.918960385751106
1682,0.045694388793880505,0.026676401688949018,0.018931510428529332,8.647667640216021e-05,10.916176540065283
1683,0.03182159860933977,0.01838063976119848,0.013201937713945854,0.00023902113419543538,10.912711884778927
1684,0.05010160055328302,0.028807078563191084,0.021094634842802214,0.00019988714728972335,10.909592720213693
1685,0.03735981182063252,0.025495077121598483,0.011586958448189896,0.00027777625084413515,10.906784510655452
1686,0.038260895750929315,0.02162430110075967,0.016290876863675773,0.0003457177864938746,10.90555635367178
1687,0.050359023069461814,0.029805058396046514,0.020334013573605557,0.00021995109980973887,10.904684918865076
1688,0.027880045416057368,0.019724276368932363,0.008113360591395814,4.2408455729190975e-05,10.903900205689066
1689,0.03554508311225526,0.024286641934216167,0.010887124444728861,0.0003713167333102271,10.90319357872349
1690,0.037319959913302996,0.021065698600019542,0.015539701535200243,0.0007145597780832157,10.902557263429996
1691,0.029973915135579777,0.015100964831960143,0.014285211990349123,0.0005877383132705105,10.901984260139594
1692,0.03865404709439558,0.022636170367058266,0.015632592722418584,0.00038528400491872694,10.901468266669717
1693,0.0384366411609519,0.02371321821195504,0.014688911422356867,3.4511526639989487e-05,10.90100360869823
1694,0.05994609719472676,0.03471272062810818,0.025132670869425756,0.0001007056971928231,10.900585177111394
1695,0.032378400725699266,0.018229648735707933,0.013921505324473091,0.0002272466655182396,10.900208371622771
1696,0.04690042276774693,0.02334239603391581,0.023392004019205923,0.00016602271462520414,10.904745450257039
1697,0.030147692660170228,0.018084713487232968,0.011803194098940071,0.00025978507399718865,10.908832938645967
1698,0.026032401917719435,0.016354460788659993,0.009608022904348128,6.991822471131309e-05,10.906985011114054
1699,0.04693357492301603,0.029146579058642125,0.017613272792533656,0.0001737230718402464,10.900183335495475
1700,0.026676360286899542,0.016159014407151128,0.010243394012838311,0.0002739518669101019,10.894061709757688
1701,0.022222001727752436,0.015120766738909032,0.0065079961686849925,0.0005932388201584118,10.888551816620247
1702,0.0250343899650237,0.01837703479988671,0.005824162503616606,0.0008331926615203878,10.883592263173442
1703,0.03828622650068189,0.024194928915205718,0.01359877026607669,0.0004925273193994866,10.879127867505185
1704,0.023889335063267302,0.017410534007733805,0.006409792016231157,6.90090393023394e-05,10.87510902098419
1705,0.031064308053799675,0.020341937364832113,0.010506113214004827,0.00021625747496273513,10.86808270766232
1706,0.047494642116063336,0.028867995250580102,0.018158026170311422,0.00046862069517181394,10.86175904447176
1707,0.029421685242120577,0.01646600082545032,0.012728827590066634,0.00022685682660362455,10.854929588249028
1708,0.0540099728130681,0.028317844035207963,0.025587539512258044,0.00010458926560210135,10.84878299629818
1709,0.017703709673585654,0.011165403845113392,0.006455984436841541,8.232139163072005e-05,10.843250662239713
1710,0.020382261958679152,0.013649580125219628,0.0066059375620551595,0.00012674427140436646,10.83827093450771
1711,0.032685338669751506,0.01884218733331265,0.013673591654790403,0.00016955968164844923,10.833788399632551
1712,0.037931345055062834,0.019486224690153188,0.018362965334924784,8.215502998486058e-05,10.82975324157248
1713,0.01754496558344262,0.010533394089339829,0.006957144368589961,5.442712551282782e-05,10.826120668619954
1714,0.037016090797266525,0.018504534461341128,0.018408012208505214,0.0001035441274201856,10.822850400426104
1715,0.05031904878874035,0.028301303793532226,0.021905867019202083,0.00011187797600604226,10.819906208569137
1716,0.01969338043357729,0.013139174296308634,0.006377257517769243,0.00017694861949941326,10.817255504860238
1717,0.03605311989241572,0.02065287018613774,0.015316010009100076,8.423969717789936e-05,10.814868972249904
1718,0.043645042799384526,0.020786348822472687,0.02271957610267186,0.00013911787423997963,10.812720233782828
1719,0.06511728826819212,0.03690697155320439,0.028149921426777132,6.039528821059642e-05,10.810785555562349
1720,0.03908171931018366,0.02544885712819874,0.013503567925063971,0.00012929425692094466,10.809043580135649
1721,0.036084007493586784,0.02231336151819044,0.013628714594837757,0.00014193138055859056,10.807475087107125
1722,0.04696824433699862,0.025189909466820842,0.021656831179746965,0.00012150369043081001,10.794264532741458
1723,0.04228203099582494,0.02123822626248762,0.020609095985898163,0.00043470874743915897,10.785424237605623
1724,0.04148521145102766,0.023437505350677554,0.017815983862222107,0.00023172223812800257,10.777469322816518
1725,0.042282662131469965,0.025201958353052174,0.016981388664933535,9.931511348426029e-05,10.77031056170056
1726,0.051718706444194705,0.027542258071346006,0.02408754475853812,8.890361431058162e-05,10.763867824222096
1727,0.04332495589330729,0.022926873575214304,0.020221442371591892,0.00017663994650109357,10.758069129900898
1728,0.02801884865860811,0.018129567030402083,0.009706105791594633,0.00018317583661139525,10.752849803008704
1729,0.03562951758903104,0.02215538081503641,0.01339987725377543,7.425952021919817e-05,10.74815171832375
1730,0.0420607334060376,0.02206511175714703,0.019940974671928343,5.4646976962229985e-05,10.737117363260289
1731,0.02959831395580641,0.01597031131937283,0.013534641354001798,9.33612824317831e-05,10.72719009983223
1732,0.026334922496491987,0.014947412238693891,0.011310604997294454,7.690526050364045e-05,10.718257986173448
1733,0.012444521631663088,0.006865235200212489,0.005554723428773785,2.4563002676814006e-05,10.710220562813985
1734,0.03350249274230638,0.02215412961511346,0.01123650788273854,0.00011185524445438012,10.702987644127822
1735,0.04920206535854934,0.026314274837221485,0.022853506258817026,3.428426251082514e-05,10.700276088206863
1736,0.04954325065196489,0.03026012409234906,0.01917689436966289,0.0001062321899529411,10.69783479347184
1737,0.015791237097345225,0.013125204993561367,0.0026331054440743152,3.2926659709541975e-05,10.695636770601194
1738,0.03286886207998319,0.021219360859482336,0.011600971788055364,4.852943244549656e-05,10.693657735447664
1739,0.02388425194527061,0.011334812092383453,0.012479822012162304,6.96178407248546e-05,10.691875836020984
1740,0.05137249268711667,0.030939370458066662,0.020284744350777307,0.000148377878272702,10.690271407377676
1741,0.03521978689342204,0.0223301840642363,0.012804193666614793,8.54091625709445e-05,10.68882675149925
1742,0.042801734330051605,0.025394845529749875,0.017354801707905605,5.208709239612436e-05,10.687525939557558
1743,0.039807047515922504,0.021369432709402874,0.018273566142917076,0.00016404866360255312,10.686354634246849
1744,0.04628919919593959,0.02555239408147356,0.020684225434449352,5.25796800166793e-05,10.685299930110698
1745,0.03419138163136017,0.01960745443259784,0.01425155065612379,0.00033237654263854093,10.684350210012495
1746,0.025696430465094976,0.01547868030154513,0.009882875925838149,0.00033487423771169785,10.683495016093975
1747,0.045511163419349264,0.02702213486139933,0.018053924445748985,0.0004351041122009477,10.682724933740447
1748,0.017389007533318308,0.010969543512334194,0.006240672683600105,0.0001787913373840072,10.682031487226345
1749,0.03777660487007829,0.020122478952596338,0.01755363849519223,0.00010048742228972907,10.681407045852852
1750,0.03619640750235525,0.021450435576251082,0.014682842940046058,6.312898605810338e-05,10.680844739512642
1751,0.03613797223844071,0.018123599536806742,0.017709798567534428,0.0003045741340995356,10.680338382726642
1752,0.04464401902230186,0.026086893672049197,0.01847404200138149,8.308334887117104e-05,10.679882406296176
1753,0.03320807641187925,0.0221988060599858,0.010902554816448166,0.00010671553544528353,10.679471795801565
1754,0.04681120828608452,0.029706439959104602,0.01679452444726694,0.0003102438797129787,10.679102036257083
1755,0.03468738315170954,0.01625144075862978,0.018059948679478296,0.000375993713601465,10.678769062302349
1756,0.03112307798655821,0.019116978947100217,0.011516742729709623,0.0004893563097483709,10.67846921337354
1757,0.04219190037897743,0.025240942943326225,0.016823449596445623,0.00012750783920558513,10.678199193354152
1758,0.030405092766580093,0.017374494775082353,0.012939961715341081,9.063627615665968e-05,10.690243785281893
1759,0.02352842214692224,0.01348079543482912,0.009642234478899794,0.00040539223319332405,10.701102096183368
1760,0.04158051404568914,0.021023042289352152,0.019903470515492083,0.0006540012408449108,10.710889919680511
1761,0.02892471672534597,0.018550988239227677,0.009654322742057766,0.0007194057440605268,10.7224207030932
1762,0.033139668791381076,0.01761135926854928,0.015178037399008193,0.00035027212382359954,10.735480404612588
1763,0.013857089884331136,0.008182819234704082,0.005641109264479924,3.3161385147128935e-05,10.747254846263361
1764,0.030781415471762826,0.02278458671899834,0.0077883882444469525,0.00020844050831753626,10.753399574065156
1765,0.03262014315303951,0.01865103152767175,0.013888484599312485,8.062702605527279e-05,10.756824798409273
1766,0.04293996367133488,0.0250898309085144,0.0178135132006083,3.6619562212178386e-05,10.763192381957248
1767,0.031059063056124245,0.01703569461439955,0.01397397699727649,4.9391444448207176e-05,10.768929891027195
1768,0.02826971880305518,0.018028392022055844,0.01013129307321884,0.00011003370778049703,10.774099381917857
1769,0.042053703556968906,0.022362994541014123,0.019474125109981793,0.00021658390597299198,10.77875685373571
1770,0.03700962513449168,0.022500956309489353,0.014446679423798528,6.198940120379647e-05,10.782952829243934
1771,0.03171540338810884,0.01701354627643467,0.014464691812715043,0.00023716529895912426,10.781919631474596
1772,0.04545383867865879,0.027914515247998723,0.017220717469941277,0.0003186059607187967,10.771274956136997
1773,0.02207069784866791,0.013855972786590483,0.007923848886429653,0.0002908761756477738,10.751191202883813
1774,0.02327305531541012,0.016241637137104824,0.006667054056176145,0.0003643641221291499,10.733136980976372
1775,0.04165047142698923,0.025797790557159354,0.015697932687308156,0.00015474818252171952,10.716904338313816
1776,0.030820581784111768,0.021445827989299015,0.00892673714647648,0.0004480166483362721,10.702307170034855
1777,0.020166256043585063,0.013792215156324276,0.0058764438425670034,0.0004975970446937822,10.689178822236414
1778,0.034719182441499095,0.020834477284324648,0.01345114642748759,0.0004335587296868623,10.677369977126
1779,0.04921939771046978,0.029499521826511364,0.01955996787249232,0.00015990801146609134,10.666746783231206
1780,0.03459567355287445,0.02311116350056444,0.011421237311512521,6.327274079748005e-05,10.657189199557502
1781,0.022274163113130834,0.011329560282638061,0.010863529286997907,8.10735434948636e-05,10.648589527000043
1782,0.03759113248299987,0.02280803506685087,0.014604846207696665,0.00017825120845233462,10.640851104027936
1783,0.043529818152476765,0.02564311390744103,0.017829678916796404,5.702532823932792e-05,10.633887146793816
1784,0.04196995087023246,0.020917712474735985,0.020990712599346702,6.152579614978022e-05,10.62761971647692
1785,0.03643597218580674,0.020416178558540693,0.01592020383318293,9.958979408311845e-05,10.621978798925387
1786,0.05898826545381113,0.02909606219562196,0.02976517144710133,0.00012703181108784158,10.611106074210447
1787,0.020130177011780197,0.013897926251290195,0.006016933351011041,0.00021531740947896048,10.601324265281196
1788,0.03953039967978293,0.021308373244616714,0.017707260839567623,0.0005147655955985954,10.592523064195934
1789,0.023892433380000314,0.013361425707015873,0.010089780096555747,0.00044122757642869176,10.584603477522949
1790,0.02459982817913094,0.016957802553159745,0.007450187136697652,0.00019183848927354039,10.577333675087967
1791,0.055823257447913034,0.029758129674312774,0.026014299910605145,5.0827862995114755e-05,10.570791196789818
1792,0.033982445434327914,0.017373391631111113,0.01642446655023001,0.00018458725298679436,10.56490289415703
1793,0.041685868253516896,0.02497997690917662,0.01605184378405116,0.0006540475602891218,10.559603047554381
1794,0.029960564439409955,0.017232468526406336,0.011463935706395454,0.0012641602066081666,10.554832598132146
1795,0.03877090786534155,0.024351376813156064,0.013109761363381836,0.0013097696888036492,10.550538461725063
1796,0.043442485779423036,0.025224219037113402,0.017426254430761828,0.0007920123115478032,10.546672915487735
1797,0.018868198329486476,0.010201181332400961,0.008047838957984181,0.0006191780391013302,10.543838067049949
1798,0.03073046264286632,0.01583807398835019,0.014515137154177914,0.00037725150033821416,10.541285825527257
1799,0.032892343053129464,0.02256371905038118,0.010226300926228827,0.00010232307651945997,10.53898795963884
1800,0.04719344340219848,0.026644396561507515,0.020444555175316872,0.00010449166537409466,10.536919069298982
1801,0.03208242276601466,0.019619785290231135,0.012355291273656723,0.00010734620212680047,10.532404719709142
1802,0.02779999668293281,0.014360530415744473,0.013282398415301712,0.00015706785188662368,10.528341025686728
1803,0.047055160043675374,0.02081929172187721,0.02603677429363355,0.00019909402816461216,10.526448816057135
1804,0.045146216319783966,0.02638831688841729,0.017916693198266023,0.0008412062331006529,10.524745098377423
1805,0.04332979325861405,0.026242931456873685,0.015105233713837549,0.001981628087902814,10.523211070193707
1806,0.030630782769905184,0.016343827793648624,0.008107806689270788,0.006179148286985771,10.521486482121999
1807,0.0531936205637238,0.02153438630233015,0.013484499070768785,0.01817473519062487,10.519933665593673
1808,0.09322055197211003,0.03358844145477754,0.020598991255089738,0.03903311926224275,10.521517094305766
1809,0.11147332437133785,0.02771192678189131,0.015980024501307637,0.0677813730881389,10.522943236844403
1810,0.10146217591967349,0.02597488441328362,0.014781057557195667,0.0607062339491942,10.524227698440257
1811,0.05133460193493451,0.026179836251346147,0.016541795180849278,0.00861297050273908,10.52538453951251
1812,0.034787263903984206,0.014663704672868283,0.007462173131297888,0.012661386099818036,10.52642642793954
1813,0.05671504463954919,0.021329853068155453,0.008607627894263276,0.02677756367713046,10.527666881248837
1814,0.03814086343269215,0.029155416214051377,0.008926193694280994,5.925352435977944e-05,10.528476674230882
1815,0.03969893627955265,0.012247681323999875,0.006107645740994311,0.02134360921455846,10.5292059768168
1816,0.026270229209115013,0.016880415893410723,0.007527551287790588,0.0018622620279137028,10.529862784599928
1817,0.03836658999989313,0.01986241474016524,0.004062124776174774,0.014442050483553116,10.53045429983379
1818,0.041366278879414534,0.02546886435317143,0.013331156608757944,0.0025662579174851627,10.530987009977489
1819,0.03887300244628659,0.0177172442806895,0.011934026051759293,0.009221732113837795,10.531466758497
1820,0.0339122851119248,0.021628393000869012,0.009912554737493843,0.0023713373735619455,10.531898808679776
1821,0.04277881678749805,0.023917523948434233,0.011939458153118764,0.006921834685945049,10.531114864530835
1822,0.04766527274007766,0.026730626085431884,0.019458337342916007,0.0014763093117297725,10.530408943611013
1823,0.036259763904164896,0.017245305357432524,0.013237798310788463,0.00577666023594391,10.529773276141034
1824,0.03308716854243773,0.022271441635313752,0.010383809948864635,0.00043191695825933773,10.529200866916746
1825,0.041255030269144746,0.023566133276206564,0.012425604626124014,0.005263292366814169,10.528685417932133
1826,0.03617508587353487,0.02300472138127499,0.013092250851976007,7.811364028388145e-05,10.528221258762118
1827,0.04589573019401967,0.0259862569258793,0.016000819589236482,0.0039086536789038895,10.527803283921195
1828,0.05921109202083817,0.03215838515744799,0.026958978814217577,9.372804917260404e-05,10.52742689649432
1829,0.04490075103739804,0.02335078599762024,0.018574146529683068,0.002975818510094726,10.527087957408337
1830,0.04589577359802212,0.024495916031580245,0.021280035913472595,0.00011982165296928468,10.52678273977639
1831,0.041783247389154225,0.0241387255272791,0.015663968017839005,0.001980553844036123,10.526507887805645
1832,0.03964694399641474,0.026239762083563444,0.01301826092783186,0.0003889209850194381,10.52626037981019
1833,0.027063720425161506,0.01730209375331221,0.008432271608802716,0.0013293550630465829,10.526037494917341
1834,0.03137120767868358,0.02033816178832474,0.010313738457319133,0.0007193074330397074,10.525836783097327
1835,0.04041274682318188,0.023596332852867365,0.016192913598448367,0.0006235003718661462,10.52565603818346
1836,0.033424100962913574,0.021004862960354545,0.012062580813944757,0.0003566571886142713,10.525493273583576
1837,0.03277587566657795,0.020041390259262375,0.012356211151769148,0.0003782742555464255,10.525346700413586
1838,0.027528251444031655,0.01588969825478498,0.010988204500673324,0.0006503486885733522,10.52521470781104
1839,0.029227139592505853,0.017668115295533835,0.01135870669200792,0.00020031760496409665,10.523158648425454
1840,0.054474473181232934,0.03210494817377699,0.021810856530272656,0.0005586684771832912,10.521307437994732
1841,0.024880110991488864,0.013675137819977543,0.01109445188221299,0.00011052128929832951,10.524063471352855
1842,0.026927925530715976,0.015227706860900114,0.011152983624701145,0.0005472350451147163,10.526545994026593
1843,0.028159708260826956,0.015811746127281832,0.012222637906759232,0.00012532422678589132,10.528782093801516
1844,0.034380771525684375,0.02375795924828226,0.010275985822241537,0.00034682645516057747,10.53079618625252
1845,0.0395554346516101,0.019702423373534957,0.01978944333633542,6.356794173972246e-05,10.532610276373065
1846,0.029039746660497433,0.01413440304859974,0.014651986174172769,0.00025335743772492126,10.522204305236523
1847,0.04376478989952095,0.02632345049966616,0.017394702464878103,4.6636934976688254e-05,10.512842165919876
1848,0.0368016324008266,0.023691978760133327,0.012937427391508417,0.00017222624918485563,10.504418364702873
1849,0.03611384909768948,0.017585067072910777,0.018344936910784378,0.00018384511399432312,10.496838217975366
1850,0.016577862004875807,0.01135192405766596,0.0049439723925414885,0.00028196555466835743,10.490016716582321
1851,0.03127055850876792,0.017739379260763993,0.013364358552959782,0.00016682069504414236,10.4838775146769
1852,0.04278853361657627,0.026179038349229057,0.01637414903380854,0.00023534623353868117,10.478352028479726
1853,0.037224145835567136,0.021497935293691466,0.015483524676866343,0.00024268586500932672,10.471623491353876
1854,0.04054664695435699,0.023191020353695194,0.017116885318764534,0.0002387412818972596,10.464871303201065
1855,0.042426068881706594,0.024495866547632382,0.01769152296147379,0.00023867937260041861,10.455897636941645
1856,0.03948687364284903,0.022801351757905906,0.016318984742043897,0.00036653714289922913,10.449804096041117
1857,0.03813637689621725,0.020785846821965152,0.017113512009186874,0.00023701806506522526,10.442687059680468
1858,0.03978829723942638,0.021341731761099283,0.018249059372899477,0.00019750610542762205,10.436282077774944
1859,0.03198799241413298,0.02151246005378533,0.01039938240298191,7.61499573657308e-05,10.430517539203388
1860,0.02078092560938881,0.011150847408714812,0.009555920744623282,7.415745605071798e-05,10.425329104807261
1861,0.04393281942796734,0.024359489815896744,0.019355040180648077,0.00021828943142252245,10.420658955740723
1862,0.05464776547939821,0.030299140563351853,0.024227185791887023,0.00012143912415932648,10.416455121982663
1863,0.016418535175950127,0.008869061610999924,0.007354390720733611,0.0001950828442165912,10.412670882005603
1864,0.020668075233066876,0.010764289258261645,0.009797279752851511,0.00010650622195372339,10.409264225690192
1865,0.027544733039594232,0.015656451819308446,0.011577737866187907,0.0003105433540978781,10.40619737352062
1866,0.040360836331088716,0.022206233583682306,0.01811203635987111,4.2566387535295946e-05,10.403436345918065
1867,0.022563992978991105,0.014562240914160854,0.007813984140472928,0.00018776792435732094,10.400950577284467
1868,0.03400218704545054,0.01796985733457781,0.015986085010106888,4.6244700765841364e-05,10.39871256995289
1869,0.04456689615871219,0.028690136652727523,0.015593332872022022,0.00028342663396264847,10.396697583786706
1870,0.03443229075680835,0.023678415136823044,0.010701070814368111,5.2804805617196324e-05,10.394883357648162
1871,0.0412151657354975,0.02571743505193349,0.015297505275370245,0.00020022540819376828,10.391150594157658
1872,0.023093069519432723,0.013043818681379545,0.009912020115883057,0.00013723072217012143,10.387790267604586
1873,0.02160402613069289,0.01625676221089354,0.0051874918745008535,0.0001597720452984951,10.384765115675098
1874,0.04761399821294842,0.026504479614552417,0.021020204855349525,8.931374304648123e-05,10.382041623522616
1875,0.026075943218526302,0.019080328313528183,0.006971966732025854,2.3648172972265317e-05,10.37958964322778
1876,0.03614273952828293,0.0229742975626686,0.01309215809465809,7.62838709562418e-05,10.377382052588574
1877,0.02999092129579951,0.01810071679888612,0.011827913413276046,6.229108363734174e-05,10.368962716300505
1878,0.0402388038117056,0.022656700074310185,0.017460742092993593,0.0001213616444018255,10.360051266352919
1879,0.042080809444498324,0.02344362836618797,0.018447476742076314,0.00018970433623404068,10.352032779125746
1880,0.05877417332858643,0.031174764668963347,0.027324791737984792,0.0002746169216382947,10.344817190575569
1881,0.046307733615805445,0.026054868667347172,0.020239196192800936,1.3668755657339452e-05,10.338323631163354
1882,0.04991721428925069,0.025976157058404656,0.023698143209627764,0.00024291402121826545,10.332479466375444
1883,0.04237032109805345,0.025320437550633578,0.016949101688611308,0.00010078185880856949,10.327219441256219
1884,0.04457754549566504,0.02499762412957263,0.019450368965883476,0.00012955240020893423,10.314278177796169
1885,0.04474255968564064,0.02203489442011381,0.02254965725964315,0.00015800800588368087,10.302638047947651
1886,0.03181685579482706,0.019223593659872373,0.012515417829014178,7.784430594051215e-05,10.292166993932748
1887,0.026738120249118147,0.01685196988015617,0.009724821210443312,0.00016132915851866544,10.282746595244106
1888,0.042214056494974325,0.024747018877821957,0.017444586578541664,2.2451038610702667e-05,10.274270616391751
1889,0.019658278897481,0.012417519374795632,0.007119202326263311,0.00012155719642205787,10.266643717462799
1890,0.032667315496712916,0.020927463980929838,0.011662679858554787,7.717165722829267e-05,10.259780307759724
1891,0.02343686424663829,0.016905802787521094,0.006507559106480177,2.3502352637021593e-05,10.253603525433723
1892,0.03501450351559253,0.021287810163571258,0.013517796001629749,0.0002088973503915182,10.248044328281525
1893,0.031673714821038305,0.020360709370363522,0.011242367286981183,7.06381636935969e-05,10.243040682793898
1894,0.033977705304891664,0.017541603525052935,0.01626724184521703,0.0001688599346217019,10.242741256193426
1895,0.03814863725997851,0.02208899697819013,0.015965158523619294,9.448175816908897e-05,10.242553453245659
1896,0.04024770397731463,0.022183698010872572,0.017963566514417436,0.00010043945202461726,10.242384334024353
1897,0.037960900003238485,0.02426452485255666,0.01354376790808716,0.00015260724259466725,10.242232039515924
1898,0.032874311893484026,0.019998395897573806,0.012816805486392562,5.911050951765573e-05,10.242094895725229
1899,0.015552941294028568,0.010582783820779033,0.0048762780417995226,9.387943145001139e-05,10.241971395252326
1900,0.039518113713612274,0.021197422912009375,0.018220130496034454,0.00010056030556844403,10.23229291833421
1901,0.03021764009473416,0.016222514227464742,0.013951608910219373,4.351695705004466e-05,10.22141584343869
1902,0.03127884605149263,0.019242410466331787,0.01193724676780917,9.918881735167416e-05,10.21163061330775
1903,0.02415016438796567,0.015762459995455072,0.008302446661227543,8.525773128305494e-05,10.202826744019012
1904,0.04705553117277169,0.024648241334464877,0.02239399116760071,1.3298670706106253e-05,10.194905098547132
1905,0.030657546333615546,0.021892229365810957,0.008721004824386275,4.431214341831413e-05,10.187776690022734
1906,0.03127390647790216,0.022441952011097284,0.008784391936392308,4.756253041257105e-05,10.18136161705209
1907,0.04230765955205101,0.02835161349194652,0.013907946775815822,4.8099284288663365e-05,10.175588115458401
1908,0.044032171905084946,0.022942330764278825,0.021043316675183762,4.652446562235799e-05,10.171730672478132
1909,0.026711943027248202,0.01527471752493715,0.011341572569352793,9.565293295825759e-05,10.168258185802802
1910,0.015688159278414385,0.009523457537562197,0.006147337746425159,1.7363994427030754e-05,10.167177957135493
1911,0.03238750382588931,0.01892948275774714,0.013406420291077609,5.160077706456279e-05,10.166205278638145
1912,0.04051382252608359,0.0276067769442871,0.012866106679169771,4.093890262672169e-05,10.161864531743563
1913,0.03356951391960568,0.0236472442167542,0.00978953736979172,0.0001327323330597597,10.157957152304446
1914,0.04320448967584062,0.021478957551972988,0.021578534150207558,0.00014699797366006946,10.154439732549747
1915,0.04154073746125348,0.022109699646229646,0.019340210368471295,9.082744655253749e-05,10.150636243392707
1916,0.02256719831453036,0.014512203385321026,0.007976105207374238,7.888972183509552e-05,10.147582313266808
1917,0.03459638916637007,0.019977846517184844,0.014475143787496812,0.0001433988616884117,10.143475994365069
1918,0.03410533075753829,0.01834084872420376,0.0157405968811491,2.3885152185431594e-05,10.139779561759445
1919,0.03415213904321261,0.0169910220422816,0.017122890438002688,3.822656292832145e-05,10.136451974274392
1920,0.02240913824188805,0.01581670781645269,0.006572167207807827,2.026321762753504e-05,10.133456324134743
1921,0.03738534869356363,0.0238571477861556,0.013439512355942703,8.86885514653285e-05,10.130759416142805
1922,0.05143909207032582,0.029453288800487143,0.021918422985572193,6.738028426648726e-05,10.128331390551558
1923,0.025846238528200154,0.016329182914318587,0.009495845425502204,2.1210188379364925e-05,10.126145384938017
1924,0.014392127852135677,0.008339037631321145,0.0059895123627287045,6.35778580858293e-05,10.124177230914537
1925,0.042135154192472234,0.025419334501947104,0.016537427682862236,0.00017839200766288756,10.122405181983924
1926,0.02215637213794281,0.013527771337788843,0.008595641640118551,3.2959160035413375e-05,10.118419752867231
1927,0.04452096320862836,0.027262855074440984,0.017197345976670192,6.076215751718433e-05,10.114832108959112
1928,0.038095253815667925,0.024270809729406328,0.013746934654626692,7.75094316349021e-05,10.111602427465881
1929,0.02535709183124186,0.01258275455828579,0.012704152935430434,7.018433752563452e-05,10.108694894990087
1930,0.030563127504142668,0.020304834869736565,0.01017456369619821,8.372893820789197e-05,10.106077299579015
1931,0.039782650892455786,0.024042905606002817,0.015696162180665593,4.3583105787369884e-05,10.099757932126257
1932,0.0630326978521269,0.039576538918942805,0.023323633872996196,0.0001325250601878934,10.090893509373382
1933,0.03248336642495209,0.019841979629299577,0.012573293326366022,6.809346928649211e-05,10.082917519676009
1934,0.03566822065589873,0.020300373903037575,0.015311155845108877,5.669090775228306e-05,10.075740325217641
1935,0.022357354919905197,0.014298571905331127,0.008030109536241706,2.8673478332364818e-05,10.069281444552875
1936,0.0332185840259101,0.01646527770840269,0.016722394987123326,3.091133038408839e-05,10.063132761644521
1937,0.028355975522639007,0.01761120007793623,0.010730889809740352,1.3885634962426313e-05,10.05782825802848
1938,0.025266393759893604,0.01609695094958376,0.00914959963088013,1.984317942971103e-05,10.053053807041625
1939,0.030000920395307842,0.016073708542181993,0.013900603530532499,2.660832259335371e-05,10.048756229398224
1940,0.047034322210788244,0.02447402074674332,0.02250729807639311,5.3003387651815616e-05,10.044887721625168
1941,0.030393437390421715,0.015126788174126053,0.015231577647712916,3.5071568582745275e-05,10.041405305006151
1942,0.04647330168767503,0.02606985148900288,0.020367856077103227,3.559412156891851e-05,10.038270332442478
1943,0.04749991194488276,0.028252737368280073,0.019096540967959152,0.00015063360864353835,10.03544804687803
1944,0.035543385970903014,0.023251321615837338,0.012072173198227428,0.00021989115683825267,10.032907185680966
1945,0.024231526885957953,0.015500131554985775,0.008655719811525027,7.567551944715364e-05,10.030619626023897
1946,0.0612013079170907,0.03328853328487317,0.02779494115002154,0.00011783348219598817,10.026295171235935
1947,0.03248043187611781,0.01923416148887488,0.013189161844063487,5.7108543179442176e-05,10.023322714593563
1948,0.04756361306540503,0.025476612653774315,0.02190440598929813,0.0001825944223325884,10.020646696629866
1949,0.044598238557313166,0.023585494321917057,0.02067784574930848,0.00033489848608763133,10.018237486664583
1950,0.02682709338480913,0.01656062436575044,0.010195716819348817,7.07521997098693e-05,10.016068428505177
1951,0.025769078792551532,0.014244440370119708,0.011490521776563258,3.411664586856831e-05,10.014513764480663
1952,0.02969818769915066,0.016463620073047507,0.013098735509045513,0.0001358321170576386,10.011262597650372
1953,0.030295909626326244,0.016242970425675393,0.0139814723541083,7.14668465425493e-05,10.008335744666198
1954,0.03394398303827844,0.01956708654446624,0.014236969667651384,0.0001399268261608115,10.005700773608453
1955,0.02574394051206427,0.01711039774863556,0.008612534259220227,2.1008504208481966e-05,10.003328511061051
1956,0.04134084924066967,0.022122264914726394,0.0189592328796055,0.000259351446337777,10.001192711841279
1957,0.018158782801612896,0.011642130302100089,0.006480659120702623,3.5993378810187075e-05,9.983501444026492
1958,0.028538244078461374,0.014904613885351322,0.013366686898048985,0.00026694329506106326,9.96759680834799
1959,0.0395630765171627,0.02250072135423429,0.017033800117107374,2.855504582103645e-05,9.953295981847667
1960,0.029619495329951954,0.017848077720651456,0.01147855070978158,0.00029286689951891755,9.940435300914725
1961,0.04941551132237687,0.027468556918410603,0.021902305958593406,4.464844537286125e-05,9.928868168903632
1962,0.022687354765480176,0.014888461054568246,0.0076226819283020195,0.00017621178260990864,9.918463207844951
1963,0.042998192193906326,0.030559465658600658,0.012348332085096217,9.039445020945477e-05,9.909102622982289
1964,0.04224357235263229,0.02490977853177443,0.01679381779302716,0.0005399760278307026,9.909525113638008
1965,0.025005445956063455,0.015841166243444327,0.009009084682638547,0.0001551950299805816,9.90990559190926
1966,0.02489977812178338,0.013647539364719255,0.01113644176551719,0.00011579699154693659,9.910248234085552
1967,0.036206620775310644,0.02160600355618352,0.014542430452109303,5.818676701782161e-05,9.91055680157188
1968,0.03982081917277791,0.022327836341597556,0.017268487598230096,0.00022449523295025868,9.910834682054837
1969,0.025955046922102338,0.014393439542278905,0.011399867385747452,0.00016173999407597886,9.909490440243113
1970,0.032376459329726964,0.017920425554460467,0.014209731624858132,0.00024630215040836485,9.905202171498821
1971,0.025047163631826897,0.014241042919912208,0.010711352544528027,9.476816738666303e-05,9.903121829962068
1972,0.026804910940071713,0.01899725242138569,0.007681720461337136,0.00012593805734888394,9.90124880819537
1973,0.018998792940301892,0.010171101344466586,0.008741015960840426,8.667563499488139e-05,9.899562412088958
1974,0.030578098336958903,0.015491635070146509,0.014926311464567651,0.00016015180224474525,9.898044019477123
1975,0.04857649145429785,0.030125268132961864,0.018104243101297227,0.00034698022003876167,9.89503882504402
1976,0.029535672019729616,0.019238927401674214,0.01025512003909405,4.162457896134996e-05,9.892333359776194
1977,0.03365196898987256,0.022112752238631284,0.011429033660615255,0.00011018309062602085,9.888970617421883
1978,0.05021817224543956,0.025655741833675045,0.024473313475561344,8.911693620317163e-05,9.884964137305545
1979,0.04066437114394573,0.02245962362792032,0.01811861522267288,8.613229335252429e-05,9.881357600728638
1980,0.037614670545217534,0.02124508124169628,0.01633308397160519,3.650533191606254e-05,9.87811095959802
1981,0.04516870372074708,0.02421922614304654,0.020739387943605313,0.00021008963409522286,9.874632171408338
1982,0.037633442642990525,0.021012631561575405,0.016367217814978626,0.00025359326643649335,9.871500493518303
1983,0.03918409332487448,0.023081221432793685,0.01595876798560068,0.0001441039064801152,9.873203046372444
1984,0.02311064280492238,0.013200376837599321,0.009681471319299098,0.00022879464802395813,9.873737714059903
1985,0.03948892224217902,0.023477716787784573,0.01598179351024437,2.9411944150083805e-05,9.874219218869905
1986,0.057466938172566616,0.03183922822072109,0.025593763138677606,3.394681316791906e-05,9.874652844614047
1987,0.05233434790395932,0.030938008272193028,0.021363396628859114,3.294300290717581e-05,9.87504335037426
1988,0.016098931360340196,0.01112732460115573,0.004921564858321872,5.004190086259405e-05,9.875395022533372
1989,0.030382366302789652,0.014948728420121028,0.015364569727000739,6.906815566788351e-05,9.876504848183622
1990,0.034428203324524696,0.017557018011423273,0.016824562315137608,4.662299796381486e-05,9.877504376905991
1991,0.029714756809946313,0.017879567798463444,0.01173669656079345,9.849245068942127e-05,9.878404560607908
1992,0.03506706032582443,0.02240838259227474,0.01257735299591109,8.132473763859521e-05,9.877323943830284
1993,0.03975758332634723,0.02250871782621562,0.017055203763034144,0.0001936617370974693,9.876350926484198
1994,0.02461416014157103,0.014839608903984405,0.009755786188496127,1.8765049090497666e-05,9.87547478567286
1995,0.03404362825034741,0.019151256433752303,0.014682836805883984,0.00020953501071112313,9.873502370061312
1996,0.05458454722507157,0.03386566944494309,0.020293662585746313,0.00042521519438216927,9.871726505250434
1997,0.04646705967984564,0.028746156957772537,0.017451944574934524,0.00026895814713858145,9.870127574948254
1998,0.046366516779800616,0.023476972036331662,0.022819242584783347,7.030215868561007e-05,9.868687926312873
1999,0.03976329321618086,0.0212145405892517,0.01844128108359611,0.00010747154333305029,9.867391672349001
2000,0.026662312461013266,0.013688293399354646,0.012859092707694798,0.0001149263539638213,9.864127920466625
2001,0.03437550420853854,0.018222416607034938,0.016048917180060036,0.00010417042144357009,9.861189768071343
2002,0.020735872343501435,0.012566276167302999,0.008022796990731367,0.00014679918546706982,9.859625404865888
2003,0.035112483265882635,0.02298976154693314,0.011997362605141832,0.00012535911380766264,9.85821687601083
2004,0.03460041342053096,0.019307903433161504,0.015134902100840394,0.00015760788652906282,9.856948639130522
2005,0.029492933230547483,0.01638660491931105,0.012908314013287653,0.0001980142979487804,9.8563527799671
2006,0.01864648127278113,0.012258071716796189,0.006267116651833454,0.00012129290415148928,9.854711430112596
2007,0.03542671809300731,0.02011287786580245,0.015219252809691126,9.458741751373567e-05,9.853233595260674
2008,0.04008077723958757,0.022623167800569312,0.01723728704659473,0.00022032239242353562,9.851343459785033
2009,0.03761408736697753,0.02649266494027442,0.010791307274758103,0.0003301151519450073,9.849641665130637
2010,0.035337208756535746,0.020539281983430566,0.014396221064987183,0.0004017057081179975,9.848109416597364
2011,0.02663042572079783,0.01684641949864867,0.009440920454206225,0.00034308576794293773,9.846729800263867
2012,0.01706799892308662,0.010166580054528246,0.006845676359121317,5.5742509437056934e-05,9.845487593788151
2013,0.043650429026410795,0.024305743857314783,0.019315173819561732,2.951134953427601e-05,9.844369096427767
2014,0.017156769849199175,0.011181919646690554,0.005916259811062293,5.859039144632577e-05,9.840523110846298
2015,0.03094541908216059,0.018159859061803563,0.012518681956195273,0.0002668780641617552,9.837061011283435
2016,0.023501119359418243,0.012773716461686051,0.010640481947957295,8.692094977489891e-05,9.833944365411503
2017,0.026389776740263864,0.014581021278534409,0.011701980959102569,0.00010677450262688416,9.82998821658163
2018,0.0472153848669218,0.02775534315687714,0.019258723941871784,0.00020131776817287114,9.82642698995923
2019,0.04011143260174766,0.0229968825832262,0.016940776413826297,0.0001737736046951652,9.822292758235298
2020,0.02674423556261561,0.014112366976713885,0.012389617674967476,0.0002422509109342463,9.81857129169035
2021,0.03829338452506547,0.02675546727046992,0.011292400603891792,0.00024551665070376326,9.815221246531033
2022,0.04925439678916176,0.029213186650935707,0.01975032164966274,0.00029088848856330895,9.808999262563987
2023,0.016585284586535003,0.012006556946022214,0.004287185720832356,0.0002915419196804323,9.803399623306998
2024,0.05049379270534394,0.030533020639269874,0.019655448550567802,0.00030532351550626694,9.79835977799187
2025,0.042978650355063513,0.02674254427128563,0.016101779793509973,0.00013432629026791047,9.793823519747189
2026,0.02627489887412975,0.014689595922781906,0.011536477055867361,4.882589548048114e-05,9.791174518888596
2027,0.02807578098153549,0.015375270381060265,0.012607580292928295,9.293030754693011e-05,9.788789657377546
2028,0.0277036846740271,0.016068656318163205,0.011617424821798063,1.7603534065836332e-05,9.78363337054807
2029,0.032574784546320644,0.01882830134334268,0.013697423423405837,4.905977957212957e-05,9.77899236325391
2030,0.05099705213154968,0.027888979699244608,0.023020690975121157,8.738145718392286e-05,9.774814934726775
2031,0.04781457213254053,0.027594687562398756,0.02001139436332552,0.00020849020681624935,9.771054610892007
2032,0.028541901329933683,0.01700810826896858,0.011332981614450335,0.00020081144651476842,9.766712689596307
2033,0.03295724228590576,0.01944505077692629,0.013300012423319532,0.00021217908565993553,9.762804361660322
2034,0.014258630808313919,0.010199456747057892,0.0035290411455476027,0.0005301329157084236,9.7592861800267
2035,0.03573308332114614,0.018671172825673106,0.016593380767879407,0.00046852972759362687,9.756119079036003
2036,0.038618167971596735,0.023546435467503665,0.014788775910707026,0.0002829565933860397,9.753267927322025
2037,0.03170572421475318,0.018554194379875925,0.012984320899596639,0.00016720893528061458,9.750701127321177
2038,0.044324274425167454,0.022792333264487853,0.021472315636694085,5.962552398551764e-05,9.748390256352064
2039,0.021256383132518472,0.013242761544339973,0.00797611574048446,3.75058476940415e-05,9.746309744800737
2040,0.037937794694817464,0.021086449728014357,0.01670313506936828,0.00014820989743483215,9.744734929683013
2041,0.021738711709714864,0.01123564769400866,0.010358236043675723,0.00014482797203048338,9.743316998790247
2042,0.038184786582866836,0.020541818615494478,0.017118402520919843,0.0005245654464525173,9.739950652265039
2043,0.032151163313422694,0.017978216197500497,0.013532635775234267,0.0006403113406879367,9.7369201939713
2044,0.0191621884657219,0.01406673782520951,0.003650218592198886,0.0014452320483135028,9.734192020674156
2045,0.013688930919617764,0.007395675693255654,0.0033985528197993217,0.002894702406562787,9.731735907723554
2046,0.02242203588993488,0.012797286073384085,0.005744349421221327,0.0038804003953294658,9.729020045301924
2047,0.053975360904150255,0.03154311581211087,0.01720229829343294,0.005229946798606445,9.726575013378959
2048,0.053267097272101806,0.030302244780556292,0.017067690784833542,0.005897161706711973,9.724373746374713
2049,0.047406026920448846,0.02323210881552707,0.019655828230770524,0.004518089874151254,9.722391894480202
2050,0.04339384151006678,0.025341161910224414,0.016305837545410734,0.001746842054431638,9.72060754908556
2051,0.03990823543650089,0.02254726365874549,0.0172890089047334,7.196287302199779e-05,9.719000996358051
2052,0.03139908757797838,0.016149631454329266,0.01380091236420713,0.0014485437594419853,9.71755449601093
2053,0.04227016244317378,0.02028263455173941,0.017234469572489846,0.004753058318944526,9.716252082628717
2054,0.0325835572438343,0.016126646890498,0.01139351036833369,0.005063399985002607,9.712810279490068
2055,0.022779462986548638,0.014764542978512036,0.006068396701808688,0.0019465233062279134,9.709711922378471
2056,0.02755935381365185,0.015712897549881144,0.011546114418021987,0.0003003418457487182,9.706922646777318
2057,0.02746097519689508,0.01585339979865142,0.010898497756053201,0.000709077642190461,9.704411544246067
2058,0.023661022199051866,0.013791744835203555,0.008186572505853328,0.0016827048579949858,9.70215081151002
2059,0.027554305020305158,0.01940879919080889,0.0066736248580205,0.0014718809714757647,9.70011543580567
2060,0.019305310498633627,0.012791409990355131,0.005880386102367218,0.0006335144059112771,9.698282912618799
2061,0.018560872012148153,0.010840476097462935,0.007562702823512191,0.00015769309117302723,9.696632992385668
2062,0.033191109402208506,0.02076127418131726,0.012327607439622612,0.00010222778126863449,9.697679024262793
2063,0.04316780181177723,0.028405469536143743,0.014680021749047109,8.231052658637131e-05,9.698621089126567
2064,0.03414597392499607,0.021150427065887732,0.012888442064072386,0.00010710479503594717,9.699469511725209
2065,0.02840613664278839,0.019409935885186445,0.008817416074538151,0.00017878468306379506,9.70023359312079
2066,0.030761550552995783,0.016598316829147804,0.013747835346477463,0.0004153983773705189,9.700921711876227
2067,0.035810213348215374,0.01987408666131063,0.01581293203059523,0.00012319465630951048,9.699140745918703
2068,0.024174068631701764,0.012988795528501062,0.011143128606639841,4.2144496560858216e-05,9.69715394424257
2069,0.027352500255137226,0.017041325483295053,0.01019540492667274,0.00011576984516943369,9.69536514696599
2070,0.06401262330772874,0.03374648320172628,0.029857877130380385,0.000408262975622064,9.693754589937667
2071,0.03968245468810805,0.02606458820465194,0.013086334362211564,0.0005315321212445458,9.692304487681787
2072,0.03151268248420748,0.019112152186909585,0.012177384459184553,0.00022314583811334208,9.694467718948298
2073,0.02694024365160611,0.01530043860194301,0.011500861372460366,0.00013894367720273078,9.696416154564417
2074,0.037420244487853874,0.0245662050728844,0.012509812481694993,0.0003442269332744812,9.698171085257227
2075,0.03452115235043603,0.0219425837341013,0.012098286238354367,0.0004802823779803641,9.699751698415684
2076,0.046362953034603895,0.027609350659545142,0.01845874702398461,0.0002948553510741428,9.704102277475455
2077,0.02287151121379552,0.01181770192001465,0.011017301616981412,3.650767679945761e-05,9.71076629090515
2078,0.04687843903635158,0.026018279139515207,0.020572900477902716,0.00028725941893366336,9.718737538393057
2079,0.049811370680950366,0.03202056108624921,0.01749745128594241,0.0002933583087587423,9.725921362871063
2080,0.02760336524279622,0.016037909721917522,0.011438558376914583,0.00012689714396411163,9.725656838064227
2081,0.016016301048195195,0.010011125202810448,0.005968964473720586,3.621137166416017e-05,9.723910806823383
2082,0.046080449784434055,0.024871749086618048,0.02084742320467654,0.00036127749313946445,9.722338748685035
2083,0.03445930749641592,0.017952319321259975,0.01633403329485538,0.00017295488030055756,9.716099780888939
2084,0.04748568510507895,0.02815861314983613,0.019202736172062498,0.0001243357831803234,9.710484927167292
2085,0.028078758581723193,0.018575842567117702,0.009456314883014998,4.6601131590492656e-05,9.70543144812003
2086,0.022457554601846366,0.0105470573631381,0.011577129441078408,0.0003333677976298573,9.700882969155122
2087,0.03200672984113362,0.017366688717122988,0.013936174844052487,0.0007038662799581411,9.696788823878897
2088,0.02825085725894694,0.016440918425094538,0.011342914743134097,0.0004670240907183094,9.693103467266852
2089,0.04605568974054693,0.024865831379928455,0.02091537002446707,0.00027448833615141105,9.688956668012182
2090,0.04972158580379299,0.03096305364766524,0.018522224660014002,0.00023630749611374435,9.685223935850852
2091,0.03914793234917975,0.018484487049771216,0.020481385193484754,0.00018206010592377794,9.681863789611752
2092,0.020378973861288917,0.01106218718309968,0.008737039653930372,0.0005797470242588645,9.678838929359884
2093,0.026985306622622923,0.011863378174444713,0.01427691523034118,0.0008450132178370268,9.676115810092345
2094,0.026475348409542597,0.014683344191700573,0.010940626288267537,0.0008513779295744857,9.673664259808417
2095,0.022428078878948758,0.012059508132090658,0.010069104858609759,0.00029946588824834094,9.671457137165438
2096,0.05206123534648242,0.028170265084029877,0.02362712884843209,0.00026384141402045655,9.66947002447987
2097,0.026847958658439346,0.014961196842770658,0.011426329164260892,0.00046043265140779444,9.66768095231252
2098,0.03283443549764287,0.014987646997871864,0.01723870860875243,0.0006080798910185827,9.663490922440282
2099,0.0502850588387113,0.027690409146372212,0.022132712798819384,0.0004619368935197035,9.659719299119951
2100,0.04520191124596404,0.030366608597076513,0.014698047640612125,0.00013725500827539472,9.656324162386866
2101,0.023484359122909852,0.017067230954197304,0.006107761935412423,0.00030936623330012693,9.653267818485512
2102,0.055146393889783214,0.0317362478548459,0.022588191166054133,0.0008219548688831797,9.650516368842947
2103,0.05426844618858476,0.032174112292582845,0.019928846759357622,0.0021654871366442877,9.654675713283883
2104,0.05326369514154641,0.03114341348541058,0.0175896695966,0.004530612059535829,9.658422790468688
2105,0.05478098832151761,0.02348489855708713,0.024019386320866448,0.007276703443564026,9.66179832585958
2106,0.04971587708226796,0.02193365450077897,0.014244510426232088,0.013537712155256905,9.66483904793047
2107,0.050991013572160175,0.019066713568428494,0.008660909905466675,0.023263390098265006,9.667578075516204
2108,0.0589464656359128,0.019041356201277792,0.012028353585560217,0.027876755849074793,9.6709417339276
2109,0.07168301280563198,0.025378666985721544,0.024207045868340556,0.02209729995156988,9.671293777944893
2110,0.04324226017675363,0.023557594952210634,0.009209840360833913,0.010474824863709082,9.671610808928715
2111,0.023151323985828982,0.014767663158523276,0.00836009558173648,2.3565245569229304e-05,9.671896308144706
2112,0.024010585731046634,0.0095158345284252,0.004373467252604808,0.010121283950016624,9.672153410912273
2113,0.03592212231637839,0.01774415038240778,0.005298438354745192,0.012879533579225414,9.672384940947193
2114,0.046741653045610926,0.031320642916588294,0.014120745540932463,0.0013002645880901716,9.672593441301636
2115,0.05595619999343068,0.03580630700333612,0.015974071920975896,0.004175821069118663,9.672781202237463
2116,0.027032276547252335,0.011576931112582813,0.006257358699565659,0.00919798673510386,9.672950286335782
2117,0.03091003654556029,0.01721249549190818,0.013081535634279936,0.0006160054193721744,9.67310255111592
2118,0.04081366645913259,0.022036904061583148,0.014707696606846813,0.004069065790702633,9.670268237279975
2119,0.04976686489727292,0.026102028540545243,0.019380431514248224,0.004284404842479453,9.66461189602219
2120,0.0363638149802252,0.019761660188376433,0.01650719716853972,9.495762330904688e-05,9.659521125521747
2121,0.04723513947943632,0.021999559138111014,0.02176242111139699,0.003473159229928314,9.654939121948832
2122,0.040480762687546384,0.020973806686032524,0.01761457282533452,0.0018923831761793392,9.6508148344912
2123,0.030541961691592748,0.016889957243821824,0.012828246072396523,0.0008237583753744007,9.645451987184938
2124,0.03325889673340302,0.01594197507022553,0.014215717241799859,0.0031012044213776296,9.638214101292204
2125,0.04624805292827641,0.02635077369961297,0.01947052707468907,0.00042675215397437993,9.629081111683616
2126,0.0297889764470309,0.02203872416500476,0.006696156619948376,0.0010540956620777666,9.62086415694946
2127,0.02552731686205637,0.011230202176208884,0.012080661335745813,0.0022164533501016735,9.61553661720549
2128,0.04047256519899758,0.026158790312165833,0.01418384112719981,0.0001299337596319291,9.610741632593788
2129,0.043361500680254954,0.02585941471673513,0.016028908358808436,0.0014731776047113925,9.606425741807787
2130,0.05833406532738551,0.03437460627644875,0.022685411333846613,0.0012740477170901496,9.60254089300076
2131,0.03223984252257932,0.020705964949124328,0.011409697886678472,0.00012417968677651617,9.599043888386323
2132,0.03578982883874325,0.021821153563117493,0.01195144402411926,0.0020172312515064996,9.595895887371427
2133,0.03168455792227925,0.018554461220435036,0.012645156470972333,0.00048494023087187804,9.590976765534975
2134,0.0335192087527581,0.01658099889180774,0.01641918135624028,0.0005190285047100857,9.586549201214964
2135,0.05924945855428705,0.035134356566005207,0.022651666963359362,0.0014634350249224802,9.582563881213568
2136,0.01856655988245105,0.009173832346942749,0.009275412275277778,0.00011731526023052108,9.578976475923184
2137,0.04516215922756359,0.026836402322372267,0.017632361468472888,0.00069339543671844,9.575747128805666
2138,0.029282431921062297,0.01711414472038866,0.011555998728039923,0.0006122884726337153,9.572839999460205
2139,0.021295693951818125,0.012219316528238973,0.008982429755765733,9.394766781342004e-05,9.570222854414995
2140,0.03907473317597472,0.023088030500185378,0.01543327427000933,0.0005534284057800125,9.567866700463455
2141,0.04140840163332903,0.022629268175582647,0.018516311971106557,0.00026282148663983037,9.565745455963361
2142,0.045319621345450714,0.02670808348434333,0.018457946087281938,0.0001535917738254453,9.563835656039716
2143,0.02878557325830503,0.01756238683165462,0.010805283305788982,0.0004179031208614256,9.561564056747217
2144,0.03307108897612131,0.018434343145198376,0.014519124292694176,0.00011762153822874837,9.557322068377267
2145,0.033002019637784354,0.015812843358356036,0.01700130727131256,0.00018786900811575748,9.55350372578216
2146,0.029512324302086487,0.015624178990718177,0.013538712779166176,0.00034943253220213257,9.550066575681916
2147,0.02012087411458881,0.015956096348951034,0.004155766701355802,9.011064281974499e-06,9.546773931389566
2148,0.01844655249092894,0.01231872647117191,0.006000990248490806,0.00012683577126622154,9.543809844316462
2149,0.05574059717828448,0.030206033509280267,0.025450258464267912,8.430520473629556e-05,9.541141442517112
2150,0.021785848001847272,0.012289684216283505,0.009480030605215902,1.6133180347866476e-05,9.538896719859789
2151,0.036140847271931585,0.020999402641224605,0.015079503435174214,6.19411955327665e-05,9.536875777434522
2152,0.045414881961482655,0.027746248301297658,0.017468685352556457,0.00019994830762853804,9.53123555515513
2153,0.03470540544136171,0.022814208443578232,0.011854059686832672,3.713731095080729e-05,9.526159335961594
2154,0.022455904494297838,0.012598045611596768,0.009735593832476514,0.00012226505022455638,9.521590466269412
2155,0.027423651830562702,0.020997942064012464,0.00633993668941091,8.577307713932843e-05,9.517478031541437
2156,0.0404097333554153,0.022339907558651888,0.017998614861763365,7.121093500004426e-05,9.513776265823296
2157,0.051759852407301056,0.026563497110570204,0.02513942596355235,5.692933317850234e-05,9.510444023733442
2158,0.04599538335375756,0.027003894017971024,0.01894998423619345,4.150509959308883e-05,9.507457815586378
2159,0.03400521894065272,0.017873071024390386,0.01607401048472639,5.8137431535938896e-05,9.50476951039203
2160,0.04286026256988539,0.024062304943914623,0.018734023769406784,6.39338565639837e-05,9.499023256082227
2161,0.04090922715774298,0.02184990760616813,0.019018801749653973,4.0517801920874545e-05,9.49385167544104
2162,0.023569608005795394,0.014641616629374679,0.008867992008544037,5.9999367876680276e-05,9.489197030500176
2163,0.03383180220213104,0.022785254244032847,0.011010608531550116,3.5939426548079446e-05,9.485007434523459
2164,0.038315556230827164,0.021019621659817075,0.017231417134789404,6.451743622068713e-05,9.481236249564832
2165,0.042231204282378726,0.02225851571831927,0.019879204905848893,9.348365821056145e-05,9.47784154782827
2166,0.02716218378755192,0.017171428256125137,0.009941835223944314,4.892030748246586e-05,9.474785629744071
2167,0.03478812237914023,0.01958634199540875,0.01511994858608784,8.183179764364423e-05,9.472034592522407
2168,0.029603431328745673,0.012846300798372992,0.016617314386966394,0.00013981614340628377,9.459031416034481
2169,0.04547437159326924,0.025932470078061317,0.019478633634226757,6.326788098116625e-05,9.447337221854642
2170,0.04988529750585689,0.024986636441035246,0.024707798131168492,0.00019086293365315357,9.436818874250879
2171,0.03641052379651323,0.01809765873928663,0.018173802482997086,0.00013906257422951625,9.427357036439465
2172,0.024761191408531547,0.01308763836023756,0.011587948361130224,8.560468716376151e-05,9.41884469199811
2173,0.05532636136562232,0.03126596683263007,0.02380517326500333,0.00025522126798892074,9.411185833680316
2174,0.06291021435858063,0.03784364576886588,0.024990392639007594,7.617595070715046e-05,9.404294299055492
2175,0.047810814141127235,0.02816457725872435,0.01948398410367549,0.00016225277872739617,9.401710964995216
2176,0.023806837316965392,0.011807036730452134,0.011910036673861129,8.976391265213089e-05,9.39938525934537
2177,0.03128278664252506,0.01749433401693897,0.013449077569106745,0.0003393750564793479,9.39729143533828
2178,0.02712393912328252,0.015961353361273238,0.01100462239703601,0.00015796336497326982,9.395406329541462
2179,0.015188081052152884,0.01064523150624718,0.004489553459591944,5.329608631376106e-05,9.393709100716167
2180,0.03931650081255813,0.020921924673568144,0.018149064093371046,0.0002455120456189382,9.392180995439134
2181,0.039311334490419604,0.024531967859929008,0.014732898148623198,4.646848186739661e-05,9.389585890100957
2182,0.029241001129405655,0.01806604247831184,0.01105762518862879,0.00011733346246502794,9.387249591667132
2183,0.06184664284725613,0.032287340687618196,0.02934230655528082,0.00021699560435710832,9.385146234817572
2184,0.03241817660306724,0.019851021934138288,0.012482875426393576,8.427924253538088e-05,9.38325254960018
2185,0.01073737445918607,0.005417441223983945,0.005174709423486989,0.000145223811715136,9.381547599047998
2186,0.05283274431738422,0.029568268831838728,0.023189618010534544,7.48574750109428e-05,9.380012543691395
2187,0.03079540829214111,0.019919475055551576,0.010830304914671454,4.5628321918079654e-05,9.37863043013937
2188,0.04056624414033836,0.024397514642103872,0.015945931775618316,0.0002227977226161711,9.377386001213782
2189,0.030571240670685246,0.01839449189796049,0.012076475652528364,0.000100273120196394,9.376265525393752
2190,0.019145442688840962,0.012268891436543779,0.006836452184314488,4.009906798269272e-05,9.375256643569333
2191,0.02736718870101679,0.01723359386931901,0.010042910649232668,9.068418246510866e-05,9.374348231317754
2192,0.03318671836060879,0.024220346166956865,0.008884842773777645,8.152941987427699e-05,9.37353027510558
2193,0.03408939237175039,0.019018128297691034,0.015017864880196801,5.339919386255379e-05,9.372793760988879
2194,0.042902394026431444,0.02950997635420093,0.013346786465599673,4.563120663084128e-05,9.376259961870241
2195,0.030485071070475638,0.016329152772450287,0.014067273192558167,8.864510546718696e-05,9.379382396020702
2196,0.04948786143103566,0.030638263483491305,0.01880031847164409,4.9279475900260436e-05,9.389373250369665
2197,0.03359475658351605,0.018892143149095816,0.014594196984708313,0.00010841644971192287,9.398379187122119
2198,0.025442548332361148,0.014890226474116901,0.010537947989519233,1.437386872501371e-05,9.406496483708711
2199,0.03732488812749579,0.022398841541824744,0.014860405899937812,6.564068573323731e-05,9.41381216103689
2200,0.050793468168436405,0.027350623641562818,0.023317728263828944,0.00012511626304464475,9.42040484400285
2201,0.036025095285368236,0.017710326128861895,0.01822732067401158,8.744848249475839e-05,9.427142707351583
2202,0.052858296151795416,0.02930005977132965,0.023219230556622752,0.0003390058238430209,9.43321431948842
2203,0.024528706578759333,0.01019068052137218,0.01262437259833607,0.0017136534590510822,9.438685190239676
2204,0.05490710897704767,0.028350708896729554,0.017863451550349303,0.00869294852996881,9.441562628790132
2205,0.07980366783266778,0.022892555780483673,0.013860755396838488,0.043050356655345616,9.44568048776054
2206,0.2174312085216823,0.019552784070890922,0.014648376643758246,0.18323004780703311,9.441424266119048
2207,0.48814387003127196,0.04287847907693742,0.018609132252333193,0.42665625870200136,9.437593154193689
2208,0.20241633853103974,0.02603288129438084,0.013224886062991211,0.1631585711736677,9.434144545487657
2209,0.055313371681291024,0.03445681843776424,0.008301630628853196,0.012554922614673584,9.431040131474747
2210,0.3950983680685252,0.05313113425645559,0.009084954574522438,0.3328822792375472,9.428245462802279
2211,0.44244487081509315,0.051041373034506045,0.017375483021126684,0.3740280147594604,9.423333285630008
2212,0.061478468943114525,0.04286299605387902,0.010876808030534311,0.007738664858701191,9.416449538917627
2213,0.41703144389167274,0.05152361910709055,0.010548257959889432,0.35495956682469276,9.410254989459395
2214,0.6953650337932479,0.06172437822263715,0.024679445586838277,0.6089612099837725,9.404525205678667
2215,0.04367035397502542,0.03059062570569232,0.007692716190375241,0.005387012078957858,9.399368489377036
2216,0.28317506588454944,0.06575188951440541,0.019125841966703763,0.19829733440344027,9.391082889515234
2217,0.08736587867144059,0.03866606092992231,0.013401968485261968,0.035297849256256314,9.38362791248608
2218,0.23584823021669812,0.060549282384427756,0.01711433921725586,0.15818460861501452,9.376919730363408
2219,0.09293259194636341,0.049089772410214214,0.006405692185434906,0.0374371273507143,9.366561412437683
2220,0.22503256768409205,0.07303499111060434,0.015002526918377966,0.13699504965510975,9.357243485212011
2221,0.10616238520340338,0.09040714454610614,0.015088363278610874,0.0006668773786863612,9.348860576323718
2222,0.19997752853228362,0.06557190731265533,0.015407643178021981,0.11899797804160629,9.340735775812224
2223,0.06869463150063743,0.040928366721088044,0.015706115586458704,0.012060149193090675,9.333425394685731
2224,0.10932429826762052,0.05257397250597038,0.009248265456427927,0.04750206030522222,9.3268472563348
2225,0.12651124179349588,0.05233876624159617,0.013507303410307404,0.0606651721415923,9.320927578034981
2226,0.06505453717547016,0.04918022468724905,0.015251185532427715,0.0006231269557933905,9.31321978252323
2227,0.11104848353782248,0.04322214375764574,0.014035409525490265,0.053790930254686474,9.306284330328063
2228,0.0831780533735595,0.04019919706079808,0.010589517288166858,0.032389339024594566,9.29278656060909
2229,0.08430348958662866,0.06865527617313862,0.011675212520862626,0.003973000892627415,9.28064850951913
2230,0.10012154563139053,0.04062213451506399,0.011299029324245754,0.04820038179208078,9.269731706421926
2231,0.08977760167917778,0.05949544345466461,0.008855945185030741,0.021426213039482427,9.259912064920854
2232,0.07244125163376827,0.058389299318227415,0.013253803129782306,0.0007981491857585421,9.25107833559432
2233,0.06450925232731965,0.029041093936024647,0.009920482270439672,0.02554767612085533,9.243130734985476
2234,0.07760990091066504,0.03975229256715876,0.011837810234339304,0.026019798109166974,9.23043985768734
2235,0.07333714766580567,0.061952799563245654,0.00975840783752711,0.0016259402650329042,9.219026579604115
2236,0.06273329994538208,0.04511485350883561,0.007446345535339423,0.010172100901207053,9.20876095118245
2237,0.11240390478520254,0.07422066455050491,0.018072186749356962,0.020111053485340678,9.199526492210778
2238,0.10333564731341824,0.0809925783324403,0.016458702482299425,0.005884366498678521,9.191218748478908
2239,0.06054089274680928,0.04920362021305654,0.010188067494288999,0.0011492050394637388,9.183744011857065
2240,0.08148319781769695,0.05152031552189207,0.017777990757891098,0.012184891537913772,9.177018183707162
2241,0.08489462268515693,0.05947039326280023,0.015130448213479761,0.010293781208876947,9.170965764283574
2242,0.029394670478339102,0.022586026589295184,0.0064902127044615685,0.0003184311845823519,9.165518953104936
2243,0.06256734278067301,0.046919958915241075,0.01137413159436602,0.004273252271065905,9.160616847253973
2244,0.08041315645176543,0.05265498029946186,0.018022925894044257,0.009735250258259318,9.156204726247143
2245,0.0639036416851922,0.04384582392801239,0.017044994471403025,0.0030128232857767915,9.152233413557475
2246,0.07225002282393313,0.04794023989087569,0.023543776951393126,0.0007660059816643011,9.148658706111641
2247,0.05956023734730548,0.03652862518682812,0.017568416429700036,0.005463195730777323,9.145440864148032
2248,0.04599070080430387,0.02938481800896463,0.01192581040843641,0.004680072386902827,9.142544154743302
2249,0.050291045736179686,0.03329078962120119,0.016889094415688585,0.0001111616992899107,9.139936443112278
2250,0.058245912703799696,0.035821053883544354,0.019382262344316194,0.003042596475939141,9.137588826479034
2251,0.07872233681420308,0.044164867985130044,0.03040143485558876,0.004156033973484288,9.135475305920272
2252,0.053777326300314746,0.035369657823263886,0.018183409610814598,0.00022425886623626457,9.133572492109138
2253,0.05230541382392168,0.03482345342553644,0.015284591414033228,0.0021973689843520173,9.131859341348752
2254,0.058630629224058484,0.03556986508577189,0.02071197607353898,0.002348788064747617,9.128725910868067
2255,0.042898233132833787,0.026474594707179964,0.016207163386899315,0.00021647503875450987,9.125905167139424
2256,0.05235674148686158,0.029694541863234277,0.020506233332489784,0.0021559662911375147,9.123365824750982
2257,0.03062601488067372,0.019634998977509907,0.008939162825426271,0.002051853077737546,9.123622294796222
2258,0.03667242449226468,0.02192453956888811,0.014333472783323137,0.00041441214005343507,9.123853252984036
2259,0.0645217415884451,0.04220534952081133,0.020028490934969435,0.0022879011326643467,9.125188504046491
2260,0.07159843605842023,0.04468586348535218,0.0263576002835271,0.0005549722895409487,9.126391068550868
2261,0.04040413373900139,0.026791597847792545,0.012425589463842987,0.0011869464273658586,9.127474116769513
2262,0.01787709760803393,0.009949206785468692,0.006443337220902622,0.0014845536016626151,9.128449514554088
2263,0.021202691273523498,0.01503455470374985,0.005953578242914172,0.00021455832685947823,9.129327951991982
2264,0.04424723098863367,0.02499014625688629,0.017567392595232847,0.0016896921365145352,9.13164771744791
2265,0.04176912353685811,0.02402134972239887,0.017435262361345037,0.0003125114531142082,9.133737176402066
2266,0.04321325340098174,0.026603721857124604,0.01514790190779794,0.0014616296360592008,9.135619148372697
2267,0.030251173217729816,0.01759782711787168,0.01218171257920001,0.0004716335206581226,9.137314200409481
2268,0.05388403078657732,0.027216854742840205,0.026073508559041888,0.0005936674846952189,9.138840867809472
2269,0.043960492193279965,0.022625834020588143,0.020634223494614166,0.0007004346780776544,9.140215853513052
2270,0.05400996980373269,0.033652956539062494,0.019890395684282136,0.0004666175803880587,9.146088415976717
2271,0.05399741198212772,0.03225850864108737,0.021247178877038427,0.000491724464001927,9.151379899621965
2272,0.043695421147400965,0.023417457630796445,0.020187345372972457,9.061814363206344e-05,9.156147511250111
2273,0.037543611569545964,0.02025218415542369,0.01681845898460863,0.0004729684295136421,9.160442880517245
2274,0.039037570115523786,0.021845504424335655,0.017095474728811948,9.659096237617735e-05,9.164312593251138
2275,0.05016464365899574,0.030319310900383492,0.01935183436067884,0.0004934983979334108,9.167798675757941
2276,0.03356311681455208,0.0241790202147487,0.009161582451095055,0.00022251414870833093,9.170939034236655
2277,0.029996673904265973,0.01965641575415128,0.010152004726476677,0.00018825342363801558,9.173767853150807
2278,0.04003385633528823,0.025160822579416268,0.014631193614627183,0.000241840141244779,9.176315956138957
2279,0.0457285027109003,0.023537601401374245,0.02201317118613255,0.00017773012339350212,9.178611132783063
2280,0.03648368125486036,0.019242771002741743,0.017100613118999436,0.00014029713311917806,9.180678434299802
2281,0.0327697088116005,0.017552227659114815,0.015091799002348402,0.0001256821501372817,9.181156651614804
2282,0.0359803179745354,0.022557770049316046,0.013170189844263947,0.00025235808095541305,9.181587308343234
2283,0.025896717464541807,0.01630598792877608,0.009411768877309379,0.00017896065845634642,9.181975132637334
2284,0.03135490303159992,0.01748987036844406,0.013761466926505327,0.00010356573665052936,9.182324382972054
2285,0.025457890207842573,0.015829710557529398,0.009494313493619469,0.00013386615669370658,9.18026298956595
2286,0.04935155986294708,0.024359213530954892,0.024759936619678326,0.0002324097123138636,9.178407098166012
2287,0.03600528052689644,0.022012430310813447,0.013819199731365441,0.0001736504847175482,9.176736186743076
2288,0.03955732617579112,0.02167236509834273,0.017736969543802418,0.00014799153364597486,9.175609369809488
2289,0.028153010050739728,0.014264382358464535,0.013790672006475421,9.795568579977261e-05,9.174594788308067
2290,0.042226242298734104,0.026113860566293973,0.015978229909943017,0.00013415182249710818,9.17125515844582
2291,0.032068359833081664,0.01699805162810736,0.015009747875823919,6.05603291503846e-05,9.168248858675573
2292,0.03749981455739003,0.02504250075314184,0.012278161852164527,0.00017915195208366124,9.162913530740903
2293,0.049331807248752337,0.027359648713882228,0.02185509309719684,0.00011706543767326284,9.151736228083216
2294,0.04551054926843267,0.027436001489668505,0.01800400105216281,7.05467266013502e-05,9.141682725351675
2295,0.04302376396955958,0.018402368400974697,0.024507506050989798,0.0001138895175950827,9.132638989199721
2296,0.03755741671803225,0.017337920371529616,0.02013979257004753,7.970377645509883e-05,9.124502754395198
2297,0.036674939542576786,0.02145367725618421,0.015079560520577764,0.00014170176581481856,9.117182272355924
2298,0.04538576295671567,0.025522714112370604,0.019775383723097187,8.766512124787972e-05,9.11059519964409
2299,0.03606894095799289,0.015748930477811715,0.020026802351052062,0.0002932081291291115,9.097373887948669
2300,0.03585924283642286,0.022661696489601247,0.01290693253304074,0.0002906138137808746,9.085484509205974
2301,0.021501297558473458,0.01238564449874662,0.008894317341017489,0.00022133571870934694,9.074791415136087
2302,0.03141060664319351,0.01979890756883829,0.01143962380768865,0.0001720752666665712,9.065173049406077
2303,0.03330194287214889,0.023786459652527785,0.009279556426157454,0.00023592679346364938,9.056520431687302
2304,0.025642943340695782,0.016752747443166297,0.008647603250540079,0.00024259264698940706,9.054902904845965
2305,0.04516509664414514,0.028088582102950583,0.016998590282704163,7.792425849039647e-05,9.05344656878927
2306,0.03674439935812891,0.02502293499880563,0.011543967876321946,0.00017749648300134107,9.054349392755885
2307,0.035454834396705395,0.018427286882441312,0.01668574808292956,0.0003417994313345301,9.050783940701226
2308,0.03138037127030418,0.021991012072837914,0.0092485335504931,0.00014082564697316435,9.047574452387273
2309,0.05790602279680639,0.0302342593309492,0.027475845579318054,0.0001959178865391378,9.0446852820788
2310,0.0314486757195795,0.012686168803723677,0.0185481602747766,0.00021434664107922836,9.04208437387474
2311,0.05940183513974952,0.030978590487027308,0.028130535094263616,0.00029270955845859327,9.039742896345844
2312,0.03815107882792894,0.019786817263515943,0.01808904266309238,0.00027521890132061307,9.037634915078698
2313,0.0293264084117154,0.016408730332568424,0.012263011439203329,0.000654666639943649,9.035737099058874
2314,0.03699601004190655,0.01996983139102464,0.016355019336907615,0.0006711593139742937,9.034028457287121
2315,0.021544612714913314,0.01025072298793305,0.01110113468830409,0.0001927550386761746,9.032490102426806
2316,0.019906087053208066,0.01193662782856156,0.007688661881087099,0.0002807973435594058,9.031105038636378
2317,0.04355642932282483,0.027029630334715258,0.015835197874392862,0.0006916011137167077,9.029857971053556
2318,0.023436734786935937,0.014630818055355856,0.008222268110549205,0.0005836486210308759,9.029838661194368
2319,0.03662928074839932,0.021618290088241437,0.014823283392002359,0.0001877072681555304,9.029821272712232
2320,0.020084829973175112,0.011104813630319062,0.008719802063561724,0.0002602142792943238,9.029805614423328
2321,0.05187640296805422,0.02781686323637904,0.022772109893042226,0.0012874298386329596,9.029791514167808
2322,0.03182971907301394,0.02230265009273854,0.008720945714276349,0.000806123265999056,9.02977881691669
2323,0.05233188625620997,0.028385073578072177,0.023526371467078224,0.0004204412110595709,9.027475259451347
2324,0.050219421337271204,0.029667153486241934,0.020005576541138458,0.0005466913098908153,9.025401410717729
2325,0.04698295055031631,0.023420236556555212,0.0233742198529952,0.00018849414076589613,9.024680390113344
2326,0.030391192124184792,0.01569686912376163,0.014066313147871606,0.0006280098525515563,9.021389737815811
2327,0.04665645057854821,0.022535420461410157,0.02272797052012292,0.0013930595970151332,9.018427535412588
2328,0.043379585116921436,0.024809691506883523,0.01745366908913127,0.0011162245209066421,9.015760907542395
2329,0.051447910122687165,0.033142347169890535,0.017695191776933572,0.0006103711758630567,9.013360286784199
2330,0.04821743451974315,0.025915970849142364,0.021792677558628803,0.0005087861119719744,9.01119907753199
2331,0.04630978965743621,0.023890244643215364,0.021141077949544375,0.0012784670646764607,9.009253354640297
2332,0.03297718717770445,0.0160738118156034,0.015835553124747076,0.0010678222373539776,9.009206996433972
2333,0.048739045444919624,0.023694991845486447,0.024489812857274796,0.0005542407421583775,9.009165251134121
2334,0.045580200671432515,0.0246047480517137,0.02081585460561305,0.0001595980141057593,9.011501418399803
2335,0.02845110795437087,0.01765534622249367,0.01056330592045517,0.00023245581142202623,9.013605652077722
2336,0.03560367081997202,0.024429515030096827,0.010743677859449253,0.0004304779304259387,9.015500931850038
2337,0.0518604758198009,0.03232328680145868,0.018991737648086173,0.0005454513702560469,9.017207969401916
2338,0.020067688094862705,0.013412478553568726,0.006203187345140496,0.00045202219615348105,9.01874543059747
2339,0.028396752210587673,0.016648356619925954,0.011650821996634619,9.757359402709774e-05,9.020130136207287
2340,0.02593473052044461,0.017921518053520435,0.0075867389022496404,0.00042647356467453583,9.02137724319774
2341,0.03329494451924662,0.020545714920128518,0.01265117528765676,9.805431146133473e-05,9.01829606429263
2342,0.03389318773466223,0.019791894751471868,0.013773118136153948,0.0003281748470364109,9.015522368714034
2343,0.04373028131246151,0.02635689669273835,0.017169210639821013,0.0002041739799021463,9.01302539095329
2344,0.02854921287911835,0.016728818737596005,0.011337986235963325,0.0004824079055590173,9.01077745900094
2345,0.041977579399947125,0.019881667188243714,0.02182395585883894,0.0002719563528644708,9.008753680417003
2346,0.03128676686006955,0.01596738072564045,0.014805667931159058,0.0005137182032700435,9.00693166079998
2347,0.026760980629964674,0.02065406850414792,0.00605296505409799,5.394707171876643e-05,9.005291251209883
2348,0.04401073129624268,0.021114000035740717,0.022241357989518075,0.0006553732709838859,9.00437707974076
2349,0.034582435916598306,0.020420801542471334,0.013324262022232844,0.0008373723518941284,9.003553949719038
2350,0.02812809249403722,0.01682853052422696,0.00972170667460539,0.0015778552952048703,9.002812787344425
2351,0.03944016660853624,0.026580764228506405,0.011711435578599402,0.0011479668014304388,9.00214542451315
2352,0.02255460825473281,0.013870589604929283,0.008138087112199389,0.0005459315376041388,9.001544508162574
2353,0.04682466339014019,0.027922286877648018,0.01867868041183682,0.00022369610065535152,9.001003418737849
2354,0.04721781592065748,0.02279105994508169,0.024289069597322927,0.00013768637825286055,9.000516196853736
2355,0.03179661378732008,0.018466624528686377,0.013109648443212413,0.00022034081542129255,9.000077477320518
2356,0.028555984214455057,0.016228506059259958,0.01207608997095553,0.0002513881842395682,8.9996824297886
2357,0.034833822463032564,0.018243431808346745,0.016285704980755763,0.00030468567393005663,8.999326705342982
2358,0.028733399338613463,0.017119255120142444,0.011400522198425293,0.0002136220200457261,8.999006388447254
2359,0.037587829013469645,0.022531555211931335,0.014948239742215009,0.00010803405932330444,8.998717953698112
2360,0.034186223182937264,0.019073755249929974,0.01506583285820736,4.663507479993189e-05,8.99845822690623
2361,0.03828445204938673,0.02342302324064275,0.014797939827565967,6.348898117801216e-05,8.998224350068647
2362,0.03611673356199288,0.023211526258265162,0.012857186017579184,4.802128614852896e-05,8.99801374984179
2363,0.03736456133368037,0.017606496431201924,0.019670017924686405,8.80469777920434e-05,8.999677805247154
2364,0.034995645560113385,0.024444596062332652,0.010439560726954341,0.00011148877082638673,9.001176545577195
2365,0.030423359752541936,0.014243238588740128,0.0160586557839514,0.0001214653798504108,9.002526370329008
2366,0.03595772979731407,0.019238632963609625,0.016499503570213573,0.00021959326349086858,9.003742056617519
2367,0.031747058589106904,0.02012573812309144,0.011445334247348858,0.0001759862186666107,9.008318347442582
2368,0.04350639101154296,0.027745818095754545,0.015708395303094314,5.217761269409706e-05,9.0124412732139
2369,0.02235172791125293,0.011510248510917887,0.010800091675297609,4.138772503743449e-05,9.016155569336618
2370,0.04463728321948486,0.02897415247331873,0.015577274274358576,8.58564718075543e-05,9.019501590778809
2371,0.033108177921378476,0.020133759350638755,0.012835602490337708,0.00013881608040201268,9.02251573459117
2372,0.028673592804137886,0.01856265016555879,0.010057956913747114,5.298572483198549e-05,9.02523082289391
2373,0.027569948413672916,0.015057842579370049,0.012297686973464748,0.00021441886083811996,9.02767644979392
2374,0.02973612803106234,0.018046456476741714,0.011599665886418847,9.000566790177978e-05,9.029879295438652
2375,0.03906448816245561,0.02341646602593727,0.015351305544641756,0.0002967165918765869,9.031863410165661
2376,0.0427419758554039,0.020829017073827193,0.021763913423797233,0.00014904535777947477,9.03365047147061
2377,0.02473365644997671,0.015800077576586875,0.008352054038972559,0.0005815248344172758,9.03526001629296
2378,0.042925059951975826,0.020738924320586452,0.021225499200522704,0.0009606364308666684,9.036709650908485
2379,0.03235909961087535,0.017651849939836785,0.013596600865902687,0.0011106488051358832,9.038015240521233
2380,0.053354942918194606,0.026215898724510835,0.02594885975800276,0.0011901844356810173,9.03079981669151
2381,0.03718569505145299,0.02466626302440642,0.011177846959213684,0.0013415850678328886,9.0243072842777
2382,0.039478900675249576,0.023670716271877893,0.014954439952251201,0.0008537444511204787,9.01846477811885
2383,0.018424058134783667,0.013311210404706753,0.004549280070618653,0.000563567659458262,9.01320686095039
2384,0.06288722183536963,0.03500512726916643,0.027408383661534755,0.00047371090466843783,9.008474750513919
2385,0.03710460026696259,0.021295594531837384,0.015651556727888864,0.00015744900723634075,9.004215630019207
2386,0.03488514209060556,0.018184939526856625,0.01613874533132845,0.0005614572324204861,9.000382032429988
2387,0.01963231309898068,0.011675692173015279,0.006070248606943502,0.0018863723190219004,8.996931290230785
2388,0.04563163975305556,0.01991150210995066,0.021770006889526558,0.0039501307535783434,8.9938250433538
2389,0.06140004438549092,0.028565185221596626,0.028202587178652688,0.004632271985241603,8.991028798827857
2390,0.045835992967265364,0.029227654459875525,0.011549605316037843,0.005058733191351992,8.988511536476745
2391,0.04390166883381512,0.021262121018102133,0.01836461491257475,0.004274932903138239,8.986245355659399
2392,0.03734538800253105,0.019505804309731613,0.015891082351841924,0.0019485013409575192,8.982043402901654
2393,0.01672058139227504,0.010008166667638253,0.006508804961528193,0.0002036097631085947,8.978261244300445
2394,0.037996192364933665,0.018169292824545973,0.019430256350002537,0.00039664319038515357,8.974856790147134
2395,0.049482118594393734,0.029676107117588536,0.01817904429025696,0.0016269671865482417,8.971792199198239
2396,0.03040305481748222,0.017260241784801122,0.010979613300249007,0.002163199732432093,8.969033444477674
2397,0.02530197044986251,0.017940193442512024,0.005987265309586207,0.0013745116977642788,8.966549924461784
2398,0.030494759832459802,0.019952551385960613,0.010386919005482012,0.00015528944101717774,8.964314114716379
2399,0.03327599708359428,0.01655021333041171,0.016467986135369032,0.00025779761781353507,8.962301255624888
2400,0.018004703438789474,0.008872537806266017,0.008432623357877516,0.0006995422746459434,8.959925743088487
2401,0.010847377018975255,0.007396379171197553,0.0031887502669567724,0.0002622475808209301,8.957787144261056
2402,0.05607133752387768,0.029211554532116487,0.026736932669286707,0.00012285032247448947,8.955861783200792
2403,0.04929230853628612,0.026781662306049833,0.022369784637873626,0.00014086159236266388,8.954128359130932
2404,0.03260904266486472,0.018891736845935956,0.013633687795055121,8.361802387363698e-05,8.955368557779792
2405,0.04156716952917881,0.02236820832009713,0.019037898459743262,0.00016106274933841877,8.956485497440092
2406,0.026167148067235413,0.012837762470421551,0.012885895813699408,0.0004434897831144533,8.957491415162048
2407,0.04001146015116512,0.023807385139520597,0.015997403300272887,0.0002066717113716351,8.958397335608746
2408,0.04404695972612194,0.02709865629278314,0.016935216079995107,1.3087353343689206e-05,8.959213190701423
2409,0.03156885606892229,0.018028824138677034,0.013404213812086877,0.00013581811815838285,8.959104140756638
2410,0.035956916002795956,0.020349318870768324,0.015514358033537574,9.323909849005759e-05,8.959005942989785
2411,0.025425646380417808,0.012176842852118607,0.013152124810824416,9.667871747478756e-05,8.960003444766425
2412,0.03685055797261542,0.02452816701546297,0.01227242262330285,4.9968333849598614e-05,8.963181379283636
2413,0.027028095724972816,0.016959288975819036,0.009941717483298673,0.00012708926585511013,8.965832469011591
2414,0.039033127093097114,0.02405248833176909,0.01478871010838605,0.0001919286529419747,8.968220431839383
2415,0.03551474934356075,0.018136030632608827,0.01736163546886411,1.7083242087807722e-05,8.970371323470008
2416,0.02328464952174331,0.015046966634035515,0.008163851301534209,7.383158617358372e-05,8.972308630873876
2417,0.0355947609745651,0.01964478426744922,0.01583488639578339,0.00011509031133248839,8.974053523373678
2418,0.03135284156636137,0.01739553548353746,0.013909543124034961,4.77629587889473e-05,8.975625079596313
2419,0.03512956357938659,0.01855865243143324,0.016544289396275644,2.662175167770026e-05,8.977040492532998
2420,0.017366039864864152,0.012789328137277978,0.0045648736984975095,1.1838029088665568e-05,8.978411411682265
2421,0.024957764495932105,0.01805309053095216,0.00683412481611094,7.054914886900494e-05,8.979646095591356
2422,0.027307285657954938,0.015578927054437447,0.0117005405343846,2.7818069132888962e-05,8.980044494612144
2423,0.03722168297027357,0.02266989055239097,0.014382921754004949,0.0001688706638776488,8.980403265712377
2424,0.04239961023547948,0.027923363416123153,0.014188078065404047,0.0002881687539522794,8.987768070304714
2425,0.02920206806786372,0.015303637723884118,0.013863040001324104,3.539034265549911e-05,8.993389711819262
2426,0.028917302229291137,0.016609588435707465,0.012099916771266308,0.00020779702231736325,8.996988200737093
2427,0.04134049568557067,0.0230555528346244,0.01798462066017168,0.00030032219077459035,9.000229850205425
2428,0.03209393131326794,0.018679412808475758,0.013391752897625163,2.2765607167019485e-05,9.00314993512879
2429,0.039539304223484666,0.022773527799226485,0.01663995429819593,0.00012582212606224814,9.00578026427129
2430,0.04135138416319718,0.02662461981919861,0.01450510563592046,0.00022165870807810864,9.008149516879106
2431,0.03841910741036173,0.022657727536661152,0.015706631885047045,5.474798865353719e-05,9.010283547365415
2432,0.03627712304214803,0.022457928910121744,0.013730281866613398,8.891226541289185e-05,9.012205660942959
2433,0.04730466765657932,0.024765182275222133,0.0223110456028461,0.00022843977851108298,9.011791809774621
2434,0.0440784275792314,0.02419461813160267,0.019742659859985717,0.0001411495876430128,9.011419155710774
2435,0.039033692256180634,0.02349947794965982,0.015437425445176256,9.678886134455666e-05,9.011083596317391
2436,0.022329017506673585,0.01701978094999403,0.0052527217193821885,5.6514837297368274e-05,9.010781437957204
2437,0.049196920227788314,0.02797902840770663,0.02108598818013517,0.0001319036399465121,9.005790073137707
2438,0.020019504969884038,0.012639921077326127,0.007334572760317827,4.501113224008608e-05,9.001065712021461
2439,0.04040746157874812,0.019663602155109563,0.020615714920940744,0.0001281445026978074,8.996813576965268
2440,0.0671051029944594,0.03454658845991451,0.032452300344084244,0.00010621419046064428,8.990241431766309
2441,0.026327816687593007,0.012561292542022427,0.013585614971051048,0.0001809091745195324,8.984327367502942
2442,0.034222734390344574,0.018595666738834404,0.015216127157371674,0.0004109404941384979,8.97900512185519
2443,0.04261409465729639,0.026577899582043738,0.015694000350783534,0.00034219472446911587,8.97421517392781
2444,0.039895200278592,0.01879418831122442,0.02094197815813015,0.00015903380923743115,8.969904045305015
2445,0.030489478891215706,0.01657769468458465,0.013490317152795698,0.00042146705383535633,8.966023676018198
2446,0.027666877607339505,0.014021505987396004,0.012774993859900052,0.0008703777600434509,8.962530866946263
2447,0.047091815482935104,0.025101667102048177,0.02148289067355942,0.000507257707327509,8.959386781209199
2448,0.023850599972868893,0.014578806204875488,0.008901196747000654,0.00037059702099275226,8.956556498014912
2449,0.036364693358126164,0.024483308838854686,0.011759755020109413,0.00012162949916206481,8.954008613198447
2450,0.03614157771890955,0.02001478646134322,0.015800640509932757,0.00032615074763358003,8.951714881369613
2451,0.06095515419181799,0.03298189643766235,0.027674373362611537,0.0002988843915441004,8.949649895174618
2452,0.026706514727273735,0.018021653398712686,0.008557786080107353,0.00012707524845369643,8.947790797692129
2453,0.04769447343108904,0.02723086494762276,0.02032296108102821,0.0001406474024380761,8.946117024434884
2454,0.05176169192154784,0.027780327841886897,0.023895593520582722,8.577055907821081e-05,8.944610071823263
2455,0.05326191605498009,0.030537117622459583,0.022569774007350763,0.00015502442516974509,8.94325328934481
2456,0.032658327323535255,0.015376795944259836,0.01716916172226542,0.00011236965701000613,8.942031692919835
2457,0.056095888716655454,0.029446622694746738,0.026476785088354948,0.00017248093355376438,8.940931797263348
2458,0.03167667072790529,0.01748087414785378,0.014168751371245614,2.7045208805894138e-05,8.93994146527243
2459,0.03361396817963696,0.02007820136893115,0.013404867517737154,0.00013089929296865608,8.939049772679601
2460,0.02601142938023816,0.01506987387591013,0.010858370353487974,8.318515084005559e-05,8.938246886400155
2461,0.028245005228212015,0.017267556329619908,0.010941856882812682,3.559201577942561e-05,8.937523955167997
2462,0.052601132084403195,0.03023097900195327,0.02222051913431349,0.00014963394813643404,8.936873011202433
2463,0.012635815306681978,0.00872044700533321,0.0038768088868278566,3.855941452091035e-05,8.936286881780132
2464,0.03764506448699739,0.02505695668067383,0.012525698022107169,6.240978421639174e-05,8.935759109703831
2465,0.030673755869295383,0.018588424398610987,0.012032383860393354,5.2947610291041905e-05,8.93528388176399
2466,0.02529467678651923,0.0153632195700316,0.009635820936279392,0.0002956362802082362,8.934855964383104
2467,0.03657033700809764,0.023452952117349362,0.012980470484195712,0.00013691440655256844,8.934470645715795
2468,0.029618150598334298,0.019576389318591517,0.009961659100142389,8.010217960039243e-05,8.934123683552428
2469,0.04528854328522258,0.027072640576177486,0.01816803135103905,4.787135800604931e-05,8.933811258440844
2470,0.034302611573397784,0.022744403407393796,0.011399567749488065,0.00015864041651592287,8.933529931500452
2471,0.0308538730417391,0.01751736939472232,0.013168615329094273,0.00016788831792251087,8.93327660645655
2472,0.018935852312520644,0.0131026847238578,0.005712220577070379,0.00012094701159246521,8.933048495470693
2473,0.04979690911844328,0.0267384813267263,0.02284016148665653,0.0002182663050604555,8.932843088385892
2474,0.044282118822161605,0.02584847795592402,0.01821256907333,0.00022107179290758577,8.932658125044115
2475,0.04396602345190861,0.021851760805593205,0.021919018165055183,0.00019524448126021586,8.932491570368057
2476,0.04634703372056673,0.024396724522900426,0.021565234475085262,0.0003850747225810387,8.932341591930317
2477,0.042989524874665695,0.022056124818080745,0.02072196576068336,0.00021143429590159268,8.932206539760955
2478,0.03669163954327618,0.01779587849266305,0.018774413083693063,0.00012134796692006763,8.932084928169525
2479,0.04491516191540234,0.02375454680174847,0.021032594541205176,0.0001280205724486898,8.937956232507709
2480,0.0475361380175383,0.02240338511159111,0.02462136993847484,0.0005113829674723523,8.943246594327453
2481,0.029657276406545714,0.019812787027708865,0.009326025552083016,0.000518463826753831,8.945358366471229
2482,0.0430428518831186,0.02367919369222942,0.018866370393906366,0.0004972877969828118,8.947260425772589
2483,0.016381249847185343,0.013159748116100682,0.003056503306020253,0.00016499842506440595,8.9489735597623
2484,0.042900041131834606,0.020796758892121132,0.021971652124981356,0.00013163011473211529,8.950516502676095
2485,0.03520149362046972,0.021981999252424955,0.012389949814278057,0.0008295445537667096,8.947148891865382
2486,0.0352034486866925,0.017855185331918856,0.016113976409942662,0.0012342869448309856,8.944117472177615
2487,0.022385262490943456,0.01536835034444168,0.005440043322426728,0.0015768688240750473,8.941992743802269
2488,0.026703251784119742,0.016645142502213422,0.008890160633593202,0.0011679486483131174,8.933890768670475
2489,0.04309780224816238,0.020071701445392286,0.022690552552677188,0.0003355482500929008,8.926601294110775
2490,0.023727300960289514,0.0146927232836469,0.008817594398317512,0.00021698327832510138,8.920042277245862
2491,0.03962473124546642,0.022575554468306867,0.015769268204202203,0.0012799085729573527,8.914140065711782
2492,0.04603106801056011,0.028023071261718074,0.01610600338820331,0.0019019933606387247,8.908828519582077
2493,0.04233957313956204,0.02298540781489108,0.017625731848292733,0.0017284334763782256,8.904048228910789
2494,0.043134610289327094,0.023595731229233415,0.018884483169960983,0.0006543958901326937,8.899745815798125
2495,0.04895555830781715,0.025578476590634815,0.02321909259726553,0.0001579891199168049,8.895873311291947
2496,0.03841543734931135,0.020398067177028245,0.01751981221792107,0.0004975579543620343,8.892656271674477
2497,0.03323946121666929,0.019309034921426518,0.012985443616379143,0.0009449826788636268,8.887954270152767
2498,0.051691614635499976,0.02666097599068341,0.02386746704427425,0.001163171600542314,8.883722289087954
2499,0.024076135067244153,0.016862684517082154,0.006719223550951139,0.0004942269992108611,8.879913154087346
2500,0.028976782327983362,0.02041072864757256,0.00834794828499447,0.00021810539541633283,8.876484461479533
2501,0.03702530392842235,0.024840500923941355,0.011565075537801669,0.0006197274666793224,8.874367933642803
2502,0.02276836823695718,0.013741776188238646,0.007758235532153657,0.0012683565165648777,8.872462452286507
2503,0.027139887230090823,0.016800988293606146,0.009169631206933489,0.0011692677295511889,8.871610956403531
2504,0.027808081374175907,0.017988070213177318,0.008982517800763742,0.0008374933602348457,8.87084426245486
2505,0.03177310637317453,0.01908358099275586,0.012584950805094851,0.0001045745753238175,8.87015391863893
2506,0.05192064089880198,0.025311484599960975,0.026129865939111624,0.0004792903597293761,8.873029195811707
2507,0.055060222690115464,0.026410941475541395,0.027260042468311436,0.001389238746262629,8.875619152461915
2508,0.04942359316057586,0.02880292487236355,0.018364851263701822,0.002255817024510483,8.877952030008995
2509,0.03528615080205389,0.017728323741636586,0.015857403532243373,0.0017004235281739362,8.878380331667195
2510,0.04471827254494779,0.02484902130513117,0.019334904683047605,0.0005343465567690162,8.878766030770743
2511,0.027794117455293345,0.015409548189610659,0.012292509769113306,9.20594965693808e-05,8.87847643319624
2512,0.018395867355127545,0.009730996579112456,0.0085555687083844,0.00010930206763068879,8.87821566154175
2513,0.06752139576731148,0.03412831638710895,0.03312539419280284,0.0002676851873996981,8.873885489873327
2514,0.020155044943681928,0.013830033352029382,0.006211800067888364,0.00011321152376418488,8.867214810664894
2515,0.036818824974247676,0.021700878213153044,0.014988739615989068,0.00012920714510556688,8.861212222142475
2516,0.0325856704552459,0.019290087263320668,0.013161635938214518,0.00013394725371071464,8.855810428957609
2517,0.02301629118481557,0.01809451130528249,0.004846780225228046,7.499965430503149e-05,8.850948986828113
2518,0.027936447165904207,0.020229860759235822,0.0076564018519438065,5.018455472457786e-05,8.846573591394382
2519,0.0704820197502221,0.0399524092028896,0.03035023827351479,0.00017937227381771345,8.842635443447644
2520,0.041080305330969284,0.025555699483469963,0.01519249049834036,0.0003321153491589567,8.842048313276837
2521,0.033205621353525776,0.020825096731587184,0.012060140392477837,0.0003203842294607533,8.841519641979884
2522,0.048107891864212875,0.025624167075606226,0.02238335269221619,0.00010037209639046123,8.841043606007439
2523,0.0284805740613021,0.02051103399616823,0.00784952514360144,0.00012001492153243353,8.840614962502755
2524,0.0308662420530975,0.018668357833682942,0.012027522009229867,0.00017036221018468982,8.840228991291566
2525,0.05544329772431814,0.03294536573579033,0.022169289574008454,0.00032864241451935875,8.844342531903083
2526,0.04457639246583686,0.025336654709950425,0.01906939800657348,0.00017033974931295954,8.848048369717873
2527,0.03713069692467352,0.023453155653132707,0.013593339336632683,8.420193490812673e-05,8.851386766113581
2528,0.05835021462159738,0.03263075731411521,0.025616598995457672,0.00010285831202450192,8.854394034390928
2529,0.04238808614114389,0.023061903033103733,0.019127234813847004,0.00019894829419315202,8.857102921654889
2530,0.04530850855236085,0.025229535665521097,0.019672338204782886,0.0004066346820568662,8.85954295476267
2531,0.05241480920319431,0.028019638466351113,0.02407237727427433,0.000322793462568866,8.861740753526076
2532,0.030498601315911505,0.017903387399861182,0.012428356035887291,0.00016685788016303208,8.863720314111307
2533,0.03370766818883563,0.020801016596747508,0.012829578718548508,7.707287353961267e-05,8.865503265345446
2534,0.03163992313101248,0.014919743088629244,0.016257666166978615,0.0004625138754046247,8.859182058866512
2535,0.03224287802781335,0.01827980432641447,0.013046059636859321,0.0009170140645395587,8.853493738214572
2536,0.027834869237891444,0.015895647940133786,0.010558663149447584,0.001380558148310073,8.848374593176313
2537,0.03701714668898487,0.020650894981121142,0.014846977698130176,0.0015192740097335507,8.843767392218865
2538,0.02138924484892061,0.01094081176992271,0.009475759498824647,0.0009726735801732496,8.839620711388093
2539,0.03418458947656396,0.0219611124776548,0.011820140168873993,0.00040333683003516697,8.835273712852494
2540,0.04742255727666156,0.02576515738628908,0.021548877128599462,0.000108522761773019,8.831361118281913
2541,0.043142981970274545,0.024742810231487753,0.018177648432224643,0.00022252330656214318,8.826136950795854
2542,0.06024916680833845,0.035323785658168155,0.024685033988058668,0.00024034716211162146,8.821435290975257
2543,0.04582174165795694,0.02309823636094828,0.02256576901361753,0.00015773628339112785,8.817203642386316
2544,0.01976252515327487,0.01180007022139267,0.007935317978309715,2.713695357248458e-05,8.813394827647071
2545,0.029858923265499167,0.018983779738762616,0.010822471893526373,5.267163321017492e-05,8.809966441057703
2546,0.04245672906363523,0.022252835074878297,0.02013224263049699,7.165135825994232e-05,8.806880359139523
2547,0.03962333761077935,0.02373472097484986,0.015731416778570224,0.0001571998573592632,8.804102302663512
2548,0.04551331286280011,0.02301243574662916,0.02227054430010777,0.0002303328160631728,8.801601444513825
2549,0.02042560577055453,0.012178534539029054,0.008171496089794339,7.557514173113484e-05,8.799350058396014
2550,0.06051835126986963,0.031298368290771754,0.029162765635120835,5.721734397704457e-05,8.789245951152145
2551,0.023606014688620308,0.01194509237992492,0.011614765178885201,4.6157129810188266e-05,8.780157247984977
2552,0.019706616641214845,0.012176000850758454,0.007468877780785374,6.173800967101553e-05,8.77044620896631
2553,0.021392088542753013,0.014641151724074776,0.006697462086297143,5.347473238109547e-05,8.761710722581382
2554,0.0409472253433556,0.027055747549443763,0.01382302479350423,6.845300040759902e-05,8.75325145348356
2555,0.030929546471623288,0.02161602786988577,0.009256564212317422,5.695438942009371e-05,8.745640969913367
2556,0.053009093514976714,0.0296406605902803,0.023282392344934108,8.604057976231042e-05,8.738793481368882
2557,0.0392996732312568,0.020874273857187254,0.018353112240154314,7.22871339152304e-05,8.73263198668801
2558,0.03488135946429733,0.017644573484121212,0.01701709932202007,0.0002196866581560493,8.727087351349969
2559,0.04680394057358663,0.023191508237667677,0.023261583364972714,0.00035084897094623787,8.722097485782923
2560,0.04090536288575614,0.02167435198311056,0.01871322827875421,0.0005177826238913738,8.714142752236599
2561,0.02977546689672532,0.017691179664237486,0.011560567914366758,0.0005237193181210753,8.706985818204242
2562,0.02867715163857913,0.016684441187790406,0.011689610332403549,0.0003031001183851732,8.700546115124272
2563,0.04171475384738578,0.019164469484291864,0.022369759202379807,0.00018052516071411106,8.694751315864815
2564,0.03544226916764543,0.018596302029462473,0.01681717185374063,2.879528444232663e-05,8.689536471954396
2565,0.03469160801011566,0.02255864416334915,0.012058592774618182,7.437107214832388e-05,8.684843244816777
2566,0.05478819328859805,0.03399182821157193,0.02071022736150533,8.613771552078605e-05,8.68061922009215
2567,0.02878873762586739,0.015341039144951224,0.013379355760492333,6.834272042383297e-05,8.676817295514876
2568,0.027017749225548383,0.01989849127202138,0.0070882859852819885,3.097196824501736e-05,8.674519045015764
2569,0.04827133617133666,0.027654426730269827,0.020541260731983858,7.564870908297634e-05,8.678513868784211
2570,0.04564780641506004,0.02451298134225925,0.021060486539283784,7.433853351700731e-05,8.687731328346542
2571,0.03407516080764685,0.016713636089420347,0.017160652796873274,0.00020087192135322734,8.692299095043593
2572,0.049187628358497326,0.030924128709360107,0.017753980599112682,0.0005095190500245391,8.696414367077685
2573,0.027269644561592577,0.014175939763991896,0.012284963728554914,0.0008087410690457683,8.698550639561997
2574,0.048527441849150345,0.025511674599623942,0.021865010754292424,0.0011507564952339747,8.70047477521038
2575,0.03403675088005357,0.021502790921637812,0.01140032779460846,0.0011336321638072955,8.70042246889962
2576,0.03157033689336199,0.017033081368414457,0.013744384529061833,0.0007928709958856983,8.700375367995296
2577,0.03606595833331937,0.016559222768347488,0.019107127607679616,0.00039960795729226213,8.69332447081971
2578,0.03847034892592804,0.02159188868214931,0.01672823043005768,0.00015022981372104217,8.686980116989563
2579,0.03737937036504838,0.023363468023710518,0.013841488947664689,0.00017441339367317468,8.68127106908975
2580,0.03700172004717592,0.020209973013569638,0.016422928035699915,0.000368818997906359,8.676133354903563
2581,0.02799556848452198,0.01691615444639679,0.010452669472925937,0.0006267445651992508,8.671509510901076
2582,0.03929325239550293,0.0232543559518976,0.015388732270307197,0.0006501641732981354,8.66734790740957
2583,0.03359425767047837,0.016089585488762635,0.01663338982743382,0.0008712823542819114,8.663602146111677
2584,0.019035701199275095,0.01090435737173796,0.007199837532882651,0.0009315062946544832,8.660230521683909
2585,0.05122586953677261,0.027030281196133165,0.023295250718040086,0.0009003376225993623,8.657195540393184
2586,0.04258116312903897,0.027828487944928842,0.013512251170895757,0.0012404240132143736,8.654463489337246
2587,0.04843796504847892,0.023380020144668112,0.024045224877538882,0.0010127200262719308,8.651427675527508
2588,0.021043883682703622,0.01291214809428219,0.007633839399047636,0.0004978961893737957,8.648694876145667
2589,0.03546956013876531,0.02462018928271155,0.010447518219150981,0.00040185263690278443,8.646578273244211
2590,0.04529872857179899,0.023187551396905575,0.021759299902458458,0.00035187727243495633,8.644672743440598
2591,0.04756045322234203,0.02705611527528842,0.02013496006092552,0.0003693778861280911,8.642957198350542
2592,0.031492779834769585,0.019111190151978513,0.011716532518334214,0.0006650571644568553,8.64141266403687
2593,0.023622970865223254,0.014427073581465106,0.008552069316239426,0.000643827967518723,8.64007617671241
2594,0.03655459777324642,0.018193645161779275,0.01805196171103938,0.00030899090042776916,8.638872864553603
2595,0.028721836108657684,0.01673495752143819,0.011784411007245112,0.0002024675799743835,8.634940743359268
2596,0.06454319343438925,0.0321563648528479,0.03218698742342224,0.00019984115811911074,8.631401452410591
2597,0.03598507083665883,0.018058428709096613,0.017883530327260796,4.311180030142059e-05,8.628215609819595
2598,0.03774392346502746,0.023458680007941816,0.014178259059088613,0.0001069843979970274,8.624011522856692
2599,0.024603565196910728,0.016437139003150497,0.00784281162047812,0.0003236145732821138,8.620227552213915
2600,0.054327038250669674,0.02866222285925842,0.02494110332644686,0.0007237120649643947,8.61682155865641
2601,0.05960762159764286,0.03120684369599887,0.027761283796214585,0.0006394941054293961,8.613755659325868
2602,0.037808002903044174,0.025822329307482943,0.01148990599594803,0.000495767599613197,8.610995792220807
2603,0.03985501516419956,0.02114057988175034,0.018474455592668616,0.00023997968978060113,8.603801214285117
2604,0.03701056220780695,0.022317638733595074,0.014617555471306628,7.536800290524445e-05,8.597327739277127
2605,0.03998694270123838,0.02396713949237667,0.01586749043472303,0.0001523127741386785,8.59150263185673
2606,0.05805430178439032,0.03243477068563979,0.02496865217204136,0.0006508789267091697,8.58626058022646
2607,0.024236842432286153,0.012230705906949139,0.010399485162838366,0.0016066513624986491,8.581542922095423
2608,0.03775132310702531,0.021526300448938693,0.014084541321369982,0.002140481336716634,8.577296954407673
2609,0.037096175972843044,0.020698000301750973,0.014932382120483333,0.0014657935506087376,8.573475317208223
2610,0.024491023795014066,0.01275040914868943,0.011104231282112617,0.0006363833642120178,8.570035443226606
2611,0.029148282403041792,0.01482168668244305,0.014210736379156362,0.0001158593414423764,8.566939065796339
2612,0.02341057129155995,0.009568594875833517,0.013728525546247088,0.00011345086947934561,8.564151778624819
2613,0.04123726701535671,0.025076334018336196,0.015947254591471824,0.0002136784055486842,8.562280608788164
2614,0.03503686471565655,0.021128013033243753,0.01372179298403125,0.00018705869838154485,8.560595996561684
2615,0.020386885848040506,0.013748491993315484,0.006546435750046771,9.195810467825185e-05,8.559079310679897
2616,0.020217702080009673,0.008642643007645607,0.011483642327308929,9.141674505513688e-05,8.559505865417542
2617,0.03289972319339204,0.022712967944982954,0.010087037406028048,9.971784238103199e-05,8.559889990085763
2618,0.04057826890904748,0.0196871962817007,0.020582171798210477,0.00030890082913630267,8.560235903625347
2619,0.03467450500042926,0.018374096470416882,0.01568079582828156,0.0006196127017308151,8.560547405785767
2620,0.03757728091964557,0.018836796123277235,0.01726642553621851,0.0014740592601498296,8.560827918717289
2621,0.052523034295267085,0.028868095521661696,0.02160917357243122,0.0020457652011741634,8.562780388396915
2622,0.044307784548210986,0.02718268579931894,0.01569369645319779,0.0014314022956942566,8.564538940250037
2623,0.03459199115785467,0.021419050788091885,0.011805984766462028,0.0013669556033007503,8.566122799827685
2624,0.04557682886933705,0.02325638730349607,0.02153361369152159,0.000786827874319383,8.577629832494248
2625,0.050513242313706436,0.025511109808765923,0.02449436943277179,0.0005077630721687263,8.583105261068555
2626,0.03999177094782436,0.023262600330065164,0.01629086341846321,0.0004383071992959806,8.586496149491747
2627,0.02722163646471728,0.014712294826586373,0.012435403687806603,7.393795032430263e-05,8.589594504839502
2628,0.05527332169768376,0.02595314082067713,0.029195060851414642,0.0001251200255919846,8.588394862855537
2629,0.04968130445656281,0.025342169869735753,0.02424232983017232,9.680475665473579e-05,8.587314746212856
2630,0.031742575942957235,0.017584468938373825,0.014077739020750626,8.036798383278463e-05,8.586342233298513
2631,0.027777124133497647,0.016125683026961993,0.01156259815357087,8.884295296478631e-05,8.585466594001504
2632,0.041252174937224426,0.022314763753617493,0.018777387186949948,0.00016002399665698616,8.584678170169887
2633,0.028556520992423413,0.016477016106499296,0.011949226010147796,0.00013027887577632033,8.583968268148174
2634,0.07038019569474128,0.0419745380171534,0.028132528190115327,0.00027312948747255743,8.58614198127474
2635,0.05144413821123696,0.029663866236884825,0.021551992426280645,0.00022827954807148808,8.59259783504824
2636,0.0528873666207843,0.02563199869468461,0.026928660799199047,0.0003267071269006359,8.598415388420474
2637,0.028255356687506998,0.015936181685185024,0.012139469772437995,0.00017970522988397858,8.603657378354912
2638,0.06390215533459741,0.03495682131051542,0.028763452476509938,0.0001818815475720533,8.608380446108642
2639,0.038375367827381206,0.020158988652828388,0.018137830159757607,7.854901479521243e-05,8.612635716106771
2640,0.0333629040309227,0.01786691996245343,0.015377740405004489,0.00011824366346477787,8.616469322411387
2641,0.036038596617346985,0.020465640017893187,0.015483109944114302,8.984665533949431e-05,8.619922887028578
2642,0.03940962631919471,0.026626140036907463,0.012697461661050173,8.602462123706947e-05,8.623033954055279
2643,0.036646988282307634,0.020138888464307805,0.0164184657602767,8.963405772312865e-05,8.624639581741606
2644,0.04899585956652243,0.025332844936100673,0.023600878344667373,6.213628575438221e-05,8.62608568083955
2645,0.04706055890137139,0.028209802849027986,0.018795708655759902,5.504739658349546e-05,8.625374286318456
2646,0.04134899180636149,0.02248364714932942,0.01881857567577821,4.676898125386752e-05,8.624733736642028
2647,0.02106452314477266,0.010665245620724805,0.010339221752967507,6.0055771080350205e-05,8.624156972190049
2648,0.04019896819635037,0.02659284301333013,0.01354709950249216,5.902568052807595e-05,8.617615104765585
2649,0.02953526785380017,0.01352782178261198,0.01594201144599299,6.54346251952015e-05,8.60545380989373
2650,0.024750397806153922,0.016278557561675736,0.008372515416856022,9.932482762216366e-05,8.58548518416864
2651,0.023309665358179073,0.01512791272579646,0.008101498231623957,8.025440075865611e-05,8.565212312419012
2652,0.03857936873686393,0.022661927652643937,0.015822307914739733,9.513316948025386e-05,8.546471843246634
2653,0.04039951870833688,0.02163386954699656,0.018688763448070085,7.688571327023151e-05,8.529631430920526
2654,0.020074371385300653,0.014738304854790963,0.005091457389669642,0.0002446091408400461,8.514495298347835
2655,0.05417145026130044,0.024625968276114202,0.02892196369061329,0.0006235182945729445,8.500441069485495
2656,0.02632329244840749,0.016552556528663123,0.009162948390116011,0.0006077875296283533,8.487805307986307
2657,0.027365540673646167,0.017054231306353182,0.009530279182337124,0.0007810301849558615,8.476443076121102
2658,0.023894344700412313,0.014622037986691138,0.008198931469884792,0.0010733752438363828,8.466224580758778
2659,0.042767861423986815,0.022617504207112695,0.018678164481800798,0.0014721927350733255,8.457033528109221
2660,0.05804107551173571,0.03623740016496852,0.020738023493489,0.0010656518532781841,8.44876566879921
2661,0.035601036552782156,0.016137364557700224,0.01858634273999043,0.0008773292550915003,8.4413275091783
2662,0.03717342341161175,0.022035897146025742,0.014527150164194877,0.0006103761013911254,8.434635168162087
2663,0.02528890305062503,0.011465986083211458,0.012888451488528905,0.0009344654788846653,8.43188436336106
2664,0.03464819845431878,0.018227732006418,0.015191862117458724,0.0012286043304420586,8.431161189954224
2665,0.04296666606130155,0.02197267248701481,0.01968296486198669,0.0013110287123000467,8.430510036945284
2666,0.04714599327881136,0.025034144552200915,0.020648243928403292,0.0014636047982071528,8.431138400329639
2667,0.03273541861384785,0.018169767445059867,0.012660211505896454,0.0019054396628915304,8.431704271532984
2668,0.05940949308876808,0.0319561151005516,0.02539574727123734,0.002057630716979134,8.432213861934121
2669,0.040892478735326254,0.02163729073915197,0.017895622890419658,0.0013595651057546248,8.432672766216388
2670,0.031025081004640825,0.01975654749777186,0.010464508212034106,0.0008040252948348578,8.432013143039295
2671,0.040997828287587065,0.024415122771380124,0.016481770570280788,0.00010093494592615115,8.431419207216145
2672,0.040251184874845844,0.02350502693569271,0.016564335977581286,0.00018182196157184998,8.4308844134586
2673,0.03609295612002972,0.02185067065148559,0.013294830531799553,0.0009474549367445723,8.430402869416804
2674,0.056707639012995435,0.02937243108984388,0.02629938461007464,0.0010358233130769166,8.429969270402975
2675,0.04614486861296509,0.022724061723660833,0.022232622799103145,0.001188184090201102,8.429578840667574
2676,0.02945131500607823,0.01861608622913206,0.010138595951070434,0.0006966328258757357,8.429227280565284
2677,0.014799650092747042,0.010445125143745501,0.0041100958385784795,0.00024442911042306295,8.428910719015958
2678,0.029799080456239635,0.016158928206095914,0.013181815375532058,0.00045833687461166407,8.42862567072659
2679,0.03766299590361676,0.017297890950746648,0.01991040452143447,0.0004547004314356453,8.42836899769477
2680,0.029272494222814065,0.015557865397975804,0.01263099467391231,0.001083634150925952,8.428137874562983
2681,0.03961588768404951,0.020248388489828257,0.018719969679982792,0.0006475295142384595,8.427929757436733
2682,0.03976256925412423,0.023233808079822744,0.015990003693832695,0.0005387574804687902,8.427742355818756
2683,0.0623202949823371,0.0320058570730541,0.029690177234639608,0.0006242606746433877,8.427573607346787
2684,0.03844086740325354,0.02608085738291907,0.012312404808319388,4.760521201508111e-05,8.427421655053866
2685,0.06193640921649927,0.030124692627055815,0.03135460827593374,0.00045710831350970725,8.427284826898521
2686,0.05731635737016,0.02915085506950672,0.027947669220257817,0.00021783308039546246,8.42716161733767
2687,0.04923310960014711,0.025138300669671765,0.023928679836094015,0.00016612909438133274,8.427050670737831
2688,0.03690523814840043,0.019627939757155505,0.016956978949872737,0.00032031944137218815,8.426950766440902
2689,0.04248127222843555,0.025776434848153958,0.016371480763714624,0.0003333566165669679,8.426860805319107
2690,0.049488363768447265,0.027396802055560925,0.02163804812363446,0.0004535135892518812,8.426779797670388
2691,0.06732501678204311,0.039792236360557114,0.027200567531020636,0.0003322128904653618,8.426706852320347
2692,0.023705464547848328,0.015437421049589227,0.007818176265009866,0.000449867233249236,8.42664116681032
2693,0.05515131740202299,0.031131600621325792,0.022672666890076777,0.0013470498906204208,8.42658201856319
2694,0.049056913015169124,0.025791678703131777,0.02199135798716079,0.0012738763248765544,8.426363765337106
2695,0.053444948656646195,0.03279441850356823,0.020395549854203263,0.0002549802988747071,8.426167236869235
2696,0.05059679055633103,0.027150348285636144,0.02326343365083799,0.00018300861985689226,8.42599027026728
2697,0.04989432454339592,0.028313308670293007,0.021102420808151136,0.00047859506495177617,8.425830918055336
2698,0.050795351503106795,0.029880416113399873,0.020239877919518964,0.000675057470187955,8.425687426703744
2699,0.034565621686389686,0.019800775965961772,0.014496871068363185,0.00026797465206472874,8.42555821730177
2700,0.03955468856558513,0.022137913544304118,0.017278597273703573,0.00013817774757744183,8.426296828789807
2701,0.0446189624661105,0.023390715407330506,0.021158070601720758,7.017645705923618e-05,8.42696199107762
2702,0.02255328890692172,0.011608931768152128,0.01072923101349079,0.00021512612527880038,8.427561003131483
2703,0.034723365174520716,0.02113860478677825,0.012841316487920725,0.0007434438998217403,8.42810043952923
2704,0.04242226385907457,0.017993511462361198,0.021739103849088937,0.0026896485476244317,8.42858622217447
2705,0.04533045206604704,0.024625253249471003,0.0138203976325397,0.006884801184036344,8.429023684944818
2706,0.054964994415810625,0.022779934338216318,0.016974627745612706,0.015210432331981605,8.430287598632468
2707,0.06247617030936259,0.017051745176924506,0.016156372193611636,0.029268052938826446,8.431425892976417
2708,0.0877132556099324,0.02793528043623926,0.021113251294123375,0.038664723879569755,8.43245103860539
2709,0.06842513398516412,0.027075803026091333,0.014803335682944901,0.026545995276127873,8.433374270903009
2710,0.07061256556473856,0.03492783646084242,0.033556504691464824,0.00212822441243132,8.434205711840827
2711,0.0445553152053307,0.02132468716061406,0.013128192869194774,0.010102435175521868,8.434954479893625
2712,0.04968522657685404,0.020142882081189743,0.016792345097070716,0.01274999939859358,8.435628789183957
2713,0.032031364471764974,0.023823888930246454,0.00794642384473935,0.00026105169677916956,8.436236038896226
2714,0.04879743333064565,0.018612287577774177,0.01986077356275375,0.010324372190117727,8.43835870242485
2715,0.06859160937651954,0.03738971255371306,0.030230502648059425,0.0009713941747470572,8.440270580237232
2716,0.03208021637376894,0.016423260101244862,0.007769736512648695,0.007887219759875384,8.44680280905622
2717,0.039868066003860086,0.02239476955304451,0.01532058901197701,0.002152707438838565,8.452689290428344
2718,0.03771482741787201,0.022378756305834763,0.010568959083165947,0.004767112028871299,8.457993471847137
2719,0.04704496852942368,0.028610843217773345,0.016132108257149676,0.0023020170545006583,8.464375806629755
2720,0.04541566492858237,0.027111545797984186,0.015843785211601534,0.002460333918996648,8.470127105543291
2721,0.033480368855983586,0.020008991348094748,0.011581441023916398,0.001889936483972441,8.475309390664345
2722,0.05858186738081342,0.031913067245891144,0.024980322581681095,0.0016884775532411862,8.479978658162432
2723,0.042884945720731656,0.022916158338442967,0.018525478363020546,0.0014433090192681392,8.484185450463452
2724,0.05533503563223998,0.03370536015036479,0.020228301808821104,0.0014013736730540923,8.487975376633166
2725,0.03776646580943737,0.02490954101742646,0.011677524454569231,0.0011794003374416741,8.485595446230112
2726,0.039236865595349966,0.022589233907911534,0.015498294639357417,0.001149337048081017,8.483452933059874
2727,0.06404514976378714,0.03550861176547586,0.027429028822819695,0.001107509175491587,8.482778896789252
2728,0.02366450160137662,0.01673351292058118,0.006128981614438135,0.0008020070663573049,8.482171985220745
2729,0.033483873186022715,0.017027541522322814,0.015695620057368347,0.0007607116063315606,8.481625509575505
2730,0.024721675907290516,0.013602693997708607,0.010193047060544805,0.0009259348490371036,8.481133448366267
2731,0.03353251591873201,0.019122289297604792,0.014023765042007296,0.0003864615791199225,8.480690380679851
2732,0.034274483569382716,0.019640793188816577,0.013445817907291645,0.0011878724732744988,8.481548621235964
2733,0.044464713296737034,0.022112604701396896,0.022055586523156773,0.00029652207218336613,8.482321525409853
2734,0.04279395661775316,0.022239025335461564,0.01978019484126987,0.0007747364410217318,8.482011267336775
2735,0.04419514934226369,0.02373566342626207,0.020208002730731776,0.00025148318526984535,8.48173189537228
2736,0.04306786531769643,0.022703586025024137,0.019454670449863796,0.0009096088428084934,8.481480333951657
2737,0.030983612672980797,0.020625623465579,0.01026349357638867,9.449563101312448e-05,8.481253813931188
2738,0.07151544334663766,0.03697336040137347,0.03346151859879591,0.0010805643464682814,8.481049842028158
2739,0.04719507188662784,0.029850705568652602,0.017199383175800855,0.0001449831421743754,8.480866173314544
2740,0.04911600272129193,0.031508548036881925,0.01642960983191199,0.0011778448524980137,8.484075504756005
2741,0.03780481447791259,0.021620563789202886,0.01600316682293063,0.00018108386577907087,8.486966487093888
2742,0.029757564774102553,0.018812813661874487,0.01040759387773513,0.0005371572344929351,8.489570605644824
2743,0.047047056626701333,0.02646456674980013,0.020458413930954048,0.00012407594594715358,8.491916249409615
2744,0.027634058602443272,0.014138338884905153,0.013057666626724073,0.00043805309081404475,8.489879420404064
2745,0.04803209480060878,0.02186725384176972,0.026072054464441708,9.278649439734453e-05,8.488045712149173
2746,0.048079098723063866,0.02837988049938624,0.01926060154936081,0.00043861667431682315,8.486394831240233
2747,0.035089313974571504,0.018068256269894563,0.0168333111782546,0.00018774652642234194,8.48160400019036
2748,0.03247977259765817,0.025327849041348067,0.007055327046844795,9.659650946530882e-05,8.477292261492352
2749,0.052716734976617434,0.02896870885841886,0.02352235174157376,0.00022567437662481928,8.473411497895201
2750,0.03180283012913319,0.018486260320109964,0.01307808202994589,0.0002384877790773311,8.469918463918624
2751,0.03800283731182999,0.020512440489823428,0.0174074229292261,8.29738927804616e-05,8.459404836664465
2752,0.028214353165185294,0.017099338843653947,0.010905686053399049,0.0002093282681322965,8.44994868245874
2753,0.040917762933980625,0.024367803696902085,0.016361421807050018,0.00018853743002852488,8.44144264065889
2754,0.03510080947077715,0.017867870603344573,0.017122706300140168,0.00011023256729241141,8.433790439130076
2755,0.02038713569511233,0.012565941488003024,0.007613738860747249,0.00020745534636205587,8.426905713555316
2756,0.03323905504011258,0.020053941685160795,0.013072580324930473,0.00011253303002131848,8.42071095904494
2757,0.03947161326177082,0.020116532006739494,0.019069047090245924,0.0002860341647854044,8.41513659802539
2758,0.03662799693964419,0.021357645113305793,0.015149506297639786,0.00012084552869861738,8.402096982093077
2759,0.04316495174818972,0.02441449505266286,0.018576144467073064,0.00017431222845379595,8.390372348803036
2760,0.05868117744251631,0.028011443618535956,0.030537729726528375,0.00013200409745197522,8.385646353409587
2761,0.035874175030965086,0.018957730278164713,0.016849204967320383,6.723978547998929e-05,8.381392963560554
2762,0.03691079347962523,0.02521006401972447,0.011634798564916499,6.593089498426828e-05,8.377564714268155
2763,0.02260589848552244,0.014679162284135372,0.007855478212452619,7.125798893445044e-05,8.37419963309532
2764,0.03671096837990897,0.017482037480501488,0.019139018123214464,8.991277619301713e-05,8.371170599354201
2765,0.04234567070962573,0.02064207697048559,0.021587487163998456,0.00011610657514168322,8.368443950812091
2766,0.04295064360410415,0.02612051365984407,0.016756262878979467,7.386706528061742e-05,8.36598941679194
2767,0.03382310884493338,0.014012601852400079,0.019701061063515216,0.0001094459290180856,8.363779772770101
2768,0.0323722552770319,0.020164005513402444,0.012138398750662346,6.985101296711095e-05,8.361790530844926
2769,0.03553780314449026,0.01849529416662087,0.01692231274756876,0.00012019623030062788,8.359999662221455
2770,0.02821360840246381,0.021279842720895056,0.006870150585965567,6.361509560318687e-05,8.358387348295455
2771,0.0704071758971812,0.03619610437260774,0.03403583911958806,0.00017523240498539742,8.356935757304091
2772,0.02359296193443255,0.01655181656801181,0.007010262380323057,3.088298609768225e-05,8.355628843847782
2773,0.045522798326885425,0.025389459658063957,0.019907345255690937,0.00022599341313053284,8.354452168884896
2774,0.04542906430794738,0.025271445936840782,0.020059599119311197,9.801925179540016e-05,8.353392738062835
2775,0.044497186892060066,0.01991797674716555,0.02450949782473218,6.971232016233562e-05,8.352438856480513
2776,0.03766956714835435,0.026911113302213695,0.010703636202998894,5.4817643141762523e-05,8.351579998182055
2777,0.03720296124900131,0.017922821101751148,0.019239784030801274,4.0356116448890364e-05,8.35080668886308
2778,0.04956201284267023,0.025291150386577168,0.024150704913943284,0.0001201575421497792,8.350110400432053
2779,0.020068629055415458,0.011574595674477484,0.008446229676761256,4.780370417671952e-05,8.349483456212369
2780,0.05441659542195344,0.03474229909697066,0.019630169126127583,4.412719885520362e-05,8.344582832336979
2781,0.05009204890100335,0.028812096799416074,0.021162765279987998,0.0001171868215992737,8.334949565917677
2782,0.03652570734806676,0.024456380242960478,0.011888793120136435,0.00018053398496984836,8.326284518100167
2783,0.02805771550579478,0.017643615247579816,0.010325968834450484,8.813142376448397e-05,8.318489524159947
2784,0.026473482186337202,0.014547362696693615,0.011866464704741538,5.965478490205005e-05,8.311476532786898
2785,0.04229438335031293,0.02446518030238231,0.01771586001646464,0.00011334303146597547,8.305166533932077
2786,0.042744148488082494,0.025521846024882524,0.017139479180872278,8.282328232768955e-05,8.309496667212159
2787,0.024220987199015127,0.013526304494637594,0.010550760619646361,0.00014392208473117127,8.313397796859974
2788,0.02334311438554416,0.01596484676002548,0.007224842939858615,0.0001534246856600666,8.31825073818558
2789,0.05500909671655172,0.03280130987064654,0.022077266675260054,0.00013052017064512714,8.32262313787649
2790,0.04173164779138871,0.027685671683459097,0.01367989662813783,0.0003660794797917799,8.326562361961404
2791,0.035233951531864906,0.021394373649414607,0.013640491972674982,0.00019908590977532256,8.330111148856789
2792,0.02740302581058139,0.01869195853302371,0.0085449041782246,0.00016616309933307967,8.333308053668532
2793,0.0220750055239394,0.010762189538033276,0.011074306048919989,0.00023850993698613636,8.322283762696536
2794,0.030118366821772734,0.014723406170889042,0.01534428185711368,5.0678793770014695e-05,8.305658260019742
2795,0.043890908336397,0.023314639345504894,0.02005188048933647,0.0005243885015556409,8.293674776759513
2796,0.047910065903765404,0.02363184195965593,0.02393007655124617,0.00034814739286331283,8.282898689773505
2797,0.027417013466259483,0.014249766758133258,0.013084341236486064,8.29054716401605e-05,8.27320702487919
2798,0.060952471095127934,0.03099869443455862,0.02942740830109288,0.0005263683594764421,8.269909702492702
2799,0.028431242742698565,0.016097855106484038,0.012155525981427193,0.00017786165478733256,8.2722375899764
2800,0.06311263156254418,0.03303100234411116,0.02980336105131037,0.0002782681671226483,8.274360951105567
2801,0.038949576207619234,0.022339430566290442,0.016215419262547506,0.00039472637878129125,8.276273460513034
2802,0.05223772282642768,0.027231580249922904,0.02486315059348878,0.0001429919830159956,8.277996014101493
2803,0.029542288878561997,0.017666216323174617,0.011667772801525153,0.0002082997538622298,8.279547444856497
2804,0.02072205922686726,0.010205283068860569,0.010366810004099955,0.0001499661539067337,8.269981029407425
2805,0.03199862066181892,0.01850615510112316,0.013384348583597898,0.00010811697709785891,8.261376128516021
2806,0.039958432578079024,0.01994410700218362,0.01980843105020406,0.00020589452569134097,8.253635254927575
2807,0.030238504150631063,0.016384529071779855,0.01379768412016739,5.629095868382069e-05,8.246790284414171
2808,0.028483638137597096,0.017415226959742798,0.010744267139069884,0.0003241440387844162,8.240631388222642
2809,0.03618570862020743,0.022345005377781772,0.013733930645190415,0.00010677259723524383,8.23508936619872
2810,0.030480150614175094,0.017500646031080657,0.012877151715412689,0.00010235286768174995,8.230102080127796
2811,0.035850064535963934,0.024539086743686617,0.011219418584343858,9.155920793345994e-05,8.22561371759258
2812,0.04163469729533833,0.024435814258758307,0.01713916747013347,5.971556644655371e-05,8.22157413545535
2813,0.04919333650875752,0.027033316103078894,0.022054575277081084,0.0001054451285975376,8.21659165706436
2814,0.03965105469012947,0.024032285026051068,0.015434306239503554,0.00018446342457484932,8.212107623461677
2815,0.04267313161404825,0.02229823041532858,0.020333446635389416,4.145456333025749e-05,8.208071939247732
2816,0.03347807192367225,0.018854698121303196,0.01455086973290719,7.250406946186436e-05,8.200710758994772
2817,0.04935976118465804,0.0237795374596702,0.025478443599332268,0.00010178012565557437,8.189418482793569
2818,0.033723737903765975,0.021037742063473936,0.012651405908796114,3.458993149592234e-05,8.179263331845783
2819,0.04003319409609285,0.023017525916246277,0.01697516633366315,4.0501846183430045e-05,8.170129608484753
2820,0.04413701450006121,0.0240687611720675,0.01998001642860814,8.823689938557277e-05,8.161913611498841
2821,0.04747231378316136,0.02250879886988093,0.024849602649757708,0.00011391226352271936,8.154522350061436
2822,0.03199052725958441,0.023213360041987374,0.008715491980480425,6.167523711660908e-05,8.147872403352356
2823,0.05966812770195906,0.032580083643919386,0.02691699960152412,0.00017104445651555498,8.141888907950886
2824,0.030710118689217032,0.017421072054611967,0.013192374574310696,9.667206029437054e-05,8.13650465753076
2825,0.052236057146810566,0.02878717205466883,0.023314960614201505,0.00013392447794022613,8.135492296963115
2826,0.02612024371177805,0.015299041813482654,0.010737299414599603,8.390248369579045e-05,8.134580795640495
2827,0.04958001087459936,0.02320635911220182,0.02628552254494024,8.812921745729608e-05,8.13598322063024
2828,0.03810761631407168,0.01969463296039677,0.018378276857084593,3.470649659032267e-05,8.13724628122784
2829,0.031169133318091475,0.0213833596719298,0.009619735009675447,0.00016603863648622952,8.138383808028932
2830,0.048910364487183916,0.023738412737972402,0.025041396681719067,0.00013055506749244864,8.139408262585661
2831,0.034005929411919315,0.020653244602674845,0.013333319143310311,1.9365665934157788e-05,8.140330872259007
2832,0.04845058461995257,0.02391247950726912,0.02440717530912182,0.000130929803561632,8.141161751914042
2833,0.04326022224212331,0.02144001047148975,0.021749518313226558,7.069345740699513e-05,8.141910013717807
2834,0.04459607621561118,0.02734001767741383,0.017139494033810633,0.00011656450438671518,8.140297552014218
2835,0.034094390732561757,0.021010969491210823,0.012959037801234788,0.0001243834401161446,8.138845838320915
2836,0.026437945764337493,0.014617891041528195,0.011799272053924602,2.0782668884694e-05,8.137538823060968
2837,0.03850024982275962,0.020091613409087432,0.018286230391427738,0.00012240602224445019,8.13636206372157
2838,0.03878213586776055,0.025689442669452688,0.012978716654343378,0.00011397654396448413,8.135302563062586
2839,0.043637004216650434,0.02357569211550423,0.01965079609275707,0.0004105160083891284,8.128181057602472
2840,0.05049840146515379,0.02981865583246235,0.02042308964384943,0.0002566559888420093,8.120252017553634
2841,0.02777354273663054,0.018895187021226778,0.008754162306538492,0.00012419340886526845,8.112384036606793
2842,0.03598020601398044,0.02169696033420193,0.014149507850705708,0.00013373782907280199,8.101821913936442
2843,0.028411288357340397,0.017214053946388586,0.01111781095329995,7.942345765185909e-05,8.089164260700326
2844,0.044567346603731794,0.029582359064471306,0.014904626082906177,8.036145635430795e-05,8.077783242697617
2845,0.03354847910105847,0.019119107785527643,0.014370877295370812,5.8494020160016796e-05,8.067548587155942
2846,0.034536273634620654,0.022586267199440308,0.011882156370377536,6.785006480281235e-05,8.058343600497388
2847,0.04932570844931864,0.02752654880050021,0.021768358249631237,3.080139918719476e-05,8.050063699316784
2848,0.03291560568483346,0.017988199470009392,0.014878051819393407,4.9354395430662e-05,8.045847962038724
2849,0.04635760669299653,0.031238156315829522,0.015066527326918697,5.2923050248312857e-05,8.042053672530024
2850,0.045042380024840456,0.02274369603025188,0.022227025655292606,7.165833929597055e-05,8.038638529540005
2851,0.04210333266022692,0.02154922801680264,0.020416629004781955,0.0001374756386423321,8.035564509615103
2852,0.030797919874373466,0.017156098939284752,0.013568200122535052,7.362081255366215e-05,8.032797428469161
2853,0.0362874078663221,0.017526181353667406,0.018705556793359918,5.5669719294776206e-05,8.030306548460418
2854,0.04442738570890016,0.022618327599022436,0.021736787091286895,7.227101859083184e-05,8.028064227118632
2855,0.05160152984133944,0.028216735484319286,0.023235348076987003,0.0001494462800331523,8.026045602258595
2856,0.021517406841506083,0.015527077781345938,0.005871172900942656,0.00011915615921748866,8.024228309732804
2857,0.03441865364659694,0.020764857873423612,0.013410140490225554,0.00024365528294778194,8.022592230327417
2858,0.037140379037376464,0.02202076890423007,0.015007670664119286,0.00011193946902710595,8.021119262700708
2859,0.04012736371896046,0.024225045756073406,0.015446932813347546,0.00045538514953951016,8.019793119610062
2860,0.02510047754408569,0.015093624174059996,0.009936227383831053,7.062598619464203e-05,8.02720369770271
2861,0.044946870313885785,0.027739965132794118,0.016982801660698515,0.000224103520393157,8.033882616717646
2862,0.046348747285101397,0.026626668055765683,0.019574194029702528,0.00014788519963318704,8.042706183488487
2863,0.03250600626495567,0.01859950717859213,0.013655133946693914,0.00025136513966962626,8.05065989944542
2864,0.03678977227788324,0.02285682286323703,0.013691008781522051,0.00024194063312415727,8.05782877236067
2865,0.035482246183387314,0.018481375948131394,0.01693679551388827,6.407472136764866e-05,8.066811759866953
2866,0.0177156114738135,0.009605956446895308,0.008036715096480077,7.2939930438116e-05,8.074909306633934
2867,0.05743836161566264,0.027152186382550535,0.0302018539367915,8.432129632060733e-05,8.082207920027367
2868,0.033116555484006174,0.018341537686785255,0.01468269924408008,9.231855314083714e-05,8.086031703481925
2869,0.031093210752030927,0.020437675747135467,0.010619399790601303,3.613521429415969e-05,8.089476482049431
2870,0.03209793873429405,0.020937270759066193,0.011014123570995397,0.00014654440423245542,8.092579682936595
2871,0.03185506753802176,0.019421847068506512,0.012392096934129158,4.112353538609269e-05,8.095375063647413
2872,0.026187749894579556,0.017003813815129967,0.009119302005390456,6.463407405913098e-05,8.09789306681022
2873,0.04327746131929,0.02692331191224249,0.01621514646373419,0.00013900294331331843,8.100161141646161
2874,0.028698590376772155,0.01496470435839883,0.013683446237865663,5.043978050765976e-05,8.102204035032164
2875,0.037834528510590874,0.02018700500105176,0.01751055909737514,0.00013696441216397596,8.104044054886202
2876,0.025931527432051363,0.019062963137761534,0.006817757536691201,5.080675759863162e-05,8.105701308387
2877,0.027611366861050618,0.019421687146367154,0.008162306814904756,2.7372899778708712e-05,8.107193917335795
2878,0.04173223928156246,0.020974091598032374,0.02069666405619922,6.148362733087093e-05,8.108538212775015
2879,0.04323318130595895,0.024838421336354246,0.01829992071087953,9.483925872517382e-05,8.109748910798318
2880,0.03771338150423281,0.02010368082982935,0.017545030247684966,6.467042671849523e-05,8.10947942149535
2881,0.04351890830644021,0.02337443183319481,0.020098962514432883,4.5513958812521935e-05,8.109236760220616
2882,0.03490633992356895,0.01692423085832777,0.01791571256126564,6.639650397554335e-05,8.10901825552745
2883,0.04024721315381545,0.02440975308423933,0.015792064082775996,4.5395986800124614e-05,8.108821502112223
2884,0.042148427392621424,0.022982056251106723,0.01905863144698134,0.00010773969453335602,8.10864433427534
2885,0.03329073126623308,0.018627278534427534,0.014576604726904923,8.684800490062371e-05,8.108484802033264
2886,0.042439470790710206,0.021096822180076358,0.021248191712736078,9.445689789777189e-05,8.108341149615871
2887,0.03888032931261479,0.02181309402099372,0.016823485674478368,0.00024374961714270624,8.108211796110242
2888,0.025112811295879424,0.015268555501009138,0.009763328570554805,8.092722431548202e-05,8.108095318036055
2889,0.043218480435402544,0.024071578653306912,0.019094705641209297,5.219614088633382e-05,8.107990433659353
2890,0.03314672747752485,0.01975413330208647,0.013359520762698784,3.3073412739591006e-05,8.107895988870883
2891,0.037762546316562194,0.020201550885829683,0.017518791415976773,4.22040147557367e-05,8.107867991817189
2892,0.06541191290957107,0.03241052932117753,0.03290880424511642,9.257934327712941e-05,8.106262576356965
2893,0.03874034369557574,0.02532351570302149,0.013351562172176057,6.526582037819105e-05,8.104817209097051
2894,0.03523059933109951,0.017919004795151166,0.017215526394479295,9.606814146905037e-05,8.103515910070774
2895,0.04072722405984857,0.023047753682816547,0.017501974464973237,0.00017749591205877977,8.10719645412479
2896,0.057166627796668174,0.029284162453157826,0.02778234838204266,0.00010011696146768905,8.110512128464222
2897,0.04152732748679784,0.022278775476829344,0.019204825940560784,4.372606940770629e-05,8.11349897598715
2898,0.0237620319826648,0.01563634693446891,0.008051188812062121,7.449623613376652e-05,8.11618950345259
2899,0.06217429908007599,0.03751748901438016,0.024521279149271945,0.00013553091642388748,8.11861302380349
2900,0.022248722372575604,0.010709976970658702,0.011502769866090765,3.597553582613728e-05,8.120795966227929
2901,0.039790476060991495,0.02538132302519278,0.014346456005566869,6.269703023184535e-05,8.122762156829953
2902,0.048869980659047796,0.030941058566556382,0.01784068867734684,8.82334151445793e-05,8.125615216025967
2903,0.03618809067991215,0.01678621880356976,0.019352728992117353,4.9142884225028834e-05,8.124739275037369
2904,0.02462812973268384,0.01568889177416394,0.00891042096049643,2.881699802346583e-05,8.124299108913402
2905,0.02829083803167243,0.01291233487885962,0.01532508048380742,5.342266900539106e-05,8.123902770112645
2906,0.025571203278197462,0.01311448092437504,0.012431483153084916,2.5239200737505543e-05,8.123545892932723
2907,0.05010785676028342,0.02674280340437739,0.023313919756468255,5.1133599437775316e-05,8.123224546889837
2908,0.04326645401494594,0.025006037787784294,0.0182121460939928,4.82701331688465e-05,8.122935193266395
2909,0.03479819983096555,0.023530611944071893,0.011179781138010722,8.780674888292954e-05,8.122674646009255
2910,0.03216003662141503,0.02006900734089148,0.012043236171742805,4.779310878073576e-05,8.122440036540697
2911,0.03364786305622707,0.01539255705244772,0.018170549135571194,8.475686820815725e-05,8.12222878208869
2912,0.023578669692310313,0.015215722076163089,0.008311184125242982,5.176349090423955e-05,8.12203855718296
2913,0.031828239447474906,0.016872189353943544,0.014908296368135602,4.7753725395763905e-05,8.121867267999114
2914,0.0578169111613592,0.028795162355987603,0.028959089325792164,6.26594795794406e-05,8.121713029265315
2915,0.05889477290499407,0.03283995090100522,0.02602798887425584,2.683312973301212e-05,8.12319274923949
2916,0.05766249769968061,0.028851455094884182,0.028723834811224296,8.720779357213369e-05,8.124525432386019
2917,0.052310260204173994,0.02783552417509049,0.024411795387362024,6.294064172147891e-05,8.125725668746789
2918,0.03269468401200236,0.01757916693469551,0.015079059414242688,3.6457663064161716e-05,8.128392648015815
2919,0.05248844757677018,0.030916675384338014,0.02137510383474958,0.00019666835768258886,8.13240354275392
2920,0.029713518141115267,0.01596057316272888,0.0137065228520964,4.642212628998636e-05,8.13601695061196
2921,0.028935897989076878,0.01710099095124932,0.011804295605448841,3.0611432378715767e-05,8.139272111287452
2922,0.06350060224730669,0.03120527975847643,0.032211347353674716,8.397513515553455e-05,8.142204419508047
2923,0.03357056085372247,0.021369434951781834,0.01214866458308451,5.2461318856128924e-05,8.144845796334097
2924,0.052238721935365016,0.028252925920138915,0.023863368597385026,0.00012242741784107826,8.148006203445881
2925,0.03827915190616681,0.022881868896011227,0.015372418005728597,2.48650044269918e-05,8.15085312303634
2926,0.04928419514988821,0.028984528237058296,0.02021570332445555,8.396358837436108e-05,8.153417556436615
2927,0.048909277109012286,0.023803878713125403,0.024949650677733373,0.00015574771815350338,8.146948680174964
2928,0.038576851069953275,0.024343259868670204,0.013910216518626426,0.0003233746826566386,8.141128005549586
2929,0.034423807606003706,0.02165196683971088,0.012580315900751546,0.00019152486554128236,8.135890187731661
2930,0.047795011348797795,0.02500994562306787,0.022623999105476706,0.00016106662025321548,8.13117654354228
2931,0.03109737857277248,0.01611985117087834,0.014895683195210948,8.184420668319124e-05,8.126934358335934
2932,0.041001307740034465,0.025360222619423913,0.015334309167850502,0.00030677595276004703,8.123116267613822
2933,0.0401343910582786,0.01971439268778787,0.01968130608163676,0.000738692288853978,8.119679704828663
2934,0.024824049221878888,0.015871117777960096,0.007969466202508888,0.0009834652414099042,8.116586407904382
2935,0.054831348168288975,0.034933940372419904,0.01911317899072437,0.0007842288051447041,8.113801977909015
2936,0.050091440882273526,0.029954539232184687,0.01979958156021402,0.00033732008987481733,8.111295484109991
2937,0.03216363357543454,0.01935235857565797,0.012486802843829931,0.0003244721559466401,8.110331859859201
2938,0.045573887313099914,0.026125229992444307,0.017686644855296203,0.001762012465359406,8.109464237783055
2939,0.054083979098854706,0.025998365756250377,0.026949283372636693,0.0011363299699676394,8.108683044800179
2940,0.051264812021554425,0.027101201760843477,0.023137320284169406,0.0010262899765415394,8.107979664089022
2941,0.043769351832779524,0.024876573878385835,0.01874131574706696,0.00015146220732673257,8.107346339253061
2942,0.05826061860099944,0.03339267915997128,0.02393269514693802,0.0009352442940901354,8.106776088149646
2943,0.03898247827714951,0.0209214457728963,0.016390396832956542,0.001670635671296676,8.106262625396836
2944,0.02784549816996179,0.012223803508263466,0.014445320329533228,0.0011763743321650956,8.105800292675289
2945,0.05050453737685603,0.0245471133291998,0.025713508533789408,0.00024391551386681706,8.105383996033744
2946,0.043537610185861185,0.0211649227574258,0.02175386275951386,0.0006188246689215251,8.105009149488376
2947,0.04722349882933868,0.02178595270011129,0.024069761612185207,0.0013677845170421757,8.106744521101666
2948,0.03455879990897689,0.020740965447477545,0.013258518041155553,0.000559316420343791,8.109057548226899
2949,0.049491255462867194,0.026006068482365523,0.023388165461539046,9.702151896262394e-05,8.111140936515179
2950,0.028541244916472534,0.017988076467481635,0.010335372928296612,0.00021779552069428596,8.113017433977195
2951,0.04562927570800774,0.01891083749038692,0.025759112407212837,0.0009593258104079841,8.114707544791784
2952,0.03294652627437082,0.017668546369105184,0.015011903283874755,0.00026607662139087877,8.116229748818867
2953,0.05642602489224223,0.02730112514017942,0.02903493519802213,8.996455404068209e-05,8.117600699982496
2954,0.04558486607808724,0.023407147754444385,0.022131378670137643,4.633965350521069e-05,8.118835405491964
2955,0.033257538073869324,0.02063539285810304,0.012540263456940407,8.188175882587702e-05,8.119947387698426
2956,0.03346393977906931,0.019429962368259085,0.01395963062916627,7.434678164395557e-05,8.120948830226226
2957,0.03695931699041977,0.023605483644310844,0.01332367606995681,3.0157276152114684e-05,8.121850709871701
2958,0.02361400489334886,0.012706988585628952,0.010869297749549195,3.771855817071394e-05,8.129788809413082
2959,0.0453545519129563,0.024599300934521326,0.02064448309784242,0.00011076788059255546,8.13694350767788
2960,0.05591838530803654,0.031128206711232082,0.02468757707011112,0.00010260152669333859,8.14286352514362
2961,0.047079682752105084,0.025438498752558148,0.021420199392186708,0.0002209846073602228,8.148198037618815
2962,0.06352603791109028,0.03221950253789612,0.030834922119025717,0.00047161325416844645,8.153004622308954
2963,0.04145611357172751,0.020858449396795656,0.020514012567404427,8.365160752742817e-05,8.157335257014976
2964,0.034415548389476525,0.017792519863384978,0.01659085831942005,3.2170206671499655e-05,8.16123685278545
2965,0.05483492264782269,0.029138848218606052,0.0254405395945201,0.0002555348346965378,8.167575052298403
2966,0.03596506490580428,0.023301335918350687,0.01210801575066177,0.0005557132367918184,8.173243200772657
2967,0.04086149213661702,0.025884032241985114,0.01481424633000331,0.00016321356462859952,8.174929962387376
2968,0.02222004039360665,0.01694513053530775,0.005249922146666931,2.498771163197441e-05,8.176449146438847
2969,0.030880968319382644,0.019269869794485344,0.011473211262872547,0.00013788726202475248,8.17781737479818
2970,0.04795001693106673,0.032118310323204544,0.01578627459210985,4.5432015752337316e-05,8.181687532562172
2971,0.028904466568238068,0.01664075880275431,0.012226491374311973,3.721639117178516e-05,8.185174078659836
2972,0.038671219513759174,0.022167401900388663,0.01642384079726561,7.99768161049017e-05,8.188314896210432
2973,0.04276278461413073,0.021477752397922587,0.02112720447303358,0.00015782774317456302,8.191144153837797
2974,0.029017871641221844,0.02069903165567328,0.00827117277678093,4.766720876763259e-05,8.193692664836004
2975,0.04380038220576029,0.026033807087936626,0.017751057593013743,1.5517524809920267e-05,8.19598821256809
2976,0.028826136860586483,0.021920653066419132,0.006866248506289772,3.92352878775765e-05,8.198055845087083
2977,0.04887627200603425,0.024330721551115538,0.024479835128825303,6.571532609340043e-05,8.199918141740504
2978,0.02380378245526944,0.01589850547984686,0.007897342368220903,7.934607201675866e-06,8.201595454301248
2979,0.018616932385622315,0.012669812956411656,0.0059414257828926224,5.693646318033314e-06,8.203106124960739
2980,0.03523686164412369,0.0202557941108414,0.014896840683192953,8.42268500893386e-05,8.204466683325116
2981,0.03623841242036842,0.01910400750938488,0.016708791603832304,0.0004256133071512366,8.205692024372606
2982,0.03505501380510475,0.020235652570042287,0.014285109412949389,0.0005342518221130701,8.205465332748725
2983,0.03414297142494552,0.014254116308991642,0.01974775052263473,0.0001411045933191434,8.205261208117925
2984,0.060861245672624825,0.030187698147694588,0.030639971035577227,3.3576489353008044e-05,8.205077403476714
2985,0.04653750354282996,0.02749923408952112,0.018776628804987868,0.00026164064832097584,8.20491189564684
2986,0.021113937660380853,0.015352278342833356,0.00543519822943437,0.00032646108811312704,8.204762862962822
2987,0.019954432363124507,0.011282529019008286,0.008570632449174616,0.00010127089494160534,8.1998702895747
2988,0.04859596621467801,0.0268486189487578,0.02162597155151128,0.00012137571440893206,8.195467149855057
2989,0.05588006984960948,0.0328248023674161,0.02290843786424377,0.00014682961794961204,8.191504259359537
2990,0.044366732261777855,0.024559679584308606,0.019750928641104035,5.6124036365216116e-05,8.187937418556533
2991,0.058034941272315656,0.028953568029421232,0.029017472963507346,6.390027938707834e-05,8.184726899635484
2992,0.02844097886426383,0.014602605055946388,0.013728900716859192,0.00010947309145824784,8.18183698764035
2993,0.044005816162889545,0.019719624459056926,0.024212373740480735,7.381796335187778e-05,8.179235569901047
2994,0.020064069234782017,0.014044532243520143,0.005993886726015093,2.565026524678228e-05,8.176893768454452
2995,0.023209608229643745,0.011349680585883466,0.01182802516971108,3.190247404920088e-05,8.174785610770856
2996,0.023622861544610463,0.012997924735574243,0.01060203027882353,2.290653021268894e-05,8.172887734645547
2997,0.03874369669655234,0.021163435232458984,0.017538451802739358,4.180966135399398e-05,8.16891478209306
2998,0.023574143341537512,0.01552685137985703,0.00803837280912999,8.919152550489373e-06,8.166859512063127
2999,0.042077833157414916,0.02680999424318905,0.015112208768106275,0.00015563014611958935,8.165009237438275
3000,0.05672081340531541,0.030818730614498524,0.02584732048335571,5.476230746117754e-05,8.164808229658648
3001,0.036314336521247985,0.02159440224403246,0.014614767077046084,0.00010516720016943903,8.163457574192833
3002,0.02617658372124576,0.014981284628882421,0.011145213785068763,5.0085307294578115e-05,8.162241535434113
3003,0.04125054223765283,0.02178894618014008,0.019376386874300933,8.520918321181535e-05,8.161146679346636
3004,0.019754828668257576,0.010021668765020952,0.009646545861549404,8.661404168722189e-05,8.15746749956511
3005,0.0343979326869198,0.022488445002265708,0.011701784320506515,0.00020770336414757887,8.154155913871525
3006,0.046035499908344504,0.02356632667739384,0.022271297731801126,0.00019787549914953897,8.148481720753917
3007,0.029289795492803618,0.015387159896658634,0.013644535162593771,0.0002581004335512119,8.141826099192116
3008,0.046035458205656916,0.023689788654111144,0.022106967886694428,0.00023870166485134232,8.135837538674457
3009,0.03003591041873132,0.017609013108938646,0.012346945581941998,7.99517278506783e-05,8.130448766591467
3010,0.031905439133402796,0.020935736542627637,0.010920948454690991,4.875413608416714e-05,8.125868478785657
3011,0.02361949512239448,0.012740074169359792,0.01078710067669108,9.232027634360896e-05,8.121746258272509
3012,0.022121677748210826,0.015184457490661213,0.006852810089615487,8.441016793412415e-05,8.118036096849881
3013,0.04108147410165999,0.0227565753727037,0.017856540759584143,0.00046835796937215224,8.114696644734742
3014,0.022006583704231655,0.015500353902803366,0.006118600080671351,0.000387629720756936,8.111690731843916
3015,0.031060136396167514,0.016438393249185224,0.014242394710983538,0.0003793484359987519,8.103455157322587
3016,0.04480990047365324,0.024952860341426165,0.019565978408117433,0.00029106172410964124,8.097443109237316
3017,0.031351070431285016,0.01792944975936457,0.013334358614031991,8.726205788845402e-05,8.092033236004864
3018,0.0265758841479679,0.015563908473799187,0.010843329494302948,0.00016864617986576657,8.087164881401936
3019,0.03184570128938057,0.015539350457564279,0.01588127519369953,0.00042507563811676133,8.082783563583465
3020,0.05031446781690285,0.02950644736915208,0.02014842716183188,0.0006595932859188954,8.078840334412376
3021,0.039380469242129235,0.025359827977504162,0.013607874293203343,0.00041276697142173305,8.075291207541623
3022,0.043415500358901744,0.02258776183079046,0.020553839441311658,0.00027389908679962465,8.072096647451067
3023,0.04934233987605563,0.02563740976938483,0.023508951187145483,0.0001959789195253152,8.070775954970543
3024,0.04217669575384193,0.02102994297065959,0.021070541305842645,7.62114773396931e-05,8.069586891518856
3025,0.030175262611966243,0.017265096516888206,0.012632817755681935,0.0002773483393961009,8.068516321530375
3026,0.04042011872269224,0.021936417556738398,0.017303121998931213,0.0011805791670226281,8.070988627882317
3027,0.03570206477109204,0.018761830590929878,0.015447579194181568,0.001492654985980601,8.07517786617789
3028,0.029842305847706693,0.017520983304779428,0.01006149935097951,0.0022598231919477535,8.07895202363634
3029,0.05548217337954086,0.02780785332631342,0.025241228631892668,0.002433091421334771,8.082352060614395
3030,0.03383523890850182,0.02083339155328366,0.011950334825657017,0.001051512529561145,8.08541492707443
3031,0.0399368406660882,0.021402826780759474,0.017983800956610434,0.0005502129287182924,8.088173949245691
3032,0.04217557482013807,0.023088665457090898,0.01887823184730558,0.00020867751574158957,8.090659180149004
3033,0.04074444461727329,0.020614575885961415,0.01962539793875624,0.0005044707925556426,8.092897717141431
3034,0.04179413340897264,0.021568746131349344,0.01974286594856561,0.0004825213290576842,8.094913989405374
3035,0.04706140615735681,0.020647010076930844,0.02597150727435502,0.00044288880607094605,8.09673001808257
3036,0.03678784965093534,0.01663071710791857,0.019871985250603703,0.0002851472924130668,8.095433321929653
3037,0.03364611026436145,0.019735011946097877,0.013788213339325716,0.00012288497893786146,8.087305746567928
3038,0.05159605119209416,0.030217329879805337,0.021169909364179437,0.00020881194810937849,8.079994066815447
3039,0.03233010351102238,0.020971161385120285,0.011302592229474454,5.634989642764431e-05,8.073415753363262
3040,0.03670552408018241,0.020779589996546135,0.01587883479285792,4.7099290778363225e-05,8.067496742930919
3041,0.02455860024365758,0.015549826309580083,0.00894910460727776,5.966932679973781e-05,8.062170547600093
3042,0.05263599077047646,0.026495898541769095,0.02591363428078024,0.00022645794792712197,8.057377461987684
3043,0.027639893857547015,0.013697080325904196,0.013890597372335133,5.2216159307684885e-05,8.05306385675395
3044,0.04673614928316703,0.026944819067138234,0.019601991119094966,0.0001893390969338247,8.049181548428031
3045,0.056612343439864335,0.03347867109016194,0.022980668817326917,0.00015300353237547392,8.04568723680518
3046,0.03193195924618468,0.018309120836970193,0.013484284986638867,0.00013855342257562196,8.042542002261959
3047,0.04019241438702268,0.016337421069714086,0.02369235768934886,0.00016263562795973142,8.039710856275942
3048,0.039832042040529377,0.018860864953686027,0.020896174169418903,7.500291742444742e-05,8.037162339248681
3049,0.044750337476963935,0.022358500582850976,0.022323977605479727,6.785928863323378e-05,8.034868160434058
3050,0.039909552008707286,0.02119144790471467,0.018513576435860254,0.00020452766813236438,8.032802875385356
3051,0.03577330646276508,0.018541713248300822,0.0169442571049816,0.00028733610948265766,8.030943596866598
3052,0.04272026256150494,0.026447301152965865,0.016113958602071318,0.0001590028064677573,8.029269735638408
3053,0.02065124753433287,0.013456294489437044,0.007133100907487534,6.185213740829509e-05,8.027762767935336
3054,0.053705677796133965,0.03108935714621961,0.022472145537361005,0.0001441751125533433,8.026406026808468
3055,0.06234769726205934,0.034917146730604406,0.027291531074175514,0.00013901945727942203,8.025184514820667
3056,0.03754621825326118,0.01947173865544653,0.01756538155673501,0.0005090980410796368,8.031410875498304
3057,0.03598281532120997,0.018717463688622985,0.016489826124039077,0.0007755255085479021,8.03702167567547
3058,0.04843838819339935,0.02765879659696929,0.019658883623474514,0.00112070797295555,8.042077400921288
3059,0.037095003546739204,0.024079986827697027,0.01270570109172946,0.00030931562731271165,8.046632663659523
3060,0.017139581102006946,0.010631410159066436,0.006458487924573096,4.968301836741476e-05,8.050736760106624
3061,0.04061885625687597,0.02055407688500463,0.02004176797464005,2.3011397231288397e-05,8.054434176953787
3062,0.05094528975246624,0.02920582418927734,0.021550587004870378,0.0001888785583185298,8.05776505182848
3063,0.038813126555605926,0.02116198793754334,0.017042726687387717,0.0006084119306748694,8.060765591348696
3064,0.035067375637521256,0.021262220090091863,0.012872115486708158,0.0009330400607212354,8.061336323163658
3065,0.0382457709534009,0.02192727686838279,0.01559624670148815,0.0007222473835299568,8.058082987187499
3066,0.03513783975260393,0.022882109421111997,0.012196412443775256,5.931788771667156e-05,8.05515457162364
3067,0.07839409884041025,0.04196386387722744,0.03630973259090968,0.00012050237227314167,8.052518525133285
3068,0.03229149342531314,0.01962084913258827,0.012093556190384464,0.0005770881023404118,8.050145576470305
3069,0.06581266314737834,0.03425862095629385,0.03022558205073626,0.0013284601403482173,8.048009400367397
3070,0.03367560348264487,0.017267265220919648,0.015913103879991147,0.0004952343817340728,8.04608631813019
3071,0.03471368873215287,0.02352517374836909,0.011132470260263195,5.604472352059063e-05,8.044183816357902
3072,0.01940010426426193,0.012095074789012708,0.007022218985169266,0.00028281049007995355,8.042471051337309
3073,0.03416586280275422,0.0204550640289535,0.012986059810706123,0.0007247389630945979,8.040929066150337
3074,0.03674629659496471,0.022928631888522552,0.012798348292234085,0.0010193164142080673,8.03954080441371
3075,0.03709657342288029,0.025133995760194833,0.010778121692543647,0.0011844559701418057,8.038290918508537
3076,0.057629729704794366,0.03429085743357496,0.022366647891778446,0.0009722243794409566,8.03716559739227
3077,0.02221193162691732,0.014187057398912727,0.007773367452284658,0.00025150677571993417,8.0331820422087
3078,0.029991685579335833,0.021890386967400186,0.00803256650143757,6.87321104980777e-05,8.029596651546653
3079,0.04264377406668718,0.022299224430946212,0.020030792237074435,0.00031375739866653144,8.026369476816026
3080,0.01685497230212479,0.010523187088043192,0.006116181755810791,0.00021560345827080824,8.023464606138296
3081,0.03073486831644918,0.016155378990534087,0.01417227132955457,0.000407217996360528,8.02084975105209
3082,0.0372469955223451,0.02237828431163404,0.014533853635235428,0.0003348575754756303,8.018495876546053
3083,0.04938815044747953,0.027871410722478732,0.021319679785909165,0.00019705993909163974,8.01637686968858
3084,0.03976581439003787,0.025476496906536493,0.01422445227756524,6.486520593613602e-05,8.014469242674892
3085,0.024666085419545156,0.018275430176957798,0.0063005092246707795,9.014601791657952e-05,8.01275186659241
3086,0.028427889492891673,0.015307202500109283,0.012879686257539586,0.00024100073524280637,8.011205732625822
3087,0.03475394356456336,0.019989957727923186,0.014418220019527904,0.0003457658171122678,8.009813737791712
3088,0.040763186912305495,0.019420243840396145,0.020676795699764126,0.0006661473721452242,8.008560492616418
3089,0.04055618185777054,0.019451938051743205,0.020501871355457394,0.0006023724505699405,8.0104845309615
3090,0.038301179286787626,0.021541912313003352,0.016433757899918137,0.0003255090738661379,8.01221746872313
3091,0.028630449131107176,0.019661775735066077,0.008878098322509688,9.057507353141188e-05,8.01377825101903
3092,0.014471211517419105,0.00885042376547005,0.005498367822345074,0.00012241992960398347,8.01518395151993
3093,0.027209581935653735,0.01600824098485786,0.010900550173422683,0.0003007907773731924,8.01892139087918
3094,0.04014269996185518,0.02341292007486437,0.016132504479164207,0.000597275407826607,8.022288340405932
3095,0.0385774916091471,0.022455092351345192,0.015713488887068663,0.0004089103707332461,8.025321392702557
3096,0.029721934227858984,0.014978457633911759,0.014483405201629582,0.0002600713923176413,8.025319689261806
3097,0.030754650464360375,0.02005592822511285,0.010501621451060577,0.0001971007881869481,8.025318155362053
3098,0.04918065391207002,0.029502860999368708,0.018162413168457736,0.0015153797442435774,8.025316774129132
3099,0.043047559984455315,0.022560666808266183,0.018582017357208443,0.0019048758189806891,8.022901144537908
3100,0.060374035739341206,0.03096271141763014,0.02799224596176236,0.0014190783599487065,8.020726560955932
3101,0.042814547296538295,0.0217891175101503,0.020767950433548645,0.00025747935283935167,8.018768914678134
3102,0.04055768213922716,0.02105724839467385,0.019413032509267757,8.740123528555701e-05,8.017006518814382
3103,0.05429786165951447,0.02558016957669454,0.028269012340447652,0.0004486797423722724,8.014119513667834
3104,0.04719025793011448,0.025171377812466537,0.02158029405524566,0.00043858606240227907,8.011520737486656
3105,0.01892487365418627,0.01346642214312241,0.00535729752608262,0.00010115398498123985,8.009181334821779
3106,0.04397875181372319,0.02385418218915759,0.020032786285317336,9.178333924826075e-05,8.007075354088647
3107,0.06521710408541831,0.036082023642766504,0.02877519984587036,0.0003598805967814334,8.005179452493811
3108,0.0406498920213511,0.022936774104335467,0.017471027151943576,0.00024209076507205216,8.00497053067129
3109,0.056132349247557854,0.028036027347591183,0.027991109033576555,0.00010521286639011604,8.004782407219079
3110,0.022102544568848616,0.012970851196743802,0.009101972371034012,2.9721001070799244e-05,8.005278375529782
3111,0.053404075164995964,0.029282052245463864,0.02402481007643692,9.721284309518293e-05,8.005725007061464
3112,0.048511586100719976,0.023156648963983093,0.025297868962340223,5.7068174396661205e-05,8.006127207256613
3113,0.05634008025544387,0.03676175547441393,0.019459374053401257,0.00011895072762868104,8.006489394267657
3114,0.04564641274987397,0.01992394305939182,0.025579914271263424,0.00014255541921872708,8.006815547278249
3115,0.0236096801805837,0.013536848259829204,0.010025129497362173,4.7702423392324135e-05,8.00710925004884
3116,0.05164083626788705,0.024503024489779826,0.02696467222530345,0.0001731395528037689,8.014096659820925
3117,0.04608795448842136,0.02283603802639047,0.02304925276339999,0.0002026636986309027,8.0215269253191
3118,0.048042308154709126,0.02767900528994068,0.020270584913796366,9.271795097208615e-05,8.0282235595643
3119,0.03051435638957951,0.0198534899446444,0.010615380306314091,4.5486138621018165e-05,8.034258468939003
3120,0.019627641434640894,0.01221178030733582,0.007359713173895882,5.6147953409190765e-05,8.039696612153149
3121,0.061039858819194104,0.028824360114371318,0.03180100618878557,0.0004144925160372169,8.044596652480381
3122,0.03406782186703329,0.019008657654331254,0.014994543533873694,6.462067882834087e-05,8.049011552425286
3123,0.058898673206785095,0.026393678638536675,0.03210308559471994,0.00040190897352847753,8.059238615273847
3124,0.04416827127818725,0.02515590641393715,0.018780970528509227,0.0002313943357408754,8.068458907510868
3125,0.05780111153164498,0.03661268054291098,0.021090119281386547,9.831170734744764e-05,8.0769092547963
3126,0.050965703053250565,0.029997015770043874,0.02075516842611324,0.00021351885709345502,8.084526119966585
3127,0.02871990409215872,0.017373530172565578,0.01126147984508447,8.489407450866817e-05,8.091391031948426
3128,0.056864271759039034,0.03742519157302049,0.019235143417473052,0.0002039367685454924,8.097577673479591
3129,0.06157234327101784,0.02642418165772951,0.034800032735256115,0.00034812887803221314,8.103152611704305
3130,0.024835173386598953,0.012178313329963346,0.011978198888300273,0.0006786611683353329,8.108175965459433
3131,0.061455403222689935,0.03447325845744785,0.02622482216484344,0.0007573226003986446,8.112702013803732
3132,0.042900161513185577,0.02253154700556139,0.0199840669564655,0.0003845475511586889,8.11677975021211
3133,0.028763831777831792,0.01625252899945139,0.01228414691545324,0.00022715586292716342,8.120453386680367
3134,0.04010973893605561,0.02248467553083305,0.01758521598363202,3.984742159053324e-05,8.12376281177898
3135,0.022736227001819605,0.011445559045199439,0.011260200817081378,3.0467139538789152e-05,8.121769549594994
3136,0.03832139310213404,0.017446379660667217,0.020792263456427065,8.274998503976086e-05,8.11997509373379
3137,0.044439325592359795,0.022746288533097046,0.02151970691822084,0.00017333014104190675,8.118359577962392
3138,0.04804652121420347,0.029650585943937977,0.01830499443884242,9.094083142307117e-05,8.116905128318141
3139,0.026857383409204193,0.013352486678247809,0.01345761035839077,4.728637256561297e-05,8.115595661976602
3140,0.05169183184450518,0.025879169583739706,0.02535419821638585,0.0004584640443796248,8.114416706677288
3141,0.04053441944333594,0.022926237955599782,0.01649358897444135,0.0011145925132948077,8.113355238558679
3142,0.04277701352662801,0.023598323521200046,0.017727416515420393,0.0014512734900075622,8.112399536487334
3143,0.027186683299376825,0.015075280808836517,0.010553831924035641,0.001557570566504669,8.110776719309456
3144,0.024109031766969338,0.014991033544843517,0.007999550390780222,0.0011184478313455972,8.109315697920133
3145,0.03563637368839791,0.01877482614863212,0.016351618587511562,0.0005099289522542293,8.108000316330568
3146,0.04940649869786408,0.025868638905974916,0.023370778772867806,0.00016708101902135136,8.109006418237044
3147,0.03721273159159056,0.02128442913723929,0.01584547090646407,8.283154788719828e-05,8.109708868285269
3148,0.04018123368367076,0.021214706587651896,0.018837143576976446,0.00012938351904242339,8.109355858087367
3149,0.041079616582236265,0.025544908938693572,0.015333338150768318,0.00020136949277437853,8.109037995966847
3150,0.048779332835704466,0.02412291738372992,0.024624706315408033,3.17091365665144e-05,8.108751781172318
3151,0.016979496846633267,0.011233001772333781,0.005721188359481488,2.5306714817998258e-05,8.108494061849713
3152,0.01854564796729023,0.010883223386386842,0.007627677381254088,3.474719964929769e-05,8.108262000227867
3153,0.01829583751381135,0.010260031592457305,0.007976900357491075,5.8905563862968266e-05,8.108053041285975
3154,0.03438547045864656,0.02018196805278157,0.013975862835630029,0.0002276395702349627,8.107864884553203
3155,0.03973359345042475,0.0206017297714415,0.018839615619332707,0.0002922480596505468,8.107695458726134
3156,0.035934588142946935,0.02202400056676695,0.013697125890216688,0.00021346168596329536,8.107542898821473
3157,0.05865107811254049,0.03128904398258919,0.027140892821884467,0.00022114130806683675,8.10740552561002
3158,0.044132388553080375,0.022174250456612643,0.021304106593507073,0.000654031502960659,8.107281827103433
3159,0.037035876093282814,0.01837008060398858,0.01796581415297697,0.0006999813363172616,8.1071704418884
3160,0.05299433478021897,0.02695813385531518,0.025171092325326227,0.0008651085995775641,8.107070144123403
3161,0.0462787014665776,0.026832896181272797,0.018463879385676642,0.0009819258996281589,8.104725858635508
3162,0.025631272928920673,0.01580597628919966,0.009321458220434712,0.0005038384192862991,8.102615479396718
3163,0.04113000817922018,0.02192177587606485,0.018976015464765048,0.00023221683839028774,8.100715615974435
3164,0.051365758882096484,0.02552058951571692,0.025639801398955678,0.0002053679674238844,8.09597049421824
3165,0.06420062290659291,0.03564423540168825,0.028213487295462664,0.0003429002094419992,8.091700032026143
3166,0.05618441745075008,0.029117593008798588,0.02669697961073788,0.0003698448312136047,8.087856535799222
3167,0.04023979421068566,0.021412180339625123,0.018526634019581562,0.00030097985147898004,8.084397144421782
3168,0.042436295991475304,0.01800553213228921,0.02374738452785217,0.0006833793313339241,8.081283332028315
3169,0.027949339077737573,0.016328614514764844,0.010960068077471304,0.0006606564855014272,8.078480463355325
3170,0.05895556471157546,0.02856147751857362,0.029444700783193153,0.0009493864098086891,8.075957395853274
3171,0.028583720111753565,0.014983225583437256,0.012268491614884412,0.001332002913431899,8.07368612342691
3172,0.030250109471398508,0.016276625953160075,0.012319632255232544,0.0016538512630058905,8.071641457274454
3173,0.04584265270190127,0.025800552734079846,0.018443848337624517,0.0015982516301969055,8.069800739820778
3174,0.04541343393323222,0.025283948157286195,0.018895620245388142,0.001233865530557879,8.068143588197993
3175,0.031036723740788835,0.018657990734794745,0.011426250096387902,0.0009524829096061864,8.06665166412808
3176,0.03132490693804807,0.016273920786832832,0.01448523467511706,0.0005657514760981758,8.065308467414251
3177,0.05793876981439947,0.03039190187858619,0.026989002627589916,0.0005578653082233684,8.064099150557247
3178,0.04360571585128308,0.022972141710681883,0.020162937077333614,0.00047063706326759053,8.065825054582865
3179,0.05774069565646172,0.02954788982617485,0.0275626831553359,0.0006301226749509678,8.068187359334985
3180,0.03928659517976156,0.02121465278085901,0.01714546780514167,0.0009264745937608814,8.062738911038176
3181,0.032080003665772114,0.016087115152223795,0.014551835155022882,0.001441053358525436,8.057790721199392
3182,0.04770179203085392,0.0276180713496904,0.018606966453014417,0.0014767542281491043,8.05333762408832
3183,0.042576530097269354,0.019035156162054624,0.021413527390215757,0.0021278465449989705,8.049329850443154
3184,0.047673793584758636,0.026612408874251734,0.018526800421238342,0.002534584289268557,8.045722678036237
3185,0.037671318811852116,0.021759081277717567,0.013800627080071693,0.0021116104540628558,8.042475911571707
3186,0.03987815287630249,0.02404148673002847,0.01478371013025724,0.0010529560160167776,8.039553417733524
3187,0.0246041844712306,0.013403740939827003,0.010982479483820383,0.00021796404758321394,8.036922709248348
3188,0.045063864052516216,0.023007625972334935,0.02199730310199824,5.893497818303555e-05,8.034554572562248
3189,0.06924568636305806,0.035416381718099584,0.03344212103121021,0.0003871836137482565,8.03242273436798
3190,0.02645073544964222,0.018279096908128522,0.007211601125465131,0.0009600374160485653,8.030503562774399
3191,0.043103889645068554,0.027082482875911258,0.015004539275605371,0.001016867493551929,8.028775799393697
3192,0.03243773292440869,0.017862392041532366,0.014228145001370113,0.00034719588150622003,8.027220319045668
3193,0.03238265933683023,0.01751784350111604,0.014830261073732044,3.455476198215119e-05,8.025819914149274
3194,0.039535858072592564,0.025687352660509567,0.013517923899748667,0.00033058151233433255,8.02455910119795
3195,0.026502992682320117,0.017619292984998276,0.007979358354564196,0.000904341342757643,8.02342394700207
3196,0.03157013796824081,0.01692506724799486,0.013634747961348438,0.0010103227588975148,8.022401912635123
3197,0.06751412630445942,0.036824740015165544,0.030271279447761576,0.0004181068415322999,8.021481713243801
3198,0.035238073133987025,0.02214778678970154,0.013006237001669122,8.404934261635839e-05,8.020653192080099
3199,0.037232460158909485,0.02020095846067831,0.016587363107413145,0.0004441385908180317,8.019907207288904
3200,0.04429218264918796,0.021153317367574625,0.022217219933673156,0.000921645347940183,8.007886820606222
3201,0.027640408489259225,0.021180377668329673,0.0057712693036313795,0.0006887615172981738,7.997078246442586
3202,0.047512429117997405,0.024669149192792575,0.022775000081800546,6.827984340428718e-05,7.987357939564163
3203,0.028404195792490053,0.019685995512284695,0.008267005249481204,0.0004511950307241553,7.978615210609009
3204,0.044491274740094844,0.023336512520486775,0.02040966628717535,0.0007450959324327146,7.970750839487683
3205,0.03622546355736559,0.016738792303221818,0.018917308950223248,0.0005693623039205227,7.955672635792586
3206,0.03313245937680201,0.01752863726885846,0.015444427724495544,0.0001593943834480011,7.945498623682048
3207,0.027210189052729945,0.020941557157993534,0.006082629493706491,0.00018600240102991958,7.936348371328119
3208,0.035130788243732565,0.01958670844274515,0.014492777163994336,0.0010513026369930822,7.928117867037053
3209,0.03820002328571736,0.021434954307623155,0.015465478532585276,0.0012995904455089314,7.9207138545785485
3210,0.04304227718549052,0.023816877279066406,0.018914043889753245,0.00031135601667087127,7.914052685670925
3211,0.03856364118685842,0.020685614147303077,0.017810486421719764,6.754061783558008e-05,7.908059301454909
3212,0.04388173986668044,0.028329832184944066,0.014989827476546756,0.0005620802051896145,7.902666327266472
3213,0.03448865624967964,0.021061579391829753,0.012721833695681828,0.0007052431621680612,7.8978132671353904
3214,0.04391828433392154,0.02339792343382725,0.020393697739152297,0.00012666316094198985,7.893445786232702
3215,0.05778152234732052,0.03381049872093213,0.023701924379343892,0.0002690992470445036,7.88951507102066
3216,0.029683715935063158,0.014675884535479713,0.013890145100138866,0.0011176862994445817,7.885977258166875
3217,0.029552369317644746,0.014048383036734826,0.014531366397554545,0.0009726198833553762,7.882792924406127
3218,0.03532277601989624,0.0203559422647266,0.014862015702102377,0.0001048180530672589,7.879926630498359
3219,0.032155798486943665,0.02116786197360415,0.010653594063359983,0.00033434244997953525,7.877346513264132
3220,0.06905228557520621,0.033285313183253465,0.03480735590948418,0.0009596164824685603,7.8806245859487145
3221,0.04362881569908675,0.022411671518604206,0.020754175350769205,0.00046296882971333104,7.883577556122639
3222,0.02392831101222044,0.016011531781309003,0.007881920342041673,3.485888886976451e-05,7.890909957516848
3223,0.031061231140604727,0.017758852450427992,0.01280764561685624,0.0004947330733204965,7.897518392859967
3224,0.02511237212356122,0.017466371161684636,0.007294717775584143,0.00035128318629244466,7.903473819306033
3225,0.03417016925840361,0.015219073150988619,0.018831083572315,0.00012001253509999776,7.908840338557088
3226,0.03150594245815906,0.014626690355956507,0.016603638947429642,0.00027561315477290783,7.92169109778276
3227,0.047709372952878304,0.025750200908960578,0.021270710005571115,0.0006884620383466106,7.933280672826081
3228,0.04637520540799751,0.02339361336898378,0.02262625821134104,0.00035533382767269356,7.943731232348411
3229,0.031788761292727355,0.014456678444602026,0.017246945490996788,8.51373571285391e-05,7.953153414968484
3230,0.06642747492684707,0.03160237924714073,0.03392201694588873,0.0009030787338176094,7.9616473593175
3231,0.037137828929887096,0.01736317847769882,0.018533842581924583,0.0012408078702636908,7.972960893567503
3232,0.042960502888028516,0.023103821386139374,0.019094166906712017,0.0007625145951771305,7.983162133848071
3233,0.02914224444913112,0.012084172329668089,0.016941566268277135,0.00011650585118589656,7.982579048743133
3234,0.05523996232549128,0.024486035762386813,0.02989559528576295,0.0008583312773415185,7.982054035246785
3235,0.03012653286466345,0.01622481370407002,0.012973855103178824,0.000927864057414608,7.981581306536512
3236,0.044682549634330486,0.020410314383653688,0.024144343048415385,0.00012789220226141606,7.981155653061993
3237,0.04502392712387567,0.027520632964222875,0.016867755839684896,0.0006355383199678957,7.980772384841859
3238,0.03875744308788065,0.02130522485537396,0.016480375464733226,0.0009718427677734632,7.980427279550436
3239,0.03555361412534053,0.01959906961846685,0.015862609423889867,9.193508298381204e-05,7.980116535809333
3240,0.034325423197168914,0.017979069473643354,0.01582128072924334,0.0005250729942822178,7.979836731158672
3241,0.030804984841912672,0.01672952891946588,0.012709241407586521,0.0013662145148602694,7.979584784236356
3242,0.02401521223994385,0.011700514777178156,0.011485557772273029,0.0008291396904926648,7.979357920741857
3243,0.05651068296555442,0.031042170610650652,0.025187786777209443,0.00028072557769432213,7.975889093402817
3244,0.04243361731249857,0.023861519810126207,0.016751917406128032,0.0018201800962443285,7.972766813655446
3245,0.04788730240722311,0.023277039414217538,0.021286619134358597,0.0033236438586469724,7.969956344704351
3246,0.030149087394304257,0.017149786444646493,0.012051463839210096,0.0009478371104476668,7.967426453501405
3247,0.032909933461316855,0.020764050690898747,0.012026260815454536,0.00011962195496357133,7.965149053215913
3248,0.04299871611878068,0.027045587422024186,0.014423345735174318,0.0015297829615821743,7.963098882962438
3249,0.014686522706468214,0.008118764296005656,0.004693835475026713,0.0018739229354358458,7.961253220759445
3250,0.041520627283661744,0.022443892598053208,0.01885040010602569,0.00022633457958284498,7.949743360293124
3251,0.024556906915925818,0.012907811134344546,0.01131516801009727,0.0003339277714839983,7.9393933328981605
3252,0.02651453121382303,0.01290568075993815,0.011969228442594784,0.0016396220112900955,7.93008499031958
3253,0.028580798581998412,0.015246332279013255,0.011845057152511086,0.0014894091504740698,7.9217124601522455
3254,0.01626990333132379,0.009681691194246054,0.0064528126347517005,0.00013539950232603761,7.914180825223024
3255,0.04134425642916462,0.022229997628769822,0.01890107963032224,0.00021317917007255893,7.9011535401651605
3256,0.042976570092050324,0.024094835375651328,0.018418580235779497,0.0004631544806195022,7.889441231551144
3257,0.038325362834060656,0.022584726749844946,0.015704479715542365,3.615636867334586e-05,7.878909524778964
3258,0.028547594378245236,0.01724619598417544,0.011150131852440124,0.0001512665416296687,7.869438086459716
3259,0.02763163765928341,0.020392202502368065,0.007010036793650094,0.00022939836326525069,7.86091909913635
3260,0.06170123018106349,0.03022652542213691,0.03129435901047566,0.00018034574845092376,7.853255912420161
3261,0.038022243438147106,0.01943262435316039,0.018546878865877203,4.274021910951174e-05,7.846361848211769
3262,0.01906825393204443,0.012950064155110373,0.006018064087242901,0.00010012568969115875,7.840159140831947
3263,0.0439165791774406,0.019993747261972367,0.023449615834263016,0.00047321608120522206,7.834577995545958
3264,0.042428699065223445,0.02318580042109747,0.018881094874525432,0.00036180376960054264,7.829555751210565
3265,0.03244559261117835,0.015284911123967378,0.017085641590694305,7.503989651666983e-05,7.825036134676165
3266,0.02167496946298028,0.009110632394291534,0.012449585168722691,0.00011475189996605667,7.824494415997501
3267,0.04300038125749403,0.024477548170024573,0.01828118635477401,0.00024164673269544382,7.82515152478131
3268,0.04094949430402823,0.02203069671768313,0.018845501706888694,7.329587945640665e-05,7.825743277528256
3269,0.04262329191875395,0.028321574523746455,0.014221618366349977,8.009902865751116e-05,7.828386685404365
3270,0.0301450704762745,0.016351255502143166,0.013679220741795829,0.00011459423233550241,7.830767753900944
3271,0.016749903214771746,0.013756315077361173,0.0027865110800334176,0.00020707705737715574,7.832912449780476
3272,0.021352652978061628,0.011402814207569969,0.00988958220010988,6.025657038178053e-05,7.834844182542937
3273,0.05129809765923017,0.03064293054797387,0.020571145229758697,8.402188149760176e-05,7.836584053812929
3274,0.03775580246540348,0.02729487067804894,0.010273701332280102,0.00018723045507444114,7.838151082873736
3275,0.025819196665269696,0.017415166196896845,0.008268741040910885,0.00013528942746196505,7.839562410540129
3276,0.046863234584375184,0.023130708909083714,0.023661862706794337,7.066296849713353e-05,7.8408086897228175
3277,0.056481396663892375,0.033036110844535636,0.023136921906457476,0.000308363912899264,7.841015793058473
3278,0.05932308488190814,0.035257115599779315,0.023797795405273166,0.00026817387685566134,7.838952919955968
3279,0.04148776185776507,0.022494225115132303,0.018915714354435252,7.782238819751604e-05,7.833265251473957
3280,0.032286883022882344,0.016617638261446705,0.015474279035574332,0.00019496572586131028,7.828147219618496
3281,0.0377646094095353,0.01524672582600061,0.02198293105402415,0.0005349525295105369,7.823099547143253
3282,0.04363148684593123,0.02382838508373139,0.01953580784333163,0.0002672939188682126,7.818557065209032
3283,0.03990891841482077,0.02090972503468444,0.01898012975566382,1.906362447250665e-05,7.814468963089748
3284,0.03699009529060364,0.023863070095797526,0.012875669215183959,0.00025135597962215345,7.810789587596482
3285,0.018586153298586452,0.011942866903506896,0.00626668594586625,0.00037660044921330663,7.80747791067931
3286,0.029964670572621675,0.0186092144279263,0.011253252597665603,0.00010220354702977059,7.804497053650879
3287,0.029126217750469495,0.014858045961351945,0.01417693066759284,9.124112152471277e-05,7.801813861702148
3288,0.027191985931815252,0.013666476180542706,0.013047261673520754,0.00047824807775179325,7.799398523143881
3289,0.03593789542556194,0.02066442536126709,0.0146487246432537,0.0006247454210411495,7.79722422846897
3290,0.03099182258875816,0.018591850313447844,0.012025344201196398,0.0003746280741139133,7.794816682518486
3291,0.04262428544991651,0.0228186358279601,0.01972834452256299,7.730509939341453e-05,7.792649401175021
3292,0.0385112678811066,0.025868989781163768,0.01232610949815162,0.00031616860179120977,7.792357288620321
3293,0.04604984021561753,0.024286791463483278,0.020928971605081587,0.0008340771470526643,7.792094260072832
3294,0.026420374506796622,0.019790266759946364,0.006281356352976848,0.0003487513938734093,7.791857418966268
3295,0.02016672428771605,0.013580739042610637,0.006491988702307302,9.399654279811007e-05,7.791644157370697
3296,0.04564282264505959,0.02287407222734998,0.021970499892424968,0.0007982505252846321,7.79145212720058
3297,0.03544201673191906,0.021019914240374776,0.01347292559920844,0.0009491768923358425,7.791279214300543
3298,0.03986685708011383,0.017060020367299197,0.02254020084929643,0.000266635863518203,7.7911235151201526
3299,0.018743381798629,0.01112783064735912,0.0075324711494966935,8.308000177318653e-05,7.790429488157991
3300,0.04112805583325132,0.0223999594451375,0.01792950230798252,0.0007985940801312963,7.789804592290428
3301,0.03774230591595186,0.018090663781858037,0.01885656452527193,0.0007950776088218921,7.7922834417488485
3302,0.03066793014821096,0.02118193121319774,0.009403267840079338,8.27310949338821e-05,7.794516240134588
3303,0.029549877452489267,0.018644233770992995,0.01041732211240043,0.0004883215690958426,7.796527349965694
3304,0.05206489345457176,0.031768172597913605,0.019391943317740898,0.0009047775389172604,7.798338732984331
3305,0.04292646792516034,0.027333188687327006,0.015188854052837859,0.0004044251849954778,7.799970184567684
3306,0.035684435997738836,0.019307462263116366,0.016096085658847903,0.00028088807577456384,7.801439545663791
3307,0.038765851941842934,0.02109314985083587,0.01733520284954298,0.0003374992414640839,7.802762894328154
3308,0.036258442928450485,0.01837059655148381,0.01757699646882414,0.00031084990814253457,7.8039547187606075
3309,0.031518205830571175,0.021342918074861154,0.009814282402447241,0.00036100535326277804,7.805028073577464
3310,0.045956869343818534,0.021497333640576752,0.02432909215607412,0.00013044354716765705,7.807675034373675
3311,0.03707018845193264,0.02294632636634751,0.013924083054290954,0.0001997790312941804,7.810059304286137
3312,0.02433756315938057,0.017649250236841933,0.0064453745638699,0.00024293835866873775,7.812206884487435
3313,0.03857002575433176,0.022746854154469167,0.015794009791412034,2.916180845055395e-05,7.814141215588922
3314,0.033835625893879395,0.019068968076563705,0.014692445764886163,7.421205242952008e-05,7.815883427330641
3315,0.05546953918243451,0.027453655457132606,0.027825204101440477,0.00019067962386142722,7.817452564393004
3316,0.02166820884427194,0.01260835131185836,0.008991580469300098,6.827706311347661e-05,7.818865790523646
3317,0.032842352613776014,0.017888266136644713,0.014924138421238306,2.9948055892996308e-05,7.821440857745163
3318,0.0297528039950809,0.01922437561590419,0.01021820120985525,0.00031022716932146245,7.823760347078177
3319,0.04053204986531245,0.018069928319465727,0.02192950494705031,0.0005326165987964128,7.825849559765816
3320,0.03827157733464393,0.020745147758271902,0.017435109339148377,9.132023722365481e-05,7.827731304640984
3321,0.032151803857448244,0.017394554631279827,0.014604402770337546,0.0001528464558308692,7.829426141318152
3322,0.02185152212283133,0.011772651013182542,0.009631383532207218,0.0004474875774415699,7.830952600100044
3323,0.03109621494693886,0.02083395559724911,0.010033277923260024,0.00022898142642972842,7.832327380743739
3324,0.03459351138589208,0.020647880199658287,0.0138903776309196,5.52535553141969e-05,7.833565532049627
3325,0.049826542351897145,0.02425784457735824,0.025520187434734828,4.8510339804073634e-05,7.83957310410106
3326,0.04100087319825136,0.02415213780487312,0.016799552862715693,4.918253066254588e-05,7.844986667189837
3327,0.032353134738418374,0.01653405577326591,0.015800360139147613,1.871882600485218e-05,7.84838209168471
3328,0.02516253167793466,0.015407185442273348,0.009689786061146134,6.556017451517896e-05,7.8514408170699115
3329,0.051780067943527935,0.02834811448515597,0.02325128657977519,0.00018066687859677767,7.8541961184838245
3330,0.023965118054568496,0.015643644294789382,0.007988976183067143,0.00033249757671197083,7.856678003913102
3331,0.06189822171016872,0.03582625131912838,0.025989603827443208,8.236656359712745e-05,7.858764350511614
3332,0.03031967930964218,0.018353301198915428,0.011857826861377102,0.00010855124934964634,7.86064351082825
3333,0.022374281202961144,0.013157838471749818,0.0087776195266887,0.00043882320452262743,7.862336017123238
3334,0.04359389009268403,0.02320217206054289,0.02011317693147128,0.00027854110066986127,7.863860374945726
3335,0.03446163381652101,0.021993397713202335,0.012385250901876444,8.298520144223101e-05,7.8652332616636125
3336,0.011979404284154206,0.006759608950044882,0.005098947668560595,0.00012084766554872888,7.866469705835557
3337,0.03784677717249262,0.02014318996976219,0.01762943459078676,7.4152611943675e-05,7.867329215552388
3338,0.03384592652973415,0.017737474777317918,0.015984994889375083,0.00012345686304115046,7.868103255955489
3339,0.04850739602548779,0.03469690887368171,0.013666034212513988,0.0001444529392920931,7.868800318863974
3340,0.06149139105971803,0.03394661778954207,0.027371413758145058,0.00017335951203090028,7.869428053754785
3341,0.03968303437341735,0.020228256293058185,0.01940681726352491,4.7960816834256635e-05,7.869993351060373
3342,0.055068163246212,0.02413906585016196,0.030642355059068985,0.0002867423369810514,7.870502417278122
3343,0.048589566022103015,0.024781702888488032,0.023638651014828847,0.00016921211878613806,7.867512740946516
3344,0.030514307020629218,0.01724482790671499,0.013189781944361798,7.9697169552431e-05,7.864821608424616
3345,0.04450022419191917,0.025242476643889334,0.019186684898349512,7.106264968033018e-05,7.862399120651592
3346,0.051676051002433505,0.02892530955206483,0.022668338270458246,8.240317991042657e-05,7.860218389401112
3347,0.035722378781008465,0.02063863499602455,0.01500852503028594,7.521875469797067e-05,7.8582552309843905
3348,0.03763114539862823,0.02508655483874701,0.012398496431565603,0.00014609412831562005,7.856487891697405
3349,0.04108699707352107,0.021631079013502693,0.019259489235154432,0.00019642882486394596,7.8548968016133625
3350,0.0398084959631035,0.022168004878273192,0.01721630123939025,0.0004241898454400555,7.853464353705466
3351,0.030856699042868453,0.017271427472380946,0.013282034320406545,0.0003032372500809611,7.845421475498794
3352,0.05142646306038385,0.028984870105012665,0.022281956582374605,0.00015963637299657745,7.838186179979543
3353,0.03902292158442586,0.023367563219288668,0.015571811778719486,8.354658641770566e-05,7.831329537497772
3354,0.04726820326898583,0.023400669622165613,0.02369969453382291,0.0001678391129973106,7.825160492160849
3355,0.026334321973058586,0.014108606745531606,0.012127117004582614,9.859822294436676e-05,7.819609631078982
3356,0.03743555964623491,0.019829091624266677,0.017551782540842706,5.468548112553203e-05,7.814614635396354
3357,0.06420473432426659,0.03386551122992505,0.03014670967551242,0.00019251341882912083,7.810119538936445
3358,0.031577092293597606,0.017705686943566355,0.013757019286213508,0.00011438606381774285,7.8060740673722915
3359,0.022884747699652562,0.011802995987578278,0.010941422161930314,0.0001403295501439684,7.802433048615008
3360,0.0394796889914119,0.021484801267279696,0.017853451241417486,0.00014143648271471943,7.804511677776658
3361,0.03554808460469374,0.019663749116192505,0.01580158739423205,8.274809426919358e-05,7.806383887540206
3362,0.03606087829781048,0.020226767469876346,0.015792266303567948,4.184452436618748e-05,7.808070133981919
3363,0.021530657320302068,0.015995399924607866,0.005442693077473291,9.256431822090961e-05,7.809588854031314
3364,0.04350986004910966,0.0276602226581487,0.015550095501407415,0.00029954188955354217,7.810956663250663
3365,0.030507307297187383,0.015035129198424695,0.015333918271234186,0.00013825982752850062,7.810156647284104
3366,0.037375881768476144,0.02118914400005633,0.01607649847013147,0.00011023929828834292,7.809436329880769
3367,0.0453378103558124,0.025058390981065173,0.020030583007424278,0.0002488363673229496,7.808787765101877
3368,0.02659021815820026,0.01960126980908205,0.0067218254477818635,0.0002671229013363491,7.808203800405091
3369,0.044520067828700036,0.025010435419588938,0.01945044164524058,5.9190763870522134e-05,7.807677997199905
3370,0.05538548555190545,0.029055940364514348,0.026242876835074504,8.666835231659943e-05,7.804934023537013
3371,0.033978034104284516,0.02415763520471386,0.009667040307752818,0.0001533585918178369,7.802463992782443
3372,0.02632472479414012,0.015073687141009557,0.010980838290087076,0.0002701993630434868,7.800240482135633
3373,0.021626513400671083,0.014906776615228217,0.006429369736386422,0.0002903670490564414,7.796934875417245
3374,0.028840481382368253,0.014871828339316067,0.013789437343558753,0.0001792156994934364,7.793959486666318
3375,0.051076339463447834,0.028929964943496086,0.022111914770437426,3.445974951432718e-05,7.791281221000028
3376,0.04666130065188187,0.023194838886178286,0.023386937687925886,7.952407777769504e-05,7.788870320643399
3377,0.04296234264443129,0.020836451957887844,0.021962990437546466,0.00016290024899697706,7.786700024603424
3378,0.029628243752836993,0.017927674035838326,0.011116783590029926,0.0005837861269687402,7.784746263770158
3379,0.0540401254642595,0.024917072790879766,0.028127950088074793,0.0009951025853049396,7.7854948126009464
3380,0.048964204829061414,0.028440782259565516,0.019895537159177527,0.0006278854103183691,7.786168917102628
3381,0.03984674045218011,0.020899949468248427,0.018778737889723916,0.00016805309420776988,7.785131282360989
3382,0.03325647597652041,0.022834413170389353,0.010217933310431004,0.00020412949570005053,7.7884780607413076
3383,0.02757878696206761,0.01451057548789819,0.012516515218109165,0.0005516962560602586,7.79149295241641
3384,0.06154724355384925,0.03322705348362968,0.027558290614055278,0.0007618994561642948,7.800249203239682
3385,0.033499263470607846,0.01806287136362115,0.015261749322830268,0.00017464278415642463,7.808142330054901
3386,0.05397060475852995,0.027847963808771914,0.02591701762288337,0.0002056233268746674,7.815256657078995
3387,0.03280020602802281,0.018429600869138477,0.013077406317334441,0.0012931988415498948,7.821668413531434
3388,0.05218645976805478,0.0224156640238827,0.02674161532689896,0.003029180417273119,7.822174365341721
3389,0.02595816904313983,0.014388938076486136,0.009657401363861706,0.0019118296027919905,7.8226299857703365
3390,0.04636979613537604,0.02792594810197389,0.018343233537731707,0.00010061449567043781,7.822324790357182
3391,0.03137767478589576,0.01770665927366937,0.012520380440506967,0.0011506350717194217,7.822049982449149
3392,0.06705821751123871,0.03372922315938067,0.03194822440070228,0.0013807699511557568,7.821802535533586
3393,0.05601762273430486,0.03393073467460242,0.02152097418417284,0.0005659138755296047,7.821579724702513
3394,0.056262405593649464,0.03409658424165322,0.02201604309846433,0.00014977825353192014,7.8213790965638355
3395,0.041939265505981385,0.022181231835147176,0.01944284396149891,0.0003151897093352992,7.822048259891273
3396,0.04229324029657389,0.021764130956719835,0.019589118925879667,0.0009399904139743943,7.822650867655973
3397,0.040266819854921074,0.019544810710773436,0.0195034485243087,0.0012185606198389382,7.823193535130953
3398,0.026622451457995577,0.018303118168177007,0.008085253029250571,0.00023408026056800037,7.823682220897546
3399,0.022672861054810155,0.010457436680164906,0.011990525206829411,0.00022489916781583794,7.820188362140713
3400,0.05685609906266277,0.02257519198296906,0.033690908681798956,0.0005899983978947507,7.817043596657837
3401,0.04158297502547126,0.019226170116217103,0.022113675502688893,0.00024312940656526236,7.804419217116176
3402,0.028963323527304775,0.018538177346092952,0.010316564298770103,0.00010858188244171986,7.780866076125485
3403,0.040614378345367706,0.022987367693644675,0.017475578121501033,0.00015143253022199832,7.759718104969867
3404,0.057307323019096384,0.037242632527415824,0.019531691011880535,0.0005329994798000252,7.740724266670367
3405,0.03769389021507581,0.022101861908231157,0.01445023587559235,0.0011417924312523062,7.724760353777316
3406,0.05715687730686254,0.03376731770167825,0.022386622702667693,0.001002936902516589,7.710413569080781
3407,0.045628580839752665,0.021276709383549672,0.023974663973517794,0.00037720748268519797,7.697517581483059
3408,0.03503943357031968,0.018314382736038182,0.0164934257387039,0.00023162509557760053,7.685923643145347
3409,0.03681637164892106,0.01735549296704989,0.01934888738161859,0.00011199130025258285,7.675498641828897
3410,0.03947488403520215,0.017459820845439768,0.02181605231597056,0.0001990108737918164,7.666123385311431
3411,0.027885183103920262,0.013325948416821385,0.014444034681131682,0.00011520000596719356,7.6576910873178985
3412,0.05099429112850655,0.025522212702653434,0.02523025355752015,0.00024182486833296596,7.650106028921493
3413,0.052406200688717056,0.026760564415599826,0.025540263557969782,0.00010537271514744721,7.652568814919696
3414,0.04481387322630957,0.024847593390081423,0.019810490320320878,0.00015578951590726966,7.654787147484683
3415,0.031146489379418423,0.01829823345987825,0.01265965642754661,0.00018859949199356363,7.656785229931673
3416,0.05714458435171233,0.02820118933460625,0.028598102172523208,0.0003452928445828754,7.660140242886393
3417,0.03318335667269529,0.01617577588183749,0.01642723034386224,0.0005803504469955657,7.6631625744848835
3418,0.051588636705900574,0.024794344463801198,0.02618642651332969,0.0006078657287696912,7.66588510038489
3419,0.036962345827195806,0.01983291357414916,0.016225076764129466,0.0009043554889171801,7.667266250752509
3420,0.03894479424939547,0.0219391426220884,0.01637970091606057,0.0006259507112464936,7.668510141993887
3421,0.04641101238774786,0.02609532658513542,0.020226185466281757,8.950033633068785e-05,7.665750427636714
3422,0.05709391272048295,0.03235791176671421,0.02465965647186553,7.634448190320465e-05,7.663266249828269
3423,0.05069716935887613,0.027442265693872325,0.023087069840031244,0.00016783382497256448,7.661030022244558
3424,0.046946285119695175,0.02629599567113969,0.02053285581255257,0.00011743363600292034,7.659016934855106
3425,0.040819877390477356,0.022246952767417644,0.01827305039351501,0.0002998742295447019,7.657204671799362
3426,0.04504568327576227,0.02643341162210824,0.01837125881570804,0.000241012837945988,7.655573158443232
3427,0.04747508526135384,0.028379531039338345,0.0188896346317183,0.00020591959029719924,7.655341402802366
3428,0.05022021917503498,0.029592782083260133,0.020491843950863363,0.00013559314091148632,7.655132720864452
3429,0.048646884440648686,0.023598339100450564,0.02499059417623028,5.7951163967840276e-05,7.654944814865768
3430,0.04800013201940191,0.024237134346972267,0.023700727953205204,6.226971922444359e-05,7.654775615963748
3431,0.03732405486032878,0.022327555406454765,0.014785219191918556,0.00021128026195545846,7.654623261410857
3432,0.052866372134263685,0.02641768276519681,0.026025998603822726,0.0004226907652441496,7.654486074008134
3433,0.029070715488898242,0.016838300083994114,0.011174643715773864,0.0010577716891302636,7.654362543610036
3434,0.06218835381277942,0.0263743813377186,0.03344091142859986,0.00237306104646096,7.654251310475247
3435,0.04591971059432328,0.024036228071106572,0.01831454908929625,0.0035689334339204554,7.661208991189654
3436,0.022822263212244967,0.009341442303154732,0.009492269863117067,0.0039885510459731705,7.668766489666133
3437,0.03632834044488476,0.018749499622463014,0.014547429571789798,0.0030314112506319513,7.675578133506535
3438,0.016503106086281565,0.01014843764240285,0.004989099029374522,0.0013655694145041936,7.681716959011274
3439,0.03647581347048827,0.022629281577768164,0.013613717349835162,0.00023281454288494018,7.687248958990256
3440,0.03571411770383199,0.02430115681099406,0.010921774157554133,0.0004911867352837999,7.692233741389319
3441,0.04323704335402611,0.021177567591044298,0.021026008290056627,0.0010334674729251855,7.69672513029952
3442,0.03936400101814105,0.023824262332504734,0.0148462273419911,0.0006935113436452102,7.699301130600543
3443,0.03720363789813639,0.019275918862689777,0.0176140265839309,0.0003136924515157107,7.701621466898757
3444,0.03862108712835448,0.018153153526125034,0.020418507556912956,4.942604531648843e-05,7.703711447262788
3445,0.04243173622582442,0.021066569555403244,0.021073858154371246,0.0002913085160499256,7.705593887048132
3446,0.04446078593937632,0.024180058069077942,0.019357357207456127,0.0009233706628422551,7.707289352043446
3447,0.022060029312860673,0.012974439568358314,0.007754188095548385,0.0013314016489539729,7.708816378350978
3448,0.045049131208788354,0.019271529847052982,0.025465568730432302,0.0003120326313030723,7.710191671140895
3449,0.02842600400837258,0.014757754007918034,0.013588876328051685,7.937367240286337e-05,7.7098124608276635
3450,0.03276404130118873,0.0206134302428066,0.011675242257263949,0.00047536880111817987,7.703859870938919
3451,0.050717736970517444,0.02593214081878766,0.023543739311020512,0.001241856840709273,7.698503704245444
3452,0.05557173886600958,0.033125558222063846,0.021652166437698066,0.0007940142062476688,7.693683849766804
3453,0.032160537569236355,0.01574132789156775,0.016122445766150045,0.00029676391151856177,7.689346321388009
3454,0.03175044406750383,0.016163067581645197,0.015557025209427125,3.0351276431505627e-05,7.685442621249434
3455,0.023535305485261927,0.015499311205361561,0.007987171307140023,4.882297276034105e-05,7.681929171647934
3456,0.04959342534842761,0.027806909270881617,0.021705330082231675,8.118599531432079e-05,7.678766807644482
3457,0.06372757056097958,0.030620256759843322,0.0330580327565975,4.92810445387666e-05,7.675920323540122
3458,0.03944030715804406,0.02295102540320488,0.01645970833391029,2.9573420928894126e-05,7.673358067215559
3459,0.032074969709374276,0.01812146963445457,0.013841618952524755,0.00011188112239495074,7.6710515770507195
3460,0.042572973305941175,0.025933136062865098,0.016477344720012117,0.00016249252306395923,7.668975256766074
3461,0.03705028770975312,0.017346218760916042,0.01951783495142897,0.00018623399740810503,7.6671060840715
3462,0.03580810811177126,0.020855285241346586,0.014761598401528096,0.0001912244688965695,7.6654233494829205
3463,0.03411107122250646,0.022703973305002786,0.011344949459937994,6.214845756567746e-05,7.6639084220816835
3464,0.04844722483912849,0.027479042102546623,0.020829291119423502,0.00013889161715837042,7.662285222540422
3465,0.053094160582405264,0.030944166571429274,0.02198093419781915,0.00016905981315684313,7.66082388256496
3466,0.035089899268431264,0.021046553411790594,0.013993093058494069,5.025279814660137e-05,7.659508235771003
3467,0.021031098862518735,0.011958677114711666,0.00896426197280318,0.00010815977500389085,7.658153710615377
3468,0.045885455322713174,0.025470118556510244,0.019880747005540746,0.0005345897606621834,7.652954979407863
3469,0.034914696800718674,0.02045259740980086,0.013743140002970432,0.0007189593879473813,7.648276724760307
3470,0.034164119345161975,0.022295486558909183,0.011100559125514522,0.0007680736607382702,7.644066568266593
3471,0.038832716584042797,0.019057727440842522,0.01929812501493762,0.0004768641282626534,7.636550396720397
3472,0.04555355091065611,0.02239087975861277,0.023042727651395232,0.00011994350064811106,7.629788672995757
3473,0.04685886901585202,0.025071464937065344,0.021502635943015234,0.00028476813577144153,7.623705102250616
3474,0.03984758349044723,0.024230938094523823,0.015130093737070456,0.00048655165885295494,7.618231212026751
3475,0.036601283182320705,0.01618441841158412,0.019989039597828398,0.0004278251729081852,7.610965887051209
3476,0.03480156321149985,0.01805573779759889,0.01600992226196704,0.0007359031519339174,7.604429647223195
3477,0.04391434378888911,0.020793789669680866,0.022909971630542095,0.0002105824886661453,7.59936087932298
3478,0.03224043257887968,0.01635946269063233,0.015771230472905743,0.00010973941534160884,7.594799523919203
3479,0.05632160898653875,0.03177097710341158,0.023885734472776896,0.000664897410350281,7.590694527326637
3480,0.025079843272374808,0.014072840196267488,0.00990870861641015,0.0010982944596971674,7.588336338368769
3481,0.04575232853412101,0.02494844726809367,0.019608320852014978,0.0011955604140123672,7.58621349951719
3482,0.041989354407201626,0.021869923801330102,0.019724076424057168,0.00039535418181435876,7.584302466417182
3483,0.022049986088160174,0.01693558850922753,0.005063442839268237,5.095473966440884e-05,7.580186093915336
3484,0.04185482238159041,0.027190704674659765,0.014643494911640633,2.0622795290015297e-05,7.576608820821119
3485,0.04942872766846245,0.0287127849204679,0.020604357346082836,0.00011158540191171862,7.573389057712808
3486,0.029645551545461,0.016036526458709562,0.013491239487878904,0.00011778559887253447,7.570490945971111
3487,0.035250565701862614,0.01763262756676658,0.017576546277683385,4.139185741265224e-05,7.567882248089685
3488,0.03490208583100282,0.02049637781114871,0.014384279939775837,2.1428080078271764e-05,7.57120947720645
3489,0.036299672153155486,0.020327510788525082,0.015893464954166703,7.869641046370108e-05,7.574206780557707
3490,0.03437813384003016,0.015763219083180017,0.018503772143043187,0.0001111426138069613,7.57553469542845
3491,0.0406559256790804,0.02438040622157904,0.016203162959639496,7.235649786186188e-05,7.576730634794758
3492,0.04730419206968425,0.024400882387840106,0.022760905623588193,0.0001424040582559535,7.57780769723422
3493,0.06871907292577785,0.03747757097616429,0.031151104810951596,9.039713866195675e-05,7.578777684670416
3494,0.02695914532384491,0.015337211847229543,0.011490108974235082,0.00013182450238028134,7.579651230091234
3495,0.06131000977780969,0.03203604411551842,0.029200902025090663,7.306363720060836e-05,7.576460092335172
3496,0.05125039856313241,0.031056428408318733,0.02016375468945462,3.021546535905521e-05,7.573587735986602
3497,0.044359060640632546,0.022949419923897367,0.021286353152509027,0.00012328756422615313,7.571002213172009
3498,0.03614775759513175,0.01939798307424785,0.016625210518510795,0.00012456400237311136,7.568674797259062
3499,0.041772130038196145,0.01866542156707556,0.023055083273620193,5.162519750039255e-05,7.566579654391576
3500,0.030322224819262292,0.014098112561235384,0.01618650539167669,3.7606866350216e-05,7.56747299214415
3501,0.03793946720017507,0.01823515234039158,0.019600625152895724,0.00010368970688776451,7.568277501167703
3502,0.030960876275706213,0.016062482252208653,0.014867706035008591,3.068798848896981e-05,7.568219042986728
3503,0.05786680921389215,0.025625442184761215,0.03205405246626419,0.00018731456286674123,7.573565101341459
3504,0.03641559898813249,0.016191552960332495,0.02002608536946559,0.0001979606583344055,7.578382267116749
3505,0.046126157267935904,0.028159716532063152,0.017419839579472393,0.0005466011564003561,7.582722574396437
3506,0.041490897966629116,0.022777435652058316,0.018076404498395912,0.0006370578161748886,7.586632992882377
3507,0.02023613246696372,0.012368886384926739,0.007078406822767544,0.0007888392592694396,7.590510289881481
3508,0.035875579213795805,0.01996308446948003,0.014764846866690308,0.001147647877625464,7.5940033526232025
3509,0.04651773059984605,0.023912395980417785,0.02155587762350919,0.0010494569959190756,7.597150106018721
3510,0.04616038809239575,0.02642568166604965,0.018711738791790434,0.0010229676345556665,7.599984760482734
3511,0.023995475359232212,0.016599066589125532,0.0064972356191236175,0.0008991731509830622,7.602538170281861
3512,0.03005893681270506,0.014000941340095585,0.014762740179877793,0.0012952552927316856,7.604838158354139
3513,0.03669616095625103,0.01756989611344979,0.018279755770159927,0.0008465090726413131,7.606909810535576
3514,0.04357073375557078,0.022217320328381487,0.020692879032529872,0.0006605343946594182,7.608775741912499
3515,0.05869764387452069,0.020746920012629327,0.03747583863147203,0.0004748852304193388,7.61045633780889
3516,0.048005700457911485,0.027001686693931597,0.020775597494866807,0.0002284162691130806,7.611969971717882
3517,0.03538479341364386,0.020991887005379326,0.014201222150656946,0.00019168425760758347,7.613333202297119
3518,0.06790006948375987,0.04281654694309217,0.024674833768910952,0.0004086887717567431,7.6109680416306436
3519,0.04126556107934404,0.025504735823250742,0.01556929837012981,0.00019152688596348803,7.6032149333436605
3520,0.056371117952917396,0.027928392434457255,0.02833214281604172,0.00011058270241842065,7.596240296082728
3521,0.04790732530487312,0.022449460715873403,0.025291354370440604,0.00016651021855911555,7.589965360665734
3522,0.05173498479673888,0.027326104765998893,0.02420132671139308,0.00020755331934691086,7.584319442399999
3523,0.020156686718113253,0.010581266259210124,0.009401831880781458,0.00017358857812167165,7.579239089835195
3524,0.0431643741650678,0.02666309058379265,0.01630475601331304,0.00019652756796210996,7.574667327151729
3525,0.03651797439775457,0.019031987165712812,0.016845740576244723,0.000640246655797034,7.5705529791526915
3526,0.034404560173964274,0.016562830217232746,0.016454780005328604,0.0013869499514029295,7.56226764559899
3527,0.042555675263304886,0.017096087350248697,0.024072912118045738,0.0013866757950104474,7.554814760337218
3528,0.038249222410403315,0.018781003285198005,0.016692450469845993,0.0027757686553593138,7.548109990916224
3529,0.03304289045558071,0.02096325173358578,0.007707303789439434,0.004372334932555499,7.542077679484434
3530,0.04007014387267015,0.02052425357616599,0.014208177736471116,0.005337712560033044,7.533507856575193
3531,0.04232718182591598,0.02196613751642162,0.013459309534119451,0.0069017347753749115,7.525799372713976
3532,0.04586115779211071,0.025513179943053334,0.01424799624897547,0.006099981600081909,7.518864910562706
3533,0.03903577657375442,0.021195159680979896,0.013324691973475702,0.004515924919298822,7.512626145336025
3534,0.04085518010581441,0.019351799154252374,0.0195569809169496,0.0019464000346124315,7.507012792208396
3535,0.03556874372046219,0.02246760853308299,0.01292211201039103,0.000179023176988168,7.501616300905015
3536,0.035022452633228084,0.015895538091471845,0.017302335082523674,0.0018245794592325695,7.4967602750922335
3537,0.0391045624078552,0.01888278587885081,0.016138911964447306,0.004082864564557085,7.492390289306764
3538,0.03679194696788262,0.01627743357772584,0.018450374479459214,0.0020641389106975643,7.487924700583748
3539,0.03537787670408191,0.022214687463402168,0.012746278405191592,0.0004169108354881536,7.483905877053213
3540,0.04474725451447541,0.025880983751280052,0.018436468308430504,0.0004298024547648507,7.4802889176552
3541,0.032963487600057476,0.0180494056187226,0.013471801885863516,0.0014422800954713556,7.47703347255038
3542,0.04013395451810249,0.023202888175401275,0.01591395972716681,0.0010171066155344076,7.475080747116951
3543,0.03492548959395171,0.01832743401342011,0.016495832879630815,0.0001022227009007867,7.473322825049951
3544,0.017066868211980796,0.00961653673091128,0.0068528065841639875,0.0005975248969055267,7.471740233744838
3545,0.03361654354055239,0.016122644489713185,0.01637418989125203,0.0011197091595871733,7.470315454475634
3546,0.04143918823352565,0.02351073265012963,0.01735837492838023,0.0005700806550157895,7.470108096829418
3547,0.039295732727433856,0.020075484271986212,0.018703813114403008,0.0005164353410446363,7.469921383725416
3548,0.0349335345520906,0.02221273402868388,0.011448171003158423,0.001272629520248293,7.469753259352688
3549,0.03617736686566528,0.020924175851297928,0.014278200353790505,0.0009749906605768468,7.46996164243825
3550,0.026691004794546072,0.01777542150532485,0.008884392391267261,3.119089795396018e-05,7.470149288803547
3551,0.0215883985945098,0.015826912489503107,0.005071834076749625,0.0006896520282570696,7.470318261562891
3552,0.05196895272578822,0.02931485442927022,0.021367313112398277,0.001286785184119715,7.470470418654158
3553,0.05999322502542544,0.029742586764789514,0.029875980482427237,0.00037465777820868274,7.470607433227574
3554,0.0347441858777212,0.02066469261788739,0.013570830246819097,0.0005086630130147132,7.470730812011446
3555,0.03427488153232711,0.020047147491950496,0.013687415611129704,0.0005403184292469158,7.470841911855015
3556,0.02466110838544403,0.014983125803192074,0.00956068337416154,0.00011729920809041314,7.47094195462887
3557,0.02192453679377125,0.010159798757411773,0.011657469187223723,0.00010726884913575512,7.471032040645648
3558,0.027439798974709908,0.013381921408772235,0.013662341093436853,0.00039553647250082106,7.471113160747629
3559,0.02113810244231511,0.011098902366119606,0.00952018693152578,0.0005190131446697223,7.4737042044810345
3560,0.05988586715621305,0.02718741102016012,0.032500889551725184,0.00019756658432774836,7.476038113666072
3561,0.048679109429592964,0.026027133375616594,0.02209404669251163,0.000557929361464739,7.478720502161437
3562,0.03451954428299785,0.020429537845132403,0.013523491098939647,0.0005665153389257955,7.481136718522121
3563,0.044592838921429394,0.027880057892763693,0.016491289953799306,0.0002214910748663962,7.483313101004199
3564,0.022687162726223297,0.011897565765889472,0.010477346940429818,0.000312250019904006,7.485273395620103
3565,0.03823302641939276,0.024536685281060018,0.012925044571768919,0.0007712965665638203,7.487039008620854
3566,0.04363686285778487,0.020853751423898934,0.022410647393065964,0.0003724640408199739,7.488629234890875
3567,0.03164126421070342,0.017685702743442736,0.01376255912270093,0.00019300234455975847,7.490061464456711
3568,0.04327046853715626,0.022556884092992426,0.019899201985783793,0.0008143824583800468,7.491351369128605
3569,0.04886586733746084,0.02630161465062656,0.021350741328620124,0.0012135113582141552,7.492513071122927
3570,0.02632380686695646,0.013188591813680256,0.012861416744370429,0.00027379830890577483,7.4935592953538155
3571,0.03036426459670929,0.021899803655498595,0.008266629564952863,0.00019783137625783222,7.494501506934113
3572,0.05671141701637238,0.02845895911044527,0.027521825021010658,0.0007306328849164524,7.49352841878024
3573,0.05007138409783996,0.024153269182496436,0.0254096943003224,0.0005084206150211281,7.4926522966930165
3574,0.051869213096597686,0.02476900295934553,0.027056242017169472,4.396812008268764e-05,7.491863468543709
3575,0.03757907117405556,0.019522200091527574,0.017782765159096898,0.0002741059234310819,7.491153228806001
3576,0.04023807887444398,0.02128940960169315,0.018149732516076877,0.000798936756673956,7.490513741610519
3577,0.03712924922342805,0.022451027685872427,0.014163026913810195,0.0005151946237454289,7.492462991570671
3578,0.01753519697428027,0.012019288398901483,0.00548350276873208,3.240580664670611e-05,7.494218653568405
3579,0.03480552258470266,0.020733805868212385,0.013668913186173384,0.00040280353031688646,7.496136724527932
3580,0.04307869423174456,0.023835095003641203,0.01835266656421162,0.0008909326638917344,7.501816398136931
3581,0.028577503533320232,0.01345119865576988,0.014567111918891922,0.0005591929586584316,7.506934417405171
3582,0.045939011382884753,0.028064860826260658,0.01776269355087753,0.00011145700574656818,7.511545993048675
3583,0.03861771679582838,0.02061439570887463,0.0175212423747174,0.0004820787122363532,7.51570097112143
3584,0.03411000293668774,0.020954434954024957,0.012148118287055046,0.001007449695607738,7.51944434239593
3585,0.04802918298101681,0.025146467820167804,0.02219767213332309,0.0006850430275259202,7.522944659210501
3586,0.023971497608659107,0.012769531783217217,0.011130015348574536,7.19504768673558e-05,7.526312363266043
3587,0.053455297312915186,0.029036042762356263,0.023763116255339434,0.0006561382952194897,7.529346146573115
3588,0.05691913890875873,0.03324380274648209,0.02325907812815135,0.00041625803412528856,7.532079002925
3589,0.03961407419381374,0.02737366224293608,0.011830936657485594,0.00040947529339206744,7.534540687989156
3590,0.040285851624387775,0.024101905869508992,0.01598347602883869,0.00020046972604009487,7.536758032954675
3591,0.04771615213167099,0.02500131604637867,0.02252661006515604,0.00018822602013627917,7.5387552285911195
3592,0.030402348454470332,0.01694736974104382,0.012888315020985473,0.0005666636924410384,7.5405540823576045
3593,0.03528071615570055,0.01643427040153985,0.018114091864326366,0.0007323538898343368,7.542818831393678
3594,0.045208735406523676,0.02691705802695776,0.01798941678157886,0.0003022605979870593,7.544858736220697
3595,0.031900263714027495,0.01613500289696501,0.015726792203206944,3.846861385553938e-05,7.546696067151237
3596,0.030679601568121828,0.017250682432295782,0.013299746978923726,0.00012917215690232275,7.54835089855184
3597,0.04204350880685694,0.022638231455144642,0.018958006552491743,0.0004472707992205545,7.549841323500776
3598,0.05232133201592152,0.021344178485167616,0.030369797556613887,0.0006073559741400184,7.551183647818389
3599,0.04948892608780329,0.02897251521592874,0.02028568747950512,0.0002307233923694263,7.552392565384134
3600,0.0505815781668164,0.02902387935856486,0.021434319445710715,0.00012337936254082772,7.55348131648999
3601,0.03905071302749737,0.023332095176915375,0.01565421370136458,6.440414921741523e-05,7.55446183082701
3602,0.01930403767019241,0.0142435466670355,0.005013509356575703,4.698164658120517e-05,7.555344856560111
3603,0.039565377359082124,0.021171804226870178,0.018285500798581922,0.000108072333630028,7.554451519954085
3604,0.023706521331596404,0.012913257081042495,0.010723144399074704,7.011985147920827e-05,7.553647193847138
3605,0.053086088771717437,0.02825040488229883,0.02475850037631663,7.718351310198113e-05,7.552923001299606
3606,0.017296506852326206,0.010420483477803865,0.006815499109011835,6.052426551050386e-05,7.552270952192172
3607,0.026389441064458376,0.015539775287414183,0.010716980121334983,0.00013268565570921098,7.551683854341618
3608,0.033118433105452885,0.018323211511919325,0.014702142083119523,9.307951041404132e-05,7.551155233579942
3609,0.04556411838125701,0.023171748431150864,0.02217516489048798,0.0002172050596181694,7.550679261882646
3610,0.04709059740815088,0.022922964216794104,0.02397425374717347,0.00019337944418330437,7.550250692727168
3611,0.05687582677375083,0.0297705057146563,0.027012544537000884,9.277652209365171e-05,7.549864802947352
3612,0.03192872876637593,0.01608496568036679,0.0158132263176121,3.0536768397046844e-05,7.549517340425638
3613,0.030835670513755194,0.013624492944259282,0.017152462343198893,5.8715226297016034e-05,7.5492044770324345
3614,0.03659483888802912,0.01783324975819263,0.018588974241319906,0.000172614888516589,7.548922766282674
3615,0.014752759624027877,0.008967197437292422,0.005717382002887587,6.818018384786666e-05,7.548669105233785
3616,0.03913237319709665,0.022433523590853204,0.01660719196221404,9.165764402940205e-05,7.548440700197862
3617,0.06247409075350124,0.032719173442488377,0.029624803923550887,0.0001301133874619717,7.548235035884282
3618,0.04718510848214947,0.026219987910301924,0.020908677858169404,5.6442713678143715e-05,7.548049847627977
3619,0.03986120483308072,0.020511545826628425,0.01931849187210493,3.1167134347367996e-05,7.547883096393551
3620,0.03267550370446861,0.020327797979131295,0.012324845942818173,2.285978251914021e-05,7.547732946276749
3621,0.028623402522536374,0.019662813855029066,0.00890644023637524,5.414843113206841e-05,7.547597744252946
3622,0.03299982275323977,0.018957708167970305,0.013870387441894727,0.00017172714337472967,7.548700048949549
3623,0.03609518166357002,0.015375998030006874,0.020345783681062733,0.0003733999525004125,7.549692770933518
3624,0.04212630496493013,0.023189113448262976,0.018669825523924977,0.00026736599274218147,7.550586791719632
3625,0.044470000432748784,0.02174049665133631,0.022507714169660156,0.0002217896117523249,7.549650192453462
3626,0.02401573893511049,0.0158683829954098,0.008008056979486984,0.00013929896021370642,7.548758142941738
3627,0.04506649990512041,0.027464912202912237,0.01752277855572275,7.880914648542467e-05,7.547954975885569
3628,0.04138937020890561,0.02561778950695928,0.015653278143411588,0.0001183025585347446,7.547231827100318
3629,0.04311445243625827,0.02863687702908069,0.014453200112955254,2.4375294222327755e-05,7.546580717947877
3630,0.01712145130341539,0.009426931488271156,0.0076812550308298375,1.326478431439605e-05,7.54599446658025
3631,0.0330468736207168,0.021866459716690455,0.01115421260391673,2.6201300109619903e-05,7.545466608133555
3632,0.02488268935032511,0.016276305555553722,0.008589546384622958,1.683741014842804e-05,7.549241332813699
3633,0.030690290496724316,0.01775908383455788,0.012746984520998912,0.00018422214116752572,7.552641946761262
3634,0.0536870062976665,0.026645892149041502,0.02664818181323151,0.00039293233539348964,7.555705382909269
3635,0.0337159905719442,0.018473210933133852,0.014450926689292546,0.0007918529495178069,7.558464955535597
3636,0.039001266127982624,0.019744182746985948,0.01881640442221862,0.00044067895877805853,7.560950709610565
3637,0.03528037585603149,0.02159336242140413,0.013652497254289886,3.4516180337474676e-05,7.56318973741105
3638,0.025375947709911455,0.017173564955495175,0.008082439132370459,0.00011994362204582173,7.5652064652766
3639,0.04223455037458111,0.02201485466623556,0.0198533248617491,0.0003663708465964515,7.567022913168422
3640,0.02734017287032029,0.013514067222496708,0.013660204705867554,0.00016590094195602899,7.560933540644439
3641,0.03804002421879515,0.02406905037390282,0.013854116330211903,0.00011685751468042965,7.54954562133454
3642,0.0503186011675356,0.024350417894447685,0.025928479236599473,3.970403648843867e-05,7.539305904524
3643,0.06707943321484215,0.03278388768786929,0.03422652015596458,6.90253710082875e-05,7.530097308496595
3644,0.04514995160433142,0.02645451121940494,0.018678743897046577,1.6696487879909155e-05,7.5218149381884105
3645,0.045283099393961294,0.021937378986299685,0.02330351623919668,4.220416846493485e-05,7.5223339773380165
3646,0.0403808088960732,0.023458611974921578,0.016856048228933787,6.614869221783419e-05,7.522801383215121
3647,0.03344586989470431,0.016471525711916454,0.016885148863722246,8.919531906561092e-05,7.523222289471022
3648,0.05599520909598762,0.028135730538408208,0.027703665407498454,0.00015581315008095822,7.526682224746244
3649,0.030172118079566202,0.018116776734516973,0.011825278575968138,0.00023006276908108943,7.529799127700723
3650,0.036648692534044125,0.01761115867611728,0.018532956828861826,0.0005045770290650182,7.532606885832963
3651,0.029159615546587078,0.014142118860693633,0.014920439380544732,9.705730534871135e-05,7.536268714418677
3652,0.034519378743129575,0.019631028514979894,0.014859582216138935,2.8768012010747346e-05,7.539567576189653
3653,0.025433631283537525,0.014257650467869119,0.011091392079578342,8.458873609006366e-05,7.5392001486846185
3654,0.02749740426435833,0.01758713755633773,0.009573868533673122,0.0003363981743474791,7.53894449786239
3655,0.0569943097287293,0.028660452348287204,0.027940178286701898,0.0003936790937401977,7.538714301358903
3656,0.04413509143414615,0.020376398743670664,0.02345752151774033,0.00030117117273516263,7.534671181886795
3657,0.052568191795699146,0.026587995827193595,0.025695930219295303,0.00028426574921024643,7.531032360829506
3658,0.03952046991273786,0.021797337415894163,0.01745046380111038,0.00027266869573331894,7.527757243565685
3659,0.03621513374274418,0.020383437067152215,0.015509213435923463,0.00032248323966850556,7.524809342891802
3660,0.02761619114255115,0.018308032667025357,0.00912728524172891,0.00018087323379688294,7.522155857504047
3661,0.02514217671820502,0.015314404767508017,0.009714389568492469,0.00011338238220453273,7.5197672948493635
3662,0.06050999657225798,0.03280042860652552,0.027641997738891092,6.757022684137666e-05,7.517617133469002
3663,0.027175584920686446,0.020337922268868772,0.0068128691728815355,2.479347893613809e-05,7.515681520531491
3664,0.04478104358948232,0.02509591758256822,0.01952687536619963,0.0001582506407144685,7.513939000751418
3665,0.02922149425006745,0.018705625135032825,0.010435713894980157,8.01552200544696e-05,7.51237027332649
3666,0.04039477902175852,0.020220513909445948,0.019975315898477074,0.0001989492138354935,7.510957973907025
3667,0.034832356752847876,0.022899437012430073,0.01172432109192977,0.00020859864848803305,7.509686478946758
3668,0.02809198084938952,0.013571270608990002,0.014416119967647384,0.00010459027275213431,7.508541730078153
3669,0.02799396485858347,0.020924855407324666,0.006891072395566917,0.0001780370556918866,7.507511076414528
3670,0.03632414531590395,0.019708582946798787,0.016321087013933262,0.0002944753551718992,7.506583132910014
3671,0.053392656384089944,0.028044428518635027,0.024815790456945267,0.0005324374085096486,7.505747653110475
3672,0.031069766328711515,0.018088528945639094,0.012139212930177463,0.0008420244528949562,7.5049954148074605
3673,0.03938648948987648,0.023289343383658446,0.0144727617543516,0.0016243843518664385,7.504318117265892
3674,0.030508497947762427,0.018841320020891943,0.008397597672005498,0.0032695802548649857,7.503708288837079
3675,0.03419790407509054,0.01682358528255384,0.012703443656346583,0.004670875136190118,7.503159203893809
3676,0.04486804705483081,0.018902828513534822,0.018680019743622104,0.007285198797673887,7.502664808135708
3677,0.04600801344330993,0.025255968412408777,0.010631570339792343,0.010120474691108813,7.502219651412387
3678,0.056357811208338514,0.022885050235473,0.021701385098194113,0.0117713758746714,7.501818827300322
3679,0.052145303239226434,0.024426717823271965,0.019523660030729622,0.008194925385224842,7.501457918748547
3680,0.04053388280112233,0.021180444988368265,0.01761018143399529,0.0017432563787587723,7.4986959132412245
3681,0.03541574879407882,0.02349492795266345,0.01135186704570635,0.0005689537957090149,7.496209702514571
3682,0.040826380675820034,0.019777911878436798,0.016660810979223645,0.00438765781815959,7.495908922068182
3683,0.03514158364575584,0.019486175631043955,0.009833265713735983,0.00582214230097591,7.495638091051302
3684,0.043568675668918457,0.02528703721220961,0.01687885694628531,0.0014027815104235373,7.495394226405208
3685,0.0382375540271327,0.022624332252540527,0.014980897515834365,0.0006323242587578038,7.4951746423680845
3686,0.03210048468933636,0.01747411187821444,0.010952892120825956,0.0036734806902959595,7.494976920812817
3687,0.044130101829185406,0.030208900003915504,0.012130620050108355,0.0017905817751615446,7.494798884550518
3688,0.03481477638395781,0.021908418605991666,0.01278376643576199,0.00012259134220415305,7.494638573302095
3689,0.028707263347411076,0.014497540900077434,0.011872839908726396,0.0023368825386072467,7.494494222070257
3690,0.055083074819265165,0.025395953008266428,0.02754475260945996,0.002142369201538775,7.49436424167137
3691,0.06971627131452866,0.03467928873097566,0.03463911867723131,0.00039786390632169313,7.494247201210844
3692,0.047831097007803636,0.022314900148767643,0.022994008498829457,0.002522188360206537,7.490177280688495
3693,0.04614252292591499,0.028316310358153043,0.01661427298546031,0.0012119395823016303,7.486514363891449
3694,0.01398550076888954,0.008922430177571248,0.004969697284949496,9.337330636879608e-05,7.483217579936854
3695,0.03746663205245868,0.02108210495693728,0.014729135526793655,0.0016553915687277443,7.480250194169717
3696,0.02120419471428754,0.013203429418869693,0.007313779840197572,0.0006869854552202758,7.4775791835288015
3697,0.025419239286100036,0.014584463470904748,0.01022527266375037,0.0006095031514449166,7.475174856639121
3698,0.03979750165040715,0.021724092033119567,0.016326056725879397,0.0017473528914081831,7.473010513709747
3699,0.03905776358468867,0.020619021141873924,0.01809103136631778,0.00034771107649696334,7.471062141895406
3700,0.042397916474237365,0.025392093684269545,0.015411028199597963,0.0015947945903698575,7.469308142285038
3701,0.026004551751143447,0.016755146407052314,0.00794470581542714,0.0013046995286639955,7.467729085121008
3702,0.033243276265856214,0.02130514413645446,0.011845434097442237,9.269803195952345e-05,7.466307490238136
3703,0.04870950931742988,0.02931809840055708,0.018787441214842538,0.0006039697020302585,7.46502763004964
3704,0.03730962229107852,0.019004847438992264,0.01791757423416769,0.00038720061791856834,7.463875352704208
3705,0.028153825490073867,0.018383361105554604,0.009698804586751687,7.165979776757708e-05,7.462837923299834
3706,0.04509603101654482,0.02616520618399124,0.018623274947572137,0.0003075498849814482,7.461903881270895
3707,0.040276529927083915,0.024494811243632203,0.015675932375014055,0.00010578630843766017,7.461062912268723
3708,0.05504694232593906,0.029935656720984555,0.024876114521746692,0.0002351710832078174,7.460305733036506
3709,0.021692457849169035,0.012877804620089972,0.008693011681415891,0.00012164154766317303,7.459623987939222
3710,0.023309833706712368,0.018003862570094,0.005243022679670832,6.294845694754032e-05,7.459010155951399
3711,0.030725818686785186,0.021263243970095377,0.0093413623573949,0.00012121235929490731,7.463574525817434
3712,0.054355920584163046,0.029423171976463502,0.02473410587701763,0.0001986427306819081,7.467686955419591
3713,0.031068118751654113,0.01815449070773641,0.012821352773413312,9.227527050439255e-05,7.471391979113717
3714,0.024436345045332594,0.013635018171264697,0.010712510700500178,8.881617356771841e-05,7.473200189188282
3715,0.026714581093056425,0.017915069691747963,0.008706951830988395,9.255957032006807e-05,7.474828787300967
3716,0.04523319824380974,0.027695714891167775,0.01747361306297491,6.387028966705172e-05,7.476295580960305
3717,0.025564119664168494,0.017733144343711434,0.007723518284621276,0.00010745703583578264,7.477616618515961
3718,0.0736057348029508,0.03621871460980677,0.037180411520266764,0.0002066086728772588,7.477304042807593
3719,0.04437741992147193,0.027733165252214195,0.016463854077133223,0.00018040059212451584,7.477022591591304
3720,0.011651455097010191,0.007958545188080124,0.0034299893565585336,0.0002629205523715339,7.4767691646703165
3721,0.02090755791717578,0.010816034562170564,0.010050292409881137,4.123094512408011e-05,7.47800110573849
3722,0.038036276018300536,0.020128260822842643,0.017575311248338752,0.0003327039471191343,7.479110594901505
3723,0.022372835924489753,0.01712105697982095,0.005140688740857316,0.00011109020381148553,7.478761120954454
3724,0.02346614348786941,0.014815110223317652,0.008180100746018836,0.00047093251853292214,7.478446447106706
3725,0.04657038886174692,0.02418401334478236,0.02190148150649838,0.0004848940104661809,7.478163106767092
3726,0.05959184120482963,0.03364943250497307,0.02564867213618869,0.0002937365636678721,7.477907978903381
3727,0.034668104805732375,0.02023871203459667,0.014370531349925603,5.886142121009863e-05,7.477678253551283
3728,0.01645767348069954,0.01023763681651874,0.006103218805642136,0.00011681785853866463,7.47747140077456
3729,0.0385799840793697,0.017788943311821747,0.020732444105450797,5.8596662097161764e-05,7.477285142729295
3730,0.04366721539815277,0.024309437903143372,0.01924694704365468,0.00011083045135471406,7.474046949446103
3731,0.024999967830579953,0.013101888293940385,0.011854380532916925,4.3699003722645486e-05,7.471132281402038
3732,0.04064124121270849,0.020205337590378198,0.0203283194808389,0.00010758414149138554,7.46850870800016
3733,0.02020667383101527,0.010365286078043727,0.009787394559351873,5.399319361966905e-05,7.466147069848816
3734,0.03638323452623214,0.01721175167519616,0.01903483185395195,0.00013665099708402864,7.464021144967551
3735,0.02542339131852419,0.016518802054993884,0.00880187719803571,0.00010271206549459414,7.462107349773919
3736,0.05524738989266322,0.02922217814978565,0.025980985755941724,4.422598693584906e-05,7.460384471092875
3737,0.04732463306777436,0.02147838826761935,0.025747941145147203,9.830365500780342e-05,7.4588334258610995
3738,0.0324712557155348,0.021118498953517632,0.011176385239607548,0.0001763715224096257,7.457437045575592
3739,0.05037222705336258,0.023816666832463487,0.026407458135339353,0.00014810208555973651,7.456179882866564
3740,0.04596179128854997,0.02346883559890475,0.0224208454603777,7.211022926752181e-05,7.457333678209764
3741,0.046855213432425914,0.019612271938742876,0.027097445589032508,0.00014549590465052725,7.462438349570105
3742,0.03102045495671368,0.01610135920827512,0.01482609696670008,9.2998781738481e-05,7.467037898111936
3743,0.03403952812811826,0.021434411036090246,0.012567784319283926,3.7332772744083e-05,7.473530979752725
3744,0.033349550565839735,0.016882676686286218,0.0164092289279671,5.764495158641817e-05,7.479382579030799
3745,0.021926917770943258,0.015759630149132814,0.006151385258765824,1.5902363044621995e-05,7.484655637448566
3746,0.054302178243132694,0.025839496944592925,0.028379666721641092,8.301457689868158e-05,7.477905938957315
3747,0.041443939341905954,0.02142466309201166,0.01994380994675452,7.546630313978259e-05,7.471833305750052
3748,0.037918260731369766,0.02060970806161541,0.017186868672078203,0.00012168399767614734,7.466369354916032
3749,0.03618829883596166,0.02400804926141988,0.012050315799748116,0.00012993377479366785,7.4333257232597125
3750,0.054001803131927054,0.02766207055630508,0.026257176987299152,8.25555883228182e-05,7.389620294447678
3751,0.026745778882930622,0.015848426110876675,0.010798241475047245,9.911129700670121e-05,7.33404136066544
3752,0.03782079556005603,0.024439398739012512,0.013316706368486048,6.469045255746056e-05,7.284352457766451
3753,0.040006628652591775,0.019046224085734198,0.020779706590732132,0.00018069797612544394,7.23989764779287
3754,0.055854182272323354,0.027840836563628197,0.027843628201420306,0.00016971750727485702,7.200100001693086
3755,0.035889228072884194,0.01908473218766821,0.016650000928765733,0.00015449495645025326,7.164450990473594
3756,0.04914756404950439,0.03078960844140327,0.018237852374782062,0.00012010323331905837,7.139708499139463
3757,0.053537666295188295,0.027589863501735416,0.025855352680726754,9.245011272612436e-05,7.117501970351406
3758,0.054749838213840385,0.028492780768192554,0.02579867250257365,0.0004583849430741783,7.097564959849735
3759,0.023902007494704114,0.013290562984964139,0.010448392442910187,0.0001630520668297875,7.079660246947812
3760,0.0396812272434948,0.021202903801410683,0.01843026649341626,4.805694866785563e-05,7.063576400783144
3761,0.030552349321155442,0.018811599228022963,0.011446608653135378,0.0002941414399970989,7.049124791401755
3762,0.040916347984187605,0.021179164676917054,0.01925750942770722,0.00047967387956333017,7.036136980876014
3763,0.04625390708042453,0.024934520402826083,0.02087190745872163,0.00044747921887682316,7.0244624402717415
3764,0.03451210993589637,0.02142114361751697,0.012937521214023915,0.00015344510435548413,7.018256637905186
3765,0.05492507993715831,0.03176638847277335,0.02291441587744752,0.00024427558693744457,7.021996297787211
3766,0.023448071651539927,0.016416732859679168,0.006300505787091052,0.0007308330047697067,7.025365420620527
3767,0.03521864647779223,0.018619828737127548,0.016013638015890383,0.0005851797247743046,7.028400567391982
3768,0.023620757592019044,0.017992263442579242,0.0056077918692347736,2.0702280205029944e-05,7.031134720559443
3769,0.028558632978045288,0.014627802901153373,0.013831338384547422,9.949169234448944e-05,7.033597628818149
3770,0.043460275236398775,0.02016840807086457,0.02300836417621193,0.0002835029893222766,7.036287615258485
3771,0.050288130354469475,0.024843417059524923,0.025038003501982476,0.00040670979296207697,7.038710723229785
3772,0.03428606330247903,0.019558738192183428,0.014403709226056617,0.0003236158842389878,7.040893351266227
3773,0.015092367503690493,0.009595164150234217,0.0054198130197374,7.739033371887499e-05,7.042859301609083
3774,0.05360834537303746,0.03056147886676621,0.022691759823142817,0.000355106683128433,7.0480788797834375
3775,0.024726235084572425,0.015199296793546214,0.00923656425872336,0.00029037403230285124,7.054602120698788
3776,0.03260503650867088,0.016850229576002174,0.015664892741584963,8.991419108374074e-05,7.060481209761678
3777,0.042020383984395795,0.030261259618869874,0.011721033530051347,3.8090835474576786e-05,7.0657792915054305
3778,0.048721520444328335,0.02054887911584516,0.028089319514690014,8.332181379316449e-05,7.07395134355408
3779,0.026530882710677457,0.01704689871115271,0.009228042798381157,0.0002559412011435869,7.081318043342404
3780,0.047777389571602366,0.019539845410887168,0.02787511954821672,0.0003624246124984808,7.093934909772315
3781,0.05963260089322666,0.02904215446471075,0.0302784766071248,0.00031196982139110866,7.105315137222067
3782,0.04255369141435372,0.023634321191816278,0.01883633620565127,8.30340168861727e-05,7.115578206300929
3783,0.0209500185376564,0.012792878439440424,0.007485931085558517,0.0006712090126574559,7.124832381419541
3784,0.021524988665969146,0.013271732820141997,0.0074973727375144605,0.0007558831083126873,7.133175701022941
3785,0.04955820504933261,0.026155683071431506,0.02315018918329755,0.00025233279460354775,7.140696892647427
3786,0.033767123671439,0.020597966061922712,0.013035659060795228,0.00013349854872105583,7.147476215989393
3787,0.02557910030078246,0.01455798375599253,0.010433413386185345,0.0005877031586045832,7.153586237634632
3788,0.043217652143778575,0.022727521228412186,0.019310775591538556,0.0011793553238278324,7.159092541373387
3789,0.04304195659146402,0.024412178601775802,0.01732113605595577,0.0013086419337324546,7.164054378161237
3790,0.028529162659714193,0.019320188238459844,0.008872122607433149,0.0003368518138212013,7.1694121107917494
3791,0.0434498525860765,0.02135287190547196,0.021962484904884918,0.00013449577571961657,7.17663638144809
3792,0.05484395326046558,0.026770947912790232,0.027689958732837538,0.0003830466148378131,7.183147781847326
3793,0.025040701657149073,0.014160200119288128,0.010011354241717885,0.000869147296143058,7.189016096868186
3794,0.03727093767162987,0.01947757955544602,0.016415642794970157,0.0013777153212136922,7.19491666203634
3795,0.043967413097519614,0.02134962239677599,0.02131897510056308,0.0012988156001805433,7.200234032767211
3796,0.022760699614323268,0.01616269824846359,0.006267040973609345,0.000330960392250334,7.205025478388007
3797,0.046271457913540884,0.023113359278204012,0.02288923457350734,0.0002688640618295355,7.206245552678432
3798,0.018558923471264994,0.01055846234268144,0.007038697803005786,0.0009617633255777662,7.207344358342843
3799,0.031000883070516565,0.0216539368445313,0.008402277958026389,0.0009446682679588713,7.208333932950806
3800,0.022928841867407113,0.01172940382083472,0.010577195365395616,0.0006222426811767774,7.209225122178347
3801,0.03665155078953239,0.01834551639318508,0.018046958349897373,0.00025907604644994086,7.210027697254723
3802,0.05478989414542162,0.028631442300764726,0.026030555078252245,0.00012789676640464275,7.210750460943922
3803,0.031121932512848803,0.020464949066620587,0.010246202040113223,0.00041078140611499535,7.211401343159689
3804,0.02870876109167509,0.020928617363133447,0.007283655180614508,0.0004964885479271362,7.201902424016095
3805,0.041277435107074816,0.023869177657496438,0.017018906271174892,0.00038935117840348856,7.193359728171579
3806,0.03901095023386381,0.023401357839104783,0.015563048051427747,4.654434333128127e-05,7.186580154522753
3807,0.046157147689977474,0.02418741739971476,0.021285175892125523,0.000684554398137197,7.180480883271987
3808,0.06264462554227282,0.03395006975629404,0.027839711671979392,0.0008548441139993821,7.174993159512022
3809,0.025003668274743894,0.01401011107595494,0.010783571371562436,0.000209985827226519,7.171550337166738
3810,0.056685282360098274,0.033277339289092524,0.02325057003680916,0.0001573730341965906,7.168451625099513
3811,0.030504031839216555,0.01682380188106624,0.013039477851005414,0.0006407521071449019,7.168561217220867
3812,0.02641812316476452,0.017602272766352747,0.008273266889519907,0.0005425835088918661,7.168659902031024
3813,0.021111170474065695,0.012644318770128619,0.008404150865612128,6.270083832494999e-05,7.172359362199589
3814,0.03635062734978082,0.021899444245695312,0.01395228336272013,0.0004988997413653737,7.179290446558515
3815,0.04218324093446372,0.023363020129042338,0.01794774940284089,0.0008724714025804881,7.185563234119301
3816,0.06480535671745112,0.03264806437485682,0.03141963678563971,0.000737655556954597,7.191216320727237
3817,0.05972424899311447,0.03178888917777977,0.027801280565126745,0.0001340792502079606,7.19631050696886
3818,0.02755259971641785,0.017736740992847628,0.009535614221183297,0.00028024450238692744,7.200900707817794
3819,0.03686375264944054,0.020961434569608278,0.015501116256318254,0.0004012018235140142,7.205637522679683
3820,0.03233614758689673,0.016115373570299397,0.016024215109159353,0.00019655890743798077,7.209905503033866
3821,0.0357387213769734,0.022503519882331263,0.012964727466176667,0.00027047402846546483,7.21325482209201
3822,0.051332527873228236,0.028290651741772546,0.02240201331337008,0.0006398628180856121,7.216272082546889
3823,0.050564272101206155,0.025459892113694954,0.02471127730252438,0.0003931026849868182,7.216785091076418
3824,0.030958672505971587,0.014714584230887104,0.0161745445860454,6.954368903908493e-05,7.217247066135906
3825,0.041187003712620095,0.024572204097072,0.016489514785563097,0.00012528482998499512,7.217663081671434
3826,0.0577163340046856,0.03345145245967876,0.024008412609290784,0.00025646893571605904,7.218037707687307
3827,0.03131689940568988,0.01433050295286049,0.016732361149895736,0.0002540353029336529,7.218375060197104
3828,0.03963891092480057,0.020584616921957306,0.018594519220530712,0.0004597747823125533,7.218678846242514
3829,0.03639130318019416,0.0253193407234855,0.010942010554787523,0.00012995190192113096,7.2189524044633675
3830,0.05036751348154185,0.02644066768346654,0.0234122543869527,0.0005145914111226098,7.219198741655603
3831,0.03222366296174328,0.020455524093649896,0.011216735496105905,0.0005514033719874793,7.219420565711547
3832,0.03664860211599448,0.019697691396284685,0.016554720377248495,0.0003961903424613001,7.219620315298599
3833,0.05305155846280951,0.027349788396415508,0.02562862116860538,7.314889778862637e-05,7.219800186597705
3834,0.048837187482346674,0.02428857618926301,0.023928461379803236,0.0006201499132804342,7.21996215739166
3835,0.046165622924914704,0.02202632268089709,0.02361455358826272,0.0005247466557548913,7.219188305139614
3836,0.032431317878589536,0.015350061471600451,0.01677663779279311,0.0003046186141959756,7.218491552913615
3837,0.03972929611941238,0.02531703379607001,0.014364819673578716,4.744264976365126e-05,7.2178642127726915
3838,0.04996459190893757,0.027344829866488878,0.022468016979362782,0.00015174506308590928,7.21527038737107
3839,0.017945749251128695,0.010680239207336161,0.007144180355011636,0.00012132968878089849,7.210379308633587
3840,0.05968528261124332,0.029568285884286657,0.029985540932714615,0.00013145579424204403,7.205977923827407
3841,0.03399797936764719,0.018905460690739884,0.015049601184378137,4.291749252916654e-05,7.202016950878904
3842,0.041943064826377795,0.02402968403533895,0.017848281206999706,6.50995840391445e-05,7.198452115404556
3843,0.022102955234192815,0.01113516255809912,0.01093529449815227,3.249817794142693e-05,7.195243632816878
3844,0.03447716180028207,0.01790310278263673,0.016352343864101452,0.00022171515354388446,7.194792550533931
3845,0.0457154348675755,0.024840701740187175,0.020652610543720407,0.00022212258366791158,7.194386393104326
3846,0.04799962156062701,0.02241116584542959,0.025281039394809298,0.0003074163203881259,7.19500672648306
3847,0.03905159889547616,0.02182333510862049,0.01631078455467672,0.000917479232178946,7.195565357733218
3848,0.038485062862749046,0.01925241119924306,0.018048892594879243,0.001183759068626745,7.196068420015347
3849,0.02728157358637952,0.015110156852443346,0.011654491411164338,0.0005169253227718356,7.196521437633664
3850,0.017227927456219122,0.012531954877969717,0.00466385689297199,3.2115685277414214e-05,7.196929386331997
3851,0.026883331210038795,0.014901965139225055,0.01173489524225224,0.0002464708285615028,7.1972967476463685
3852,0.04665878418741985,0.026772603026564767,0.019112400138852594,0.0007737810220024893,7.197627557894765
3853,0.029721030660012998,0.015466925251313829,0.01343049536504668,0.0008236100436524895,7.196396965912181
3854,0.022466111893126816,0.011725671417071886,0.010639193305917529,0.00010124717013739849,7.1925816496824355
3855,0.03853819154212426,0.0198604917324131,0.018436678153474835,0.0002410216562363255,7.189147840585215
3856,0.03821299335072692,0.02332784740748026,0.014629375923083044,0.00025577002016361286,7.188276905862261
3857,0.06145444632303736,0.028614997354744483,0.03275662868759978,8.282028069308764e-05,7.18749275422249
3858,0.034761190729561,0.021469431998570286,0.012968161744255444,0.0003235969867352668,7.187955458929711
3859,0.03141767629845833,0.017861480763259344,0.012762453229300532,0.0007937423058984598,7.188372131508915
3860,0.0443310308425064,0.026192732619448537,0.017959156699198058,0.00017914152385980367,7.188747349172613
3861,0.041701904135211035,0.018410476701896245,0.023175490746200563,0.00011593668711422347,7.189085234430052
3862,0.034467556622127644,0.02160896113126415,0.012497518370445345,0.0003610771204181466,7.189389500175892
3863,0.03747120336356776,0.02380664527994327,0.012619887423160872,0.001044670660463618,7.195530616259255
3864,0.03304045233894074,0.024237439217070802,0.008148698567283577,0.000654314554586357,7.2010649338106845
3865,0.04103688749454902,0.021928797406579166,0.01900944347352751,9.864661444234816e-05,7.206052007262925
3866,0.024969299102183498,0.015822885424605693,0.009055206318305559,9.120735927224536e-05,7.210545622340477
3867,0.05808597174883117,0.028438208569356697,0.029283270482574536,0.00036449269689994027,7.214594340338209
3868,0.04348590236926852,0.027842504877725664,0.015307775776864747,0.00033562171467811105,7.223787129247801
3869,0.047033009261918605,0.03152748366057301,0.01536874391463152,0.0001367816867140791,7.232074889338129
3870,0.04085848457373879,0.02029986719174188,0.020428364012157064,0.0001302533698398494,7.239545820626482
3871,0.029865576854893133,0.017027626353373505,0.012314639644539946,0.000523310856979679,7.2462796980719055
3872,0.03166380470899603,0.02060010282701909,0.01006031671466624,0.001003385167310705,7.252348643845435
3873,0.04767603477914504,0.028752540324535978,0.018332152477881072,0.0005913419767279953,7.257817835100091
3874,0.044931346588607333,0.026092366459581573,0.018783825399067068,5.515472995869584e-05,7.262746151369425
3875,0.022857153022981972,0.01705699495575633,0.005693356332318214,0.00010680173490742509,7.26718676573289
3876,0.02253193941126258,0.016359177567033017,0.00609438758957429,7.837425465527639e-05,7.271187683818731
3877,0.026293023683474255,0.016050362837063854,0.010212885292181116,2.9775554229282916e-05,7.274792234591728
3878,0.042577398904274144,0.02444737548672258,0.018045520405160997,8.450301239056838e-05,7.278039516710577
3879,0.03317401210396385,0.018286992708016342,0.014846512270054773,4.0507125892726016e-05,7.280964804051093
3880,0.050853704568100566,0.027229689371365554,0.023546428279502984,7.75869172320297e-05,7.283599913787076
3881,0.05928034335573177,0.032598195662222045,0.0265740777679423,0.00010806992556742626,7.285973540208278
3882,0.03749108276682414,0.023131114913913092,0.014344309018807577,1.565883410347045e-05,7.28795501019124
3883,0.039911204378891826,0.01897287481882048,0.020904507810617413,3.382174945393383e-05,7.288943327047817
3884,0.033707057636809194,0.017667546611676434,0.01597285825184853,6.665277328422592e-05,7.289833381304494
3885,0.05224990749985109,0.02291734105336333,0.029300713781077105,3.185266541065594e-05,7.290634932351116
3886,0.03446981146372929,0.01983769214080636,0.014553492624338447,7.862669858447915e-05,7.291406754524147
3887,0.051924456707297145,0.024917675202729438,0.026780908240146697,0.00022587326442101145,7.292101819239433
3888,0.03441922875371839,0.02251302562413755,0.011780444921207249,0.00012575820837359397,7.292727753726479
3889,0.0614344972563111,0.035158026440295,0.02610408541285626,0.00017238540315985145,7.293291428499242
3890,0.024960417933151437,0.015045139808785175,0.009708006139927023,0.00020727198443924044,7.29379903220716
3891,0.03854205582832098,0.017731270727014227,0.020443274593794664,0.0003675105075120861,7.2942561391247756
3892,0.0393151667662162,0.023321262614028507,0.015586971177365216,0.0004069329748224769,7.294667769995851
3893,0.029060181708759427,0.01560812964101114,0.013306744943830103,0.00014530712391818163,7.295655855111808
3894,0.053333012953299445,0.028309698750340766,0.024889723799185064,0.00013359040377361597,7.296545700441247
3895,0.050311795497559035,0.023298630462641738,0.02630952006225778,0.0007036449726595188,7.297347063142769
3896,0.028202507387551437,0.017358927662378735,0.009873676915751283,0.0009699028094214218,7.298068733238966
3897,0.034235236725730776,0.01675159291107587,0.01668370777713128,0.0007999360375236287,7.300737713965115
3898,0.059599785653202744,0.030902925610051937,0.028499024406275084,0.00019783563687572476,7.303141858566469
3899,0.03975310185586731,0.020803277091065102,0.018882202028067393,6.762273673481363e-05,7.305519067639122
3900,0.036101537163168246,0.016698862991183526,0.019217918649423873,0.00018475552256084818,7.307660310518018
3901,0.03818822447031649,0.017817693167338364,0.019688939403592755,0.0006815918993853638,7.309588950255621
3902,0.04512572839314272,0.024564952628129796,0.02013026775023086,0.000430508014782062,7.31132604796251
3903,0.04990052727740504,0.030668148528216404,0.01881901847103027,0.0004133602781583713,7.3128905874859695
3904,0.05988628539770035,0.02933228500535506,0.030337469214095174,0.00021653117825011823,7.313641971733426
3905,0.029677274496705333,0.016730262075450142,0.012885286647349581,6.172577390561075e-05,7.314318628935166
3906,0.048221208241270005,0.027799511839669035,0.020297061464227842,0.0001246349373731283,7.3149279849549345
3907,0.034372478790330854,0.020720426020375816,0.01305939789920208,0.0005926548707529633,7.31547672884584
3908,0.04492935600892907,0.02258998025586278,0.020731853241407996,0.0016075225116582896,7.315970885746208
3909,0.04589849318083047,0.027130993000689746,0.016250533058380624,0.002516967121760097,7.31641588260371
3910,0.036424950349990395,0.02050364827589112,0.013289995175326419,0.002631306898772863,7.316816607425736
3911,0.03569701806080946,0.020616502986874317,0.01220504509310355,0.0028754699808315938,7.3171774626874715
3912,0.03136136474132066,0.019507203887799973,0.01054289494691715,0.00131126590660354,7.3175024134687465
3913,0.02644240352505343,0.015604469138060547,0.010555179986163666,0.00028275440082921744,7.319973212751328
3914,0.05142492434901596,0.02104698219505049,0.030159725647805096,0.00021821650616037436,7.323955193141414
3915,0.016867992820815747,0.00990691132071813,0.005309879678052178,0.0016512018220454403,7.3251583418690895
3916,0.05976274868016273,0.025413214863974225,0.03153190556646531,0.0028176282497231952,7.326241897657857
3917,0.038239294816472945,0.022210186871856843,0.014170140594672894,0.0018589673499432079,7.327217732869691
3918,0.060376017658039405,0.027422070986106974,0.03259799245183876,0.0003559542200936715,7.3280965441301325
3919,0.04740140581494269,0.025542671030219597,0.02158222500751595,0.0002765097772071395,7.328887968219782
3920,0.04047210393587577,0.0268627689696155,0.012223625392743786,0.0013857095735164855,7.329600686645493
3921,0.048918515793729536,0.02506392543158267,0.021981225200215733,0.001873365161931134,7.328862606348875
3922,0.04616759998714723,0.02572576297053478,0.01993639497948432,0.000505442037128126,7.326262053535215
3923,0.0442369676437856,0.024191605559024592,0.01992473348522445,0.00012062859953656256,7.323921150853348
3924,0.026627484918069842,0.013805607326683251,0.012156776669444569,0.0006651009219420246,7.321813903026752
3925,0.025370646049294895,0.011865354512696385,0.012544108783960001,0.000961182752638508,7.319916930709943
3926,0.03689829941319942,0.01762650584294775,0.01888822476677174,0.0003835688034799281,7.318209204719746
3927,0.022647583440935364,0.01055541134469341,0.011931000270683582,0.00016117182555837214,7.316671807742666
3928,0.04521829942481056,0.022161173890376997,0.021808684372370015,0.0012484411620635443,7.316077111251466
3929,0.02383927198779294,0.014014119280684518,0.007434703844868202,0.002390448862240219,7.315541652591189
3930,0.032356627606892806,0.014974725941164944,0.016110416977242522,0.0012714846884853438,7.315059527368429
3931,0.044638414956772975,0.02378045065639477,0.020766488766619223,9.147553375898062e-05,7.312105901106004
3932,0.04402873031010838,0.025359856243300866,0.01761937708027031,0.001049496986537205,7.309447301235849
3933,0.04264057753108363,0.02877995728922874,0.012700742722783782,0.0011598775190711003,7.307054167313549
3934,0.05145606589313033,0.027220367812010964,0.023351504685536463,0.0008841933955829047,7.3048999180132155
3935,0.026293571143990998,0.011581180608667009,0.01468105207976485,3.133845555914025e-05,7.30296064762824
3936,0.026260253027117448,0.01588048864690096,0.009049978560463872,0.0013297858197526173,7.301214854104388
3937,0.04735621225860141,0.023655548276764894,0.02156880318679349,0.0021318607950430307,7.29964319521486
3938,0.048762564184688,0.022629788493313388,0.023897110436488633,0.002235665254885981,7.299012558956552
3939,0.03751039498773491,0.017291853923703398,0.01989456682687611,0.00032397423715539757,7.298444743313033
3940,0.032640541724111814,0.02054202118613659,0.011753796353090552,0.00034472418488467487,7.297933486257503
3941,0.04805981720865351,0.021979634254446028,0.024961442400452172,0.0011187405537553057,7.297942285160752
3942,0.041960394811878896,0.02244774665023364,0.018587033672146102,0.0009256144894991547,7.304252236850244
3943,0.018350811244943078,0.010017101324149704,0.008136596587612378,0.00019711333318099528,7.313283371753573
3944,0.039569180839174406,0.02230869752578285,0.01712733701259465,0.00013314630079690407,7.3214250943995385
3945,0.025691222339356327,0.016826160520259394,0.007693468509710641,0.001171593309386292,7.328764138806492
3946,0.04419994437040342,0.023269770447512522,0.0193674555896967,0.0015627183331941975,7.337202847687418
3947,0.04704262568868829,0.02446081948932937,0.022075992654800435,0.0005058135445584871,7.344809874420697
3948,0.044896266287152334,0.021377216458223918,0.023225513852532336,0.00029353597639607655,7.351666439525056
3949,0.03058980936141766,0.02316231657915326,0.006446463645550303,0.0009810291367140967,7.357845973082095
3950,0.035776466739985587,0.02192152764162288,0.013064165444072386,0.0007907736542903197,7.36341483503383
3951,0.05162881689122096,0.027779998798341234,0.02365863426032968,0.0001901838325500496,7.368432974081131
3952,0.0275787018689665,0.013670106113441697,0.013337292344052678,0.0005713034114721249,7.372954529382941
3953,0.048870931177173255,0.027780394451812525,0.02053484054171381,0.0005556961836469193,7.37822877993419
3954,0.061397023034533246,0.030322929598160474,0.03090713950875572,0.0001669539276170505,7.382981255202741
3955,0.026056600715689725,0.017409841576951086,0.008562154380890925,8.460475784771524e-05,7.387263284112505
3956,0.04686904559130349,0.025152730395670855,0.02130579821719449,0.00041051697843815085,7.393124270564609
3957,0.05421236530553247,0.029900156012922573,0.024200899573577937,0.00011130971903196571,7.3938161828375275
3958,0.0458867411454601,0.027856873304096218,0.017917992756546895,0.00011187508481698346,7.394439276942182
3959,0.04780851851564833,0.018840884398240602,0.028838979910759444,0.0001286542066482794,7.392770619449802
3960,0.050728211061925516,0.027561628947813322,0.02283350704694085,0.0003330750671713401,7.391268383867323
3961,0.048939326337629825,0.02541421522838409,0.023413159078212148,0.000111952031033587,7.389915943412392
3962,0.03613185322418499,0.019687586480812896,0.01616237442946842,0.0002818923139036726,7.388698337900154
3963,0.047688632448937465,0.02629398854390071,0.02105756980546759,0.0003370740995691623,7.387602105659243
3964,0.031280202862793365,0.019416630402898843,0.011652421294353062,0.00021115116554145795,7.380302005548755
3965,0.050788315149869256,0.025077639080153983,0.025556576241218522,0.00015409982849674854,7.37373473697706
3966,0.04137311295325671,0.023141060519018423,0.017951858172890467,0.00028019426134782304,7.367826181097618
3967,0.02250038150206641,0.012846840655524983,0.00948017952183007,0.00017336132471135394,7.362509819861472
3968,0.024377911128386574,0.01238415707056247,0.011811935810191666,0.00018181824763243706,7.357725936925267
3969,0.03948813111725191,0.019338191263682983,0.02008407652426136,6.586332930756809e-05,7.349664883941967
3970,0.05371305006181929,0.025950668533831097,0.02763064503910131,0.00013173648888688586,7.342413793322534
3971,0.04867794179303553,0.02737716144857659,0.021191152935437836,0.00010962740902110331,7.335890605007678
3972,0.05264228271064872,0.03172502119034131,0.020563706087030086,0.00035355543327732046,7.330021700495119
3973,0.021031482822299018,0.01312824678918787,0.007833534789883734,6.970124322741484e-05,7.3247410104283395
3974,0.030649323799202304,0.014778501433804709,0.015717278530099226,0.00015354383529836844,7.319989220999038
3975,0.027083004287529893,0.013447579035424798,0.013491865419572702,0.00014355983253239602,7.315713067406229
3976,0.050880431178693605,0.026706608752305547,0.023718880208281817,0.00045494221810623946,7.3118647041574905
3977,0.025010397827686943,0.01254568737083822,0.012384743140394694,7.996731645402931e-05,7.308401143314125
3978,0.043694875694683916,0.028571740600351506,0.014927900477965493,0.0001952346163669187,7.305283752908739
3979,0.045632418910150324,0.02196318742055136,0.02349485671558714,0.00017437477401182467,7.302477808731509
3980,0.03998360911959211,0.022240473624091997,0.017574521314883386,0.00016861418061673016,7.299952093515164
3981,0.03839647172351671,0.02615255759467242,0.012168246261437365,7.566786740693586e-05,7.299180572877631
3982,0.04819088014921101,0.02909186264562209,0.018794501605419244,0.0003045158981696777,7.2984859200376855
3983,0.05707207337609875,0.02763854800465217,0.02910659449804617,0.0003269308734004085,7.297860470290727
3984,0.023858314113998722,0.014443330615599277,0.009374625260155745,4.0358238243700113e-05,7.301023103401502
3985,0.06782449371856372,0.04234290516354126,0.0253643031380593,0.00011728541696316175,7.303872097094476
3986,0.03394298529707493,0.014950026327452952,0.01852461226232554,0.00046834670729644105,7.306438449899262
3987,0.0667255381991031,0.037283300517198144,0.028345748861454214,0.001096488820450742,7.308750116517646
3988,0.031211952325011564,0.01988394167207249,0.010694727524864209,0.0006332831280748646,7.3108323029292475
3989,0.03788105768483161,0.023894684855732175,0.013746385301251171,0.00023998752784826102,7.312707733605463
3990,0.030856564332227377,0.017168058868823843,0.013533563357413524,0.00015494210599001059,7.31439689332941
3991,0.041530282947722,0.019887804685547173,0.021215407063746763,0.00042707119842806354,7.315918245923137
3992,0.057346192229864264,0.03688639608146521,0.019364289613843084,0.0010955065345559737,7.317288431996791
3993,0.036185023179415896,0.02163161021916962,0.013169566346133438,0.0013838466141128374,7.318522447658384
3994,0.03670753013558502,0.022597860924961615,0.013800230902533918,0.00030943830808948566,7.325038380607034
3995,0.06035004512856801,0.03748414683342298,0.0224920269057073,0.00037387138943773305,7.3309106733086775
3996,0.044469099406498555,0.02337624602686246,0.020478968836362733,0.0006138845432733641,7.336202458682805
3997,0.030095712288642686,0.016132932541268824,0.013051075461678578,0.0009117042856952833,7.340970761482067
3998,0.05120743772793185,0.02196194371974167,0.028669019813204334,0.000576474194985838,7.345267073216703
3999,0.042510106215343534,0.027711556382100395,0.01414760721024741,0.0006509426229957298,7.349137876046812
4000,0.02879354208061483,0.01839426347303113,0.009752426071293936,0.0006468525362897632,7.352625119567044
4001,0.035709772331802996,0.018245244151367405,0.017364714457520133,9.98137229154618e-05,7.356966135637824
4002,0.03169502635977952,0.019011864001537385,0.012567230124471305,0.00011593223377082887,7.360877234289487
4003,0.04770587491761321,0.026819205460887934,0.020358371154182004,0.0005282983025432684,7.364400796127509
4004,0.026630180808010363,0.01802951940003237,0.007949605552462491,0.0006510558555155041,7.367575061186551
4005,0.030741768231751673,0.017973974842714763,0.012565838031688575,0.00020195535734833663,7.370434526392469
4006,0.035171096646856206,0.019361697181735256,0.015602259155614539,0.00020714030950641553,7.373010306221884
4007,0.04158947889675523,0.02162045465831838,0.01980701748459584,0.00016200675384101394,7.375330459705295
4008,0.025615852860456364,0.017055329325611712,0.008512135430423007,4.838810442164492e-05,7.377420286703064
4009,0.020735280236244928,0.0130675303974599,0.007597270113482541,7.047972530249e-05,7.3793025961706835
4010,0.04320235210173981,0.02551713396829977,0.01752500212572295,0.00016021600771709094,7.38103158533891
4011,0.03203201644084045,0.02047919325276903,0.01149988051759146,5.294267047995601e-05,7.382588815183802
4012,0.047670290037980574,0.02569387784876083,0.021798524056521613,0.00017788813269813329,7.383991317337452
4013,0.03612887617733296,0.02102216333170102,0.015000803667630057,0.00010590917800187965,7.385254440459889
4014,0.03929771723887501,0.02264141786153215,0.016503759628010997,0.00015253974933186518,7.386392015426904
4015,0.031277143531278945,0.021725636068502065,0.009494154527791959,5.735293498491643e-05,7.387416504515847
4016,0.026434014220552433,0.017914158454113316,0.008448445666171835,7.14101002672814e-05,7.388339136099182
4017,0.015303328579900096,0.008517943345899863,0.006769246248521941,1.6138985478293838e-05,7.389170026220878
4018,0.036780964277396064,0.02147568754390727,0.015252511972499739,5.276476098905388e-05,7.389918288306578
4019,0.036508959877378316,0.019898395802743284,0.016541138326061196,6.942574857383713e-05,7.394170463921517
4020,0.03446058171399922,0.023258138595295547,0.011077017214401953,0.0001254259043017224,7.398001465306457
4021,0.02882690555776659,0.01892802117467772,0.009862378087116581,3.650629597228672e-05,7.401452821572075
4022,0.047922574510412375,0.026174419471370957,0.02142845626560819,0.00031969877343322723,7.40456200248179
4023,0.03962419199511777,0.022290964149841535,0.016861215840550652,0.00047201200472558527,7.407362808492059
4024,0.059173392199369214,0.027529541746641704,0.030420170078341958,0.0012236803743855475,7.409885724604878
4025,0.02641418552681666,0.012381375300320968,0.012817704301158372,0.001215105925337322,7.405439263772708
4026,0.04131856046335808,0.020268632625250717,0.019805506794812213,0.0012444210432951493,7.396540918576102
4027,0.06811008872515611,0.029571630823213162,0.037913915954510144,0.000624541947432806,7.388537477098857
4028,0.03178318104413319,0.013910890315267682,0.017798844695992216,7.344603287329281e-05,7.381338120519203
4029,0.03355825444292859,0.020147658629258408,0.012851008979507621,0.0005595868341625573,7.374861401366103
4030,0.06016833260556835,0.028980189270120138,0.0300800705149915,0.0011080728204567077,7.369034247452571
4031,0.03347039486201583,0.021909963498315175,0.011009729903003345,0.0005507014606973083,7.363791077080364
4032,0.02309091458433682,0.015042372322838754,0.007911852768203977,0.00013668949329408812,7.359073012103374
4033,0.041903829273518954,0.02190985673349604,0.019795326690975924,0.00019864584904699285,7.354827177226031
4034,0.0316149359569939,0.016203746599196274,0.015280441534384808,0.00013074782341282042,7.3510060754348245
4035,0.05961695994540628,0.03405223420216083,0.025286694268263084,0.0002780314749823667,7.347567030759979
4036,0.04082951464707526,0.028540274466146067,0.012137804800236704,0.00015143538069248755,7.344471690676837
4037,0.026135327773967904,0.014346508210162966,0.01135106659030573,0.0004377529734992063,7.3399168210531895
4038,0.04288015512268416,0.02476235358243204,0.017253599099463973,0.0008642024407881468,7.3358177674949205
4039,0.025431751289011623,0.019850796393457267,0.004929216968110867,0.0006517379274434907,7.332128699028285
4040,0.04493501654149562,0.02467299123732464,0.01965199385894531,0.0006100314452256747,7.328808433766016
4041,0.03552218170629074,0.017801313963372856,0.017565010432108008,0.00015585731080988038,7.325819959591452
4042,0.05404965783237312,0.028431693041445688,0.025273512072714145,0.00034445271821329014,7.323130005704925
4043,0.046012025242003964,0.025034740898097547,0.020202652111348446,0.0007746322325579731,7.320708659367688
4044,0.04128896955622994,0.026144701535431133,0.014097275668901768,0.0010469923518970341,7.318529022857864
4045,0.04139074404683114,0.023955218683242494,0.017222343965423242,0.00021318139816540877,7.316566906242467
4046,0.016192158308127542,0.009175396201882877,0.006646027913886199,0.0003707341923584668,7.317777417974189
4047,0.04268678516485045,0.02447441353274456,0.01685112846031389,0.001361243171792003,7.318867604714888
4048,0.03704567593392911,0.019640730334125937,0.015611062651521634,0.0017938829482815391,7.319849411408809
4049,0.04553419326856392,0.026343771579385434,0.018322951038007556,0.0008674706511709301,7.3222936437628
4050,0.029053180372507512,0.014042605025651638,0.014715678414902242,0.00029489693195363086,7.324495271439856
4051,0.044170789435505606,0.018707589815365844,0.025411319965928405,5.1879654211358164e-05,7.32647831176349
4052,0.030051129817593836,0.016253631400144276,0.01275049345457077,0.0010470049628787882,7.328264416249124
4053,0.046362445322113664,0.02220938773729109,0.02237920779967138,0.0017738497851511918,7.329873101399542
4054,0.040246465381919075,0.024486596803461016,0.014335906591958663,0.0014239619864993985,7.331321957412528
4055,0.043237721548404426,0.023612107578075768,0.01934386599087621,0.0002817479794524513,7.332242481533543
4056,0.03524513044157933,0.020594582143093985,0.014500284897021052,0.0001502634014642927,7.333071473978047
4057,0.057490443262415064,0.03014130761204456,0.02613521838032772,0.001213917270042787,7.333818027262144
4058,0.041188311787580215,0.018702217330955225,0.021084790224720644,0.0014013042319043513,7.334490332353425
4059,0.03549695546272357,0.025177444648270278,0.009705210876801379,0.0006142999376519154,7.33398015331354
4060,0.05431098765015474,0.022450820551256332,0.03168722623350851,0.00017294086538989745,7.3335207887638925
4061,0.03209507646534216,0.019310631220665446,0.012306670449166278,0.00047777479551043274,7.333107174798001
4062,0.041435280081799974,0.024487902262371353,0.01544939973945591,0.001497978079972714,7.332734752666241
4063,0.03363118191003829,0.02080213184915654,0.011132743636611422,0.0016963064242703255,7.332399418285938
4064,0.040109856064612766,0.023917060073290104,0.01520638568475892,0.000986410306563738,7.3320974768162515
4065,0.053399901047845824,0.032028708740282345,0.02121183334690432,0.0001593589606591624,7.332414341846154
4066,0.04063201722684876,0.023548905302450247,0.016252752887157062,0.0008303590372414563,7.332699677271175
4067,0.01990671403312021,0.012695356893010878,0.006326359502391588,0.0008849976377177466,7.330472356740339
4068,0.03245668078743579,0.019386060888754462,0.012309741019641142,0.0007608788790401881,7.328467326676568
4069,0.03172687056513859,0.020415624013704666,0.011099086740905791,0.0002121598105281328,7.326662350253776
4070,0.03859276657601225,0.019781209227885864,0.01872984283619274,8.171451193364482e-05,7.3274534973798335
4071,0.02232178055744195,0.011624864227562112,0.010295271824780489,0.00040164450509934797,7.328165965346458
4072,0.04842968193773644,0.02327550445524524,0.02426044129820668,0.0008937361842845199,7.319008333224705
4073,0.026470036185692814,0.014001958735612751,0.012042994180181352,0.0004250832698987115,7.30846827579335
4074,0.05317585647708767,0.02093388553159949,0.03215740570726537,8.456523822281418e-05,7.297744627998742
4075,0.05078815500305455,0.023886235139108297,0.026693480377375903,0.00020843948657035366,7.284920443952653
4076,0.032978203860410525,0.018682579246610487,0.014002513704457058,0.00029311090934297984,7.273392087137387
4077,0.0341205177336177,0.019853119016234946,0.013826112680354722,0.0004412860370280359,7.263026895727571
4078,0.047278631905472254,0.024251380025387036,0.022752404454566975,0.0002748474255182426,7.253706114824313
4079,0.0324063710648487,0.017388514030708103,0.014949965845399633,6.789118874096007e-05,7.244267352370197
4080,0.022453113057803,0.01063267710755851,0.011340956969085214,0.00047947898115927425,7.235778652023244
4081,0.045223572859571126,0.025897170723310357,0.01860666347308091,0.0007197386631798541,7.231188013458518
4082,0.04462376625659573,0.019243507709614572,0.025115044911138983,0.00026521363584218054,7.229030543974507
4083,0.0395779468708535,0.016339177837073487,0.023196339976133445,4.2429057646571723e-05,7.227844047903772
4084,0.05501550399520202,0.028646471333794835,0.02603305276774449,0.00033597989366269075,7.226775824607684
4085,0.03376814791155913,0.017285894483293936,0.01613091663817754,0.0003513367900876574,7.225814069448687
4086,0.04356487063524936,0.023331210861716568,0.019979194194433107,0.0002544655790996776,7.224948158816681
4087,0.04435255995580699,0.024117187506376262,0.0201069393281479,0.00012843312128282702,7.223712757913874
4088,0.04511785779673919,0.025312959638730585,0.019268717107016248,0.0005361810509923581,7.22260051202858
4089,0.04963894904327177,0.028174205207292174,0.0211733806466688,0.0002913631893107968,7.221599127857652
4090,0.029173324292274115,0.01763629280445134,0.011475611164750186,6.142032307258833e-05,7.221412917327189
4091,0.025944175607283626,0.014787236643067525,0.011095226981627848,6.171198258825147e-05,7.2212452466768635
4092,0.032965577170855985,0.020717338497928627,0.0121805909358545,6.764773707286056e-05,7.221094269633636
4093,0.02550316825718216,0.016572210928789684,0.008907490900894205,2.3466427498268693e-05,7.2228757154900185
4094,0.03886460617034899,0.023587415002571152,0.01517072837173363,0.00010646279604420536,7.224480208628007
4095,0.030801375124924067,0.01822722578314832,0.012427858011657552,0.00014629133011819385,7.225925292200814
4096,0.03197077191150989,0.02275565497106506,0.009056430938691006,0.00015868600175382205,7.227226776509039
4097,0.044732610958589186,0.026055371973885813,0.01846328069158771,0.000213958293115665,7.228398908957024
4098,0.02589837590998666,0.013852465842789884,0.011971659667920046,7.425039927673268e-05,7.229454527569679
4099,0.031716804296250525,0.012850071712143613,0.01863867965966394,0.00022805292444297537,7.229544270365822
4100,0.029338724487666678,0.012496150608347295,0.01655614104080814,0.0002864328385112382,7.233219386891421
4101,0.05177687906831806,0.02717693312071249,0.02414959404282525,0.00045035190478032064,7.236530273131916
4102,0.04226344027337032,0.024208578529224558,0.017848407266814584,0.000206454477331179,7.2395128835034415
4103,0.032977662226278785,0.018080095752580117,0.01483953882725775,5.8027646440917775e-05,7.242199650382699
4104,0.045010388338572745,0.024944395214738645,0.0197786116328584,0.0002873814909756993,7.244619823970245
4105,0.029552765278820316,0.015423444522960145,0.013841397621910088,0.0002879231339500811,7.246799780340828
4106,0.03462051527725526,0.014284887553038987,0.020242633905518687,9.299381869758242e-05,7.248763300468942
4107,0.06382651111957037,0.027782400850861092,0.0359106720220445,0.00013343824666477136,7.250531822810997
4108,0.039151493180578936,0.020782458939990287,0.01823966248863421,0.00012937175195443807,7.252124671826128
4109,0.023885883703709247,0.015948798230709986,0.007870717475405398,6.636799759386447e-05,7.25355926462748
4110,0.02379159966159698,0.011023082163154676,0.01260501734476179,0.00016350015368051237,7.254851297775693
4111,0.029427693324971506,0.012911660698864898,0.016236890580045106,0.000279142046061501,7.230823184952546
4112,0.04061626471602657,0.019243868890721987,0.02104430430962682,0.0003280915156777663,7.209254983302125
4113,0.02736099537460498,0.015122341406397732,0.012081930079169918,0.00015672388903733135,7.189888779798718
4114,0.0694590941290889,0.03746584757766661,0.03154342721044868,0.0004498193409736142,7.172494847983624
4115,0.03313053123958444,0.01905638074294028,0.014022712475600592,5.143802104356761e-05,7.156868354495964
4116,0.021261203806070036,0.013692925403870144,0.007518973376664334,4.930502553555864e-05,7.14282648905461
4117,0.033327009374639144,0.02253790372421432,0.010466007280691475,0.0003230983697333492,7.130205956734926
4118,0.0433788546638162,0.021032980979773973,0.021554806885951287,0.0007910667980909425,7.118860781319444
4119,0.059303764387705404,0.030037826690712182,0.028038951906511296,0.0012269857904819315,7.108660376650293
4120,0.037906037173930617,0.016330175604114015,0.021495868467695845,7.999310212075377e-05,7.102098291712938
4121,0.049256837216336384,0.025324104354076234,0.022881229957766636,0.0010515029044935074,7.099257091096826
4122,0.05348348197647827,0.02744336851933679,0.024908734037759814,0.001131379419381672,7.0966996825497874
4123,0.024000955668187975,0.01036082187372216,0.013086573704876814,0.0005535600895889994,7.094416460960589
4124,0.0531072625740674,0.029623301225123525,0.022090914181450687,0.0013930471674931907,7.092361144973487
4125,0.043604003106973196,0.02296328733115331,0.01756188076157399,0.003078835014245901,7.090510929309553
4126,0.06897879857230062,0.027533616468822138,0.032257471895312195,0.009187710208166281,7.088845301338066
4127,0.08707636928643378,0.029002728439212932,0.02756451720104866,0.03050912364617219,7.08734580858255
4128,0.1413744658024536,0.03132434935981732,0.03690979207214184,0.07314032437049445,7.085995850182159
4129,0.1485776658149125,0.04015570374129651,0.016688096583009678,0.09173386549060632,7.084780489769313
4130,0.06293400395219485,0.019543791109262826,0.011657459548595036,0.031732753294336995,7.083686287506791
4131,0.09835724876672243,0.05972001858700175,0.026871912175777654,0.011765318003943023,7.082701149275819
4132,0.0762626069531106,0.030596224427558664,0.005937624613294881,0.039728757912257065,7.0818141912260035
4133,0.04629810336722608,0.0234333764976874,0.020916938421302107,0.0019477884482365746,7.081015618091537
4134,0.052602982911377244,0.012151539075215392,0.0172217535462262,0.023229690289935656,7.084545928148886
4135,0.08639112767097637,0.04194046900764171,0.02534475940935829,0.019105899253976377,7.087726328805643
4136,0.04787868183150122,0.02724340897742203,0.013398458014255583,0.007236814839823607,7.0905913665006235
4137,0.07646707675879014,0.038683848828718705,0.025508450588563547,0.012274777341507899,7.0824966475900135
4138,0.054797700138280725,0.028916130019939233,0.019491214118165057,0.006390356000176432,7.0752156035277505
4139,0.060152189180256915,0.02920797271752724,0.0229678988303819,0.007976317632347777,7.067239165639882
4140,0.067111544848923,0.037111029201130616,0.024914131754159786,0.005086383893632598,7.060064416029518
4141,0.06877555375764235,0.03509374462994746,0.027820152575005475,0.005861656552689416,7.053610090792336
4142,0.04361786959811713,0.02098261262359643,0.01680047764108346,0.00583477933343724,7.0478032935104356
4143,0.05203111122988037,0.03129532448312822,0.017623281114599414,0.003112505632152737,7.0383673651282495
4144,0.06725469495761717,0.02563712625033672,0.035348210113078024,0.0062693585942024295,7.0298815218860735
4145,0.05221907681943843,0.0294582813214868,0.021556849067071816,0.0012039464308798166,7.025788150139376
4146,0.0434810293012628,0.027029782106375244,0.010767519801044772,0.005683727393842781,7.022104282029302
4147,0.024352484670238095,0.017984662570196933,0.006140548985883135,0.00022727311415802679,7.018788767908158
4148,0.04714472764759337,0.022629128862100365,0.01969070462314376,0.00482489416234925,7.015804627645903
4149,0.053096169959286815,0.03220247295676493,0.020809305634443963,8.439136807792864e-05,7.013118621640387
4150,0.03622015090537428,0.0160173728353629,0.015592488615194853,0.004610289454816527,7.010700867185723
4151,0.05374514351594989,0.026244007872604235,0.02717560360012998,0.00032553204321567243,7.00852449517675
4152,0.04727963177169871,0.024367345141903494,0.020087538167688528,0.002824748462106687,7.006565342724561
4153,0.039166684000739645,0.017882537573648386,0.020164466048013946,0.0011196803790773171,7.004801677777084
4154,0.04299308480567117,0.020464844958735778,0.020609124486655885,0.0019191153602795082,7.003213952290787
4155,0.04625795319456861,0.0282057036487673,0.01709913900618096,0.0009531105396203451,7.001784580894661
4156,0.04573100044789607,0.02726913880380789,0.017352730565253837,0.00110913107883434,7.000497742333444
4157,0.031052573173655288,0.01962688000991936,0.010275143254101976,0.0011505499096339524,6.999339201280589
4158,0.03752189058970948,0.023995581701789025,0.012979938188126958,0.0005463706997934879,6.998296148378366
4159,0.0512616912013697,0.02897726029439584,0.02048453287588584,0.0017998980310880118,7.000631210692092
4160,0.03353842953585094,0.02064339310343124,0.012814813784600861,8.022264781884382e-05,7.002734501623833
4161,0.0553230842778401,0.02700987069133667,0.026283416773645315,0.0020297968128581163,7.004628966319732
4162,0.034384607933646186,0.019964222260469802,0.014264924485632081,0.00015546118754430462,7.0063352896936655
4163,0.047200461854274685,0.02364206220247619,0.022891101920961356,0.0006672977308371395,7.007872116928767
4164,0.018207081133257096,0.008049283227080473,0.010117355285624009,4.0442620552615814e-05,7.00925625287542
4165,0.03305001805638751,0.013785197666691182,0.018640080482902006,0.0006247399067943242,7.010502842287291
4166,0.05836904147875641,0.03249502827496613,0.025779132722993824,9.488048079645678e-05,7.011625532673574
4167,0.04969220658763091,0.03130375979955929,0.017686855318391113,0.0007015914696805088,7.012636621392877
4168,0.02739843386128283,0.01685390789766453,0.010497286269583826,4.7239694034472796e-05,7.013547188472173
4169,0.0435781824265711,0.020795777935419337,0.021869130965521007,0.0009132735256307512,7.014367216502531
4170,0.0541203228559423,0.031128613599090776,0.02288573621750443,0.00010597303934708841,7.016051877411016
4171,0.02643692052479246,0.017174381952939848,0.008702420476041004,0.0005601180958116055,7.017569188966604
4172,0.03604097512109794,0.02086852450982957,0.015069412280547026,0.0001030383307213479,7.018935744118916
4173,0.01978940956975476,0.01465135054241858,0.004678494091486591,0.00045956493584959306,7.020166496475838
4174,0.03606428672138264,0.021003596431222803,0.015021586907117995,3.910338304183776e-05,7.021274921153457
4175,0.02791471169578726,0.018466969623508744,0.008998020966964896,0.00044972110531362077,7.0222731600549695
4176,0.02711719942942958,0.020272586704150834,0.0067911021327267986,5.351059255194862e-05,7.023172153045576
4177,0.04261384180974529,0.02392807346735817,0.01838467411406801,0.0003010942283191093,7.024075804930676
4178,0.03568447931005468,0.0189965615451648,0.016646190844629816,4.1726920260070926e-05,7.024889604384899
4179,0.04449941383853594,0.01991422734558674,0.02444606035010733,0.00013912614284186875,7.031094367937718
4180,0.05022288989508826,0.02285008355917408,0.02722307070144301,0.00014973563447116963,7.037704321314161
4181,0.040148037585143216,0.02353820573963063,0.016378379493499358,0.0002314523520132251,7.043661618996495
4182,0.03805585170297944,0.02195216988406854,0.015937559827093953,0.00016612199181694712,7.048231537037384
4183,0.024597843561049305,0.01805029825112285,0.006300740942616981,0.00024680436730947384,7.052349089981494
4184,0.032289218737524245,0.01657743001813746,0.015463948930444556,0.0002478397889422319,7.056303180176826
4185,0.0493880587350267,0.02868024876109669,0.020477812560932177,0.00022999741299782985,7.059865566395392
4186,0.038412104930432775,0.020061310510876854,0.018155483093317715,0.00019531132623820845,7.063074881820531
4187,0.03959242831939148,0.021275341114630007,0.018224156379344304,9.293082541716256e-05,7.063074881820531
4188,0.20994093195044655,0.030713538470730342,0.017032339266050883,0.1621950542136653,7.063433750148701
4189,0.0395276814518116,0.021310023687471272,0.01815146672173454,6.619104260578521e-05,7.063081737237195
4190,0.03951300138533869,0.021310066318383555,0.018136875650677037,6.60594162780957e-05,7.0630884491210075
4191,0.03939634804581455,0.021316297297571757,0.018015090411392307,6.496033685048987e-05,7.0631488563623375
4192,0.039079517672492806,0.021547621326596843,0.017476224174766762,5.5672171129198606e-05,7.063327588187594
4193,0.03899447024037953,0.021551698677579983,0.017388167545125798,5.4604017673749855e-05,7.063213874939149
4194,0.03884770599455654,0.02122296469296891,0.017564452832346852,6.028846924077846e-05,7.062806073320022
4195,0.038783433429634424,0.021240831457885214,0.017488161832176715,5.444013957249673e-05,7.062487465407705
4196,0.03873636801440339,0.021108670006588583,0.017571993345663336,5.5704662151471634e-05,7.06241490224488
4197,0.03867594272698218,0.021032701814294428,0.017581841037047265,6.139987564048955e-05,7.062613908056192
4198,0.03865504888906229,0.021107452602824893,0.0174852349922236,6.236129401379928e-05,7.0631610927307005
4199,0.038619393311938484,0.02132122301860645,0.017235118538465606,6.305175486643094e-05,7.065273465348956
4200,0.038579522128985556,0.021381878954190053,0.017138029640793855,5.961353400164649e-05,7.068788546944638
4201,0.03852636421668568,0.021388342112780467,0.017081840204638314,5.618189926690178e-05,7.0747086809657675
4202,0.0384492182394,0.02138788750129259,0.01700408922745827,5.724151064913989e-05,7.086783618071405
4203,0.03837266662194305,0.02117643904496973,0.01714611388057388,5.011369639944034e-05,7.105872385155819
4204,0.038319572565075656,0.021268199795286786,0.01699654737255828,5.48253972305898e-05,7.119517717607248
4205,0.03828878147526484,0.02125772876855383,0.01697801910366413,5.3033603046876506e-05,7.123395195468768
4206,0.038254921902057364,0.021235765103475267,0.016966865488854545,5.229130972754982e-05,7.129687182941987
4207,0.03822413857708082,0.021203437880528028,0.016967261769850812,5.343892670197884e-05,7.1353427033592665
4208,0.0381826443650853,0.02113091571167449,0.016995306041282552,5.6422612128254595e-05,7.143776922667331
4209,0.038122956776034285,0.021107643036944464,0.01695241333669476,6.290040239505964e-05,7.1528763531325
4210,0.038045759080137805,0.021072679220489145,0.016900930847085344,7.214901256331041e-05,7.170159420488413
4211,0.03801892081803279,0.02105506773919497,0.016893224957551703,7.062812128612013e-05,7.174054083769741
4212,0.03800120173781048,0.021091086943350237,0.016846138916301906,6.397587815833091e-05,7.181320689240518
4213,0.03798271657475756,0.021058399862099755,0.01686533239491225,5.8984317745559305e-05,7.182124753449201
4214,0.03793345384042048,0.02096324845318364,0.01691341009039588,5.6795296840962246e-05,7.186544865707028
4215,0.03789516038047231,0.020852096339016322,0.016985380317194633,5.76837242613547e-05,7.183563152335457
4216,0.0378760376925864,0.020832132347162968,0.01698868495354871,5.522039187472241e-05,7.183024061998611
4217,0.03786533323531692,0.020838009402240315,0.01697391860496768,5.340522810893036e-05,7.179760540063428
4218,0.03785395275102751,0.02087928531898461,0.016920709312230622,5.395811981226957e-05,7.181557505161057
4219,0.037823974486755,0.020910843125344615,0.016853756769368546,5.937459204183686e-05,7.182835152901869
4220,0.03779737253814936,0.020954097228905445,0.01677905985335354,6.421545589038217e-05,7.188782051544354
4221,0.03777700298559373,0.020933957470236155,0.01677855800126637,6.448751409120188e-05,7.188663479696978
4222,0.03773195864851673,0.020854961213463735,0.0168115987527869,6.539868226609083e-05,7.1887819928020775
4223,0.03771260574373773,0.02079122993562666,0.016855807584351075,6.556822375999379e-05,7.1845809419568445
4224,0.0376752113257321,0.020793903332399815,0.01681509746377576,6.621052955653045e-05,7.182874063866568
4225,0.037650544736195585,0.020811541418222397,0.016768939163263167,7.006415471001681e-05,7.181104070037807
4226,0.0376260272038872,0.020818664939724178,0.016737710868494564,6.9651395668453e-05,7.18217059987897
4227,0.03759519972558408,0.02084081634521725,0.016691054771651732,6.33286087151022e-05,7.184549700388737
4228,0.03757886999398828,0.020837710665402593,0.016679878439009404,6.128088957628482e-05,7.186764561502121
4229,0.03755252183799215,0.020876033512451347,0.01661359946162993,6.288886391088047e-05,7.1913848861345
4230,0.037539348716335186,0.020884819960048994,0.0165896987812726,6.482997501359067e-05,7.192905344243155
4231,0.037522804770906776,0.020886127618459507,0.016567177196358442,6.949995608882411e-05,7.195266941678279
4232,0.037482465272287324,0.020823013428370972,0.016584180658212565,7.527118570378647e-05,7.194252713829272
4233,0.03744741617596374,0.020766819455966583,0.016597958535309338,8.263818468781686e-05,7.197241470010267
4234,0.037431977048983885,0.020643005516312388,0.016707795087089302,8.117644558219187e-05,7.191354066299791
4235,0.037423166524420175,0.020658394461148744,0.01668954012467544,7.523193859599412e-05,7.19316104098424
4236,0.03741756547813068,0.020679852219098443,0.01666702954279107,7.068371624117291e-05,7.195163191387563
4237,0.03741197148966171,0.020705444779171894,0.016638051831650312,6.847487883950564e-05,7.196422657221688
4238,0.03740094639999906,0.020748004117604277,0.016585893870558786,6.704841183599694e-05,7.198309691930761
4239,0.037385555230042535,0.020800736672056758,0.016516489418593305,6.832913939246845e-05,7.199933744388826
4240,0.037362459145377516,0.02084019861410272,0.016452270848605156,6.998968266963862e-05,7.2016044594118185
4241,0.03734517046018356,0.020872021067228564,0.0163946019935998,7.8547399355195e-05,7.201771747274779
4242,0.03733331162321403,0.02077310964159736,0.01648322925314788,7.69727284687925e-05,7.201584469374642
4243,0.03732879904779107,0.020708333594714766,0.01654218645575842,7.827899731788092e-05,7.201131182963414
4244,0.03730907965560733,0.020662157311464542,0.016572869725623676,7.405261851910788e-05,7.203601598625916
4245,0.037287105566146665,0.020661133825398602,0.01655917836971003,6.679337103803673e-05,7.206665506875372
4246,0.03727893405637056,0.020672298187302058,0.01654297001273092,6.366585633758215e-05,7.208096016921117
4247,0.03727045095145771,0.020707298227561326,0.016501178615296447,6.197410859993189e-05,7.207096864779211
4248,0.037253974847780445,0.020768943710467957,0.01642291435240102,6.211678491147151e-05,7.204284417519435
4249,0.03724346918928428,0.020788194043583504,0.01639127588361176,6.399926208901136e-05,7.202021942091215
4250,0.03721839957137391,0.020924516495435905,0.01622499752209659,6.888555384141185e-05,7.200883471377113
4251,0.03720261556553012,0.020805709459795547,0.01631650654897268,8.039955676188627e-05,7.200687666527771
4252,0.037195465336648845,0.020694673649397873,0.016422010573145858,7.878111410511612e-05,7.201300509533224
4253,0.0371810060923634,0.020591884631696405,0.016512405764808256,7.671569585873603e-05,7.203066988614505
4254,0.037166330343120536,0.02042967849705819,0.016666175778074322,7.047606798802246e-05,7.200418421019738
4255,0.03714127465264246,0.020378781529949135,0.016694926738722644,6.756638397068814e-05,7.194174228280536
4256,0.037117784310217755,0.020485736077188666,0.016567204510265148,6.484372276394139e-05,7.188403146281437
4257,0.03710595825228481,0.020637460664971335,0.016403277766275492,6.521982103798798e-05,7.184118303742662
4258,0.03708810411948302,0.02067605514344451,0.01635067661419731,6.13723618411982e-05,7.180788071540536
4259,0.0370700061810957,0.020782534823936407,0.016228619122097387,5.885223506189721e-05,7.168032692540633
4260,0.03704913458030162,0.020654535724719772,0.016339326070896262,5.527278468557981e-05,7.171933435323292
4261,0.03704587349403217,0.020636859763964528,0.016354263485158192,5.47502449094437e-05,7.173352399985495
4262,0.03704241783712058,0.020621962245909946,0.016365944262456827,5.4511328753809115e-05,7.1723010701214465
4263,0.03703850059022644,0.020606379969815902,0.0163770923537244,5.502826668613406e-05,7.170566068587961
4264,0.03703502127034184,0.020593861784054375,0.01638544810609143,5.5711380196031385e-05,7.168647486546177
4265,0.03703100080978189,0.020589638572866956,0.01638488110156044,5.6481135354491867e-05,7.166281901281522
4266,0.03702327048555418,0.020596146313410425,0.01637060978273151,5.651438941224502e-05,7.161873509657428
4267,0.0370050044717755,0.02060001026632676,0.016349158935981108,5.5835269467633316e-05,7.1513820612154815
4268,0.036994569609265754,0.020719502169252065,0.01622043888754737,5.4628552466325976e-05,7.131786445141975
4269,0.0369711853841352,0.02062882608504445,0.01628730254854199,5.50567505487623e-05,7.136359189284059
4270,0.036960375358862936,0.02062407739937869,0.016281463199139357,5.48347603448894e-05,7.137154875435099
4271,0.036956024453278884,0.02064381360130947,0.016258020829343082,5.419002262633258e-05,7.136179165408215
4272,0.03695139512768511,0.020663269332765147,0.01623299965861211,5.5126136307853046e-05,7.1326805458781815
4273,0.03694368339565925,0.02065575267534754,0.016230336258107953,5.7594462203760946e-05,7.127098907905372
4274,0.036925884914300676,0.020691480103164413,0.016172278756963553,6.212605417271188e-05,7.111310026873549
4275,0.03690404277483703,0.020606666336544385,0.016233608874669146,6.376756362349942e-05,7.101311507130781
4276,0.0368831374790421,0.020522990835787153,0.01629423061748214,6.591602577280802e-05,7.091318730259404
4277,0.03686233249071756,0.020428764261218563,0.01637129287872955,6.227535076944543e-05,7.079009352085147
4278,0.03684562373991251,0.02044722079122944,0.016338296280284385,6.0106668398683295e-05,7.074421860858552
4279,0.03682867084453748,0.020500329420879943,0.016274864647740653,5.347677591689308e-05,7.075133112589993
4280,0.03681213131371031,0.020501578179317578,0.016262574778518585,4.797835587414793e-05,7.073705082823406
4281,0.03680057833956517,0.020533225566022856,0.016213079982016165,5.427279152614117e-05,7.054934892408029
4282,0.03678932049511477,0.020489548734613824,0.016248616332349725,5.1155428151222023e-05,7.0561593654881865
4283,0.03678430661693233,0.020446240440593965,0.016286050953435317,5.201522290304374e-05,7.052476200391249
4284,0.03677633357267915,0.02042203761998351,0.016300035996045334,5.4259956650300043e-05,7.0437495476835235
4285,0.036766953554564295,0.020407906044185214,0.016301955384514753,5.7092125864329696e-05,7.035934722676077
4286,0.03680622949120033,0.020532329268066148,0.016204881234199456,6.901898893472635e-05,7.020295205831818
4287,0.03676131523359788,0.02043744859986436,0.016264622164245394,5.924446948812945e-05,7.031834396266026
4288,0.03674482508496652,0.0204901975424626,0.016197493628428095,5.713391407582274e-05,7.021184698709343
4289,0.03672797489684413,0.02055480344559448,0.016111714231716028,6.145721953362472e-05,7.01797098843006
4290,0.03670254745838448,0.02064575876362253,0.01599103927521939,6.574941954255834e-05,7.011913160136339
4291,0.03668533016104652,0.020658807052475168,0.015958369509961618,6.815359860973358e-05,7.010570674970055
4292,0.03665860146931725,0.02063599904027347,0.015950582625214753,7.201980382902295e-05,6.993901694079918
4293,0.03663984431188248,0.020451849833174593,0.01612242776299748,6.556671571041373e-05,6.9841552297740765
4294,0.03662678443177776,0.020478086637058256,0.01608516429045828,6.353350426121735e-05,6.973294235614005
4295,0.036622318324219576,0.020480698054530937,0.01607838660836963,6.323366131900773e-05,6.972672907636712
4296,0.036614555673287794,0.02048448280884854,0.01606599466471062,6.407819972863483e-05,6.965393109517542
4297,0.03660332921407894,0.020494993832500873,0.016042844073471032,6.549130810703145e-05,6.956112610364209
4298,0.03659344820325999,0.020519017421155916,0.01600369198144004,7.073880066403885e-05,6.950389424744995
4299,0.03666798759462925,0.020791203355029417,0.01581676330458959,6.002093501024375e-05,6.928787238035329
4300,0.03658768534752036,0.020572578839399638,0.01595127490729302,6.383160082770136e-05,6.945789005731457
4301,0.036568709791703645,0.02061979332256432,0.015883618402612307,6.52980665270195e-05,6.946414314593694
4302,0.03655499358877652,0.020638269323507572,0.015858311900280322,5.8412364988628035e-05,6.951130034697286
4303,0.03653271350746858,0.020585928568789685,0.015892854162485388,5.3930776193513435e-05,6.953960672424741
4304,0.0365177263339337,0.020535877551234885,0.015933774746166814,4.807403653199969e-05,6.955559657035282
4305,0.03650131118633299,0.020511978991504618,0.01594245522014087,4.687697468750402e-05,6.947107724903703
4306,0.036481791103666804,0.020456266664822188,0.015981500784695183,4.402365414943343e-05,6.934724511942926
4307,0.0364739147725122,0.020477643509493784,0.015949490077882718,4.6781185135703675e-05,6.920326716973028
4308,0.036466946479076744,0.02049405631473714,0.015924670193053967,4.8219971285636074e-05,6.916641104392781
4309,0.03646215166397509,0.02051199251950965,0.015901465917058585,4.8693227406850366e-05,6.9141645157502225
4310,0.03645234213462831,0.020545679149353815,0.015860205799713274,4.645718556121914e-05,6.910774475940609
4311,0.036440034880092356,0.020535151758978347,0.015861307350263292,4.357577085072357e-05,6.909171335566851
4312,0.03642305591569523,0.020476771991677925,0.015897993888882894,4.829003513440983e-05,6.903485108366656
4313,0.036544427967735105,0.020381433350876433,0.01609454543718004,6.844917967862827e-05,6.887716343555495
4314,0.036416623478813914,0.020451565308099454,0.01591922472473458,4.583344597988161e-05,6.9005200861634926
4315,0.03639929649897359,0.02041598842447698,0.015932044868314572,5.1263206182034066e-05,6.895441929539713
4316,0.03638893678152153,0.020490996586697733,0.015843034294022357,5.4905900801440815e-05,6.887729242310128
4317,0.03639569950268059,0.020450939444880783,0.01587603683998424,6.872321781556521e-05,6.875457385093841
4318,0.036378558223202385,0.020471505577855986,0.015850202458695006,5.68501866513919e-05,6.882289890678404
4319,0.036371437327424386,0.020491729115414054,0.015824486865118687,5.522134689164738e-05,6.88201558012756
4320,0.036363578451585714,0.020544486608968456,0.01576546039872941,5.363144388784995e-05,6.883393022092484
4321,0.036349199259879006,0.020573085388585627,0.015722010949437554,5.4102921855831056e-05,6.884449838813201
4322,0.036320770833805326,0.020609763057512803,0.015655591937488788,5.541583880373169e-05,6.891750999145301
4323,0.036371050395353835,0.021024869596933546,0.015273079261780105,7.310153664018371e-05,6.859873310763783
4324,0.0363062513356692,0.020737259155009076,0.015510916200894473,5.807597976565103e-05,6.8810957711648815
4325,0.036285720795703046,0.02068576904241859,0.01554335063081961,5.660112246484964e-05,6.887424592047068
4326,0.036275786916215524,0.020598299162324057,0.01561930985694705,5.817789694441138e-05,6.877039851205178
4327,0.03626392611760551,0.020523025595111204,0.015685196269148896,5.570425334541326e-05,6.877556535562372
4328,0.03625737185159814,0.02056297545065828,0.0156421368274892,5.225957345066625e-05,6.87574065762413
4329,0.036241728250953585,0.020570031068871026,0.015621940931555138,4.975625052742095e-05,6.871736123235861
4330,0.036225349898225824,0.020539073735889268,0.015639528536482726,4.6747625853836764e-05,6.8709397856219026
4331,0.03621355704671574,0.02050010400235161,0.015665513296698533,4.793974766559743e-05,6.873274439444277
4332,0.03619793176537968,0.020455364350193045,0.015691644994605604,5.0922420581027184e-05,6.883396123642605
4333,0.0361876277774825,0.020471306984877483,0.01566202837969826,5.4292412906754355e-05,6.882434917209892
4334,0.036177513327608775,0.020482243353430386,0.01563874355280407,5.6526421374321e-05,6.883584706535938
4335,0.03616271806302689,0.020495466139253276,0.015609226473516275,5.802545025734315e-05,6.88427007205483
4336,0.03614974212788894,0.020505375745584035,0.015578817597927707,6.554878437719995e-05,6.883521795041023
4337,0.03614162652836971,0.0205090799471222,0.015568412088490875,6.413449275663991e-05,6.885437625773221
4338,0.03613298168622804,0.02051610461553639,0.015554743688478692,6.213338221296069e-05,6.887867041963734
4339,0.03619408100981172,0.02061755907015105,0.015479278482549158,9.72434571115153e-05,6.8956306570088515
4340,0.036130146294290455,0.02053321343696325,0.01553210513424614,6.482772308107392e-05,6.889243678156058
4341,0.036114443415789614,0.02048913671737111,0.015562536530268985,6.277016814952e-05,6.8915770302761
4342,0.036100772968418654,0.020473851927850395,0.015565148782591702,6.177225797655722e-05,6.893956715840926
4343,0.03609097643053008,0.02048446808228509,0.015545091151853032,6.141719639196238e-05,6.893520142967221
4344,0.03607160071573512,0.020488305518043873,0.01552193745786258,6.135773982866609e-05,6.89584389834684
4345,0.036032341129644395,0.020575695790538355,0.015393233045963434,6.341229314260364e-05,6.898758954302227
4346,0.036010771696707716,0.0205407653735265,0.015412913699925921,5.7092623255298914e-05,6.90611750900628
4347,0.03600138246320072,0.020579357753205598,0.015363799517968804,5.82251920263118e-05,6.9046330356128145
4348,0.03599431691336983,0.02055117006584367,0.015385631628264939,5.751521926122467e-05,6.906831300217389
4349,0.03598929147345248,0.02052129627892992,0.015409386466593348,5.860872792921419e-05,6.9083976400270855
4350,0.035981806446058175,0.020471490552419747,0.01544838292786361,6.193296577481243e-05,6.908126564978208
4351,0.036126255415232025,0.020098297928231153,0.01592495730857219,0.00010300017842868393,6.934209129606362
4352,0.03597461340369296,0.02039957159809242,0.015512184160202516,6.285764539802e-05,6.9128360026028535
4353,0.0359576274669671,0.02040655171168186,0.015493034955308068,5.8040799977172565e-05,6.918233393592229
4354,0.03594054969145863,0.02042832817804087,0.015457657724321058,5.45637890966963e-05,6.922638515468789
4355,0.03591627733213997,0.02042327601697989,0.015439151615361123,5.384969979895339e-05,6.9297223209954115
4356,0.03589344556189657,0.020454982564121597,0.015384021663288342,5.444133448663022e-05,6.933148953000825
4357,0.035880587942438535,0.020447549642370135,0.015379927951671462,5.311034839694085e-05,6.938351670026094
4358,0.035868682960402985,0.020453230037921384,0.015365582224390953,4.987069809064669e-05,6.937079262195722
4359,0.03585788313904475,0.02040919047760683,0.015400867609247916,4.78250521900029e-05,6.939435352941438
4360,0.0358470454144388,0.020429846111658843,0.015370459656383636,4.673964639631516e-05,6.940740839540492
4361,0.035838233822640606,0.020450083234387944,0.015340424824247328,4.772576400532904e-05,6.9421727246771185
4362,0.03583057033135487,0.020423566514809192,0.015359222161274593,4.778165527109189e-05,6.944857642114902
4363,0.03581841106630687,0.02041358364973139,0.01535625847774686,4.856893882862404e-05,6.949367646046364
4364,0.035802108918699775,0.020376171824300075,0.01537429464702932,5.1642447370381535e-05,6.949692611409606
4365,0.035959332079851566,0.020237463551518755,0.015639299065371842,8.25694629609644e-05,6.991763054947671
4366,0.03579634452545826,0.020349655693820547,0.015397553351814926,4.9135479822791264e-05,6.956311492580371
4367,0.03578076199038066,0.02032669847114145,0.015405439177307792,4.8624341931417405e-05,6.9568055026570805
4368,0.035752861918360114,0.020347323740652748,0.015354936572836911,5.060160487045939e-05,6.957229987342887
4369,0.03573740527978156,0.020356947094066487,0.015323347841643074,5.711034407200059e-05,6.961598143159106
4370,0.0357229947554393,0.02038140398451473,0.015281124897735938,6.0465873188631804e-05,6.963914683576677
4371,0.035699942086827086,0.020390034878104327,0.015248457425862274,6.144978286048493e-05,6.972318024028925
4372,0.03577216166435904,0.0202157999658101,0.015483112145460142,7.32495530887961e-05,7.001005041666001
4373,0.03568660146650563,0.020337937929647085,0.015288265791823175,6.039774503537272e-05,6.980398389955378
4374,0.03566177485172195,0.02036355181264783,0.015243690802093236,5.453223698088401e-05,6.991842713502603
4375,0.03565113676375671,0.0203292501911751,0.015263306161207137,5.8580411374471486e-05,6.99632908299902
4376,0.03563707229498684,0.0203031768299223,0.015279489227895768,5.440623716877068e-05,6.9944836708712925
4377,0.035623602629285676,0.02033485079110369,0.01523519388186835,5.355795631363726e-05,6.995115778261452
4378,0.03560820409273405,0.020366200343118514,0.015189346393218084,5.265735639745412e-05,6.998905454040717
4379,0.03558937862812075,0.02042828074220436,0.015104085293417937,5.701259249844534e-05,7.007922088953323
4380,0.035576928108294416,0.02048032650273469,0.015031928732017204,6.467287354252248e-05,7.016512046775773
4381,0.03556683657930746,0.020458969271568598,0.015042037658496047,6.582964924281685e-05,7.016992760616738
4382,0.0355585893169763,0.020410964443404282,0.015081542091688315,6.608278188370316e-05,7.0162403955808985
4383,0.03554740067256483,0.020341705903232473,0.015135130870689387,7.05638986429677e-05,7.019708530294155
4384,0.035536742830630574,0.02028831869155077,0.015177791458533646,7.063268054615418e-05,7.020348775057496
4385,0.035526134835753724,0.02029213678316128,0.015162217970047378,7.178008254506988e-05,7.0264127046261615
4386,0.0355077195758826,0.020283439039643213,0.015149826092031292,7.445444420809856e-05,7.03533880940274
4387,0.035491708968356954,0.020337947645558917,0.015083473252065974,7.028807073205957e-05,7.0429700931662795
4388,0.035478972111407936,0.0203403332013183,0.015070203690517328,6.843521957231318e-05,7.047254244552234
4389,0.035469264647529634,0.02031531917459686,0.015083542593110259,7.04028798225202e-05,7.0506627143382765
4390,0.0354570249597704,0.020285096545498763,0.015098192822479336,7.373559179230332e-05,7.053673556894917
4391,0.03543827643202195,0.02024880087748572,0.015109486973958306,7.998858057792443e-05,7.064034563678057
4392,0.035426527220976924,0.020220806932491016,0.01512538815009868,8.033213838723004e-05,7.070256937599435
4393,0.03541057580398017,0.020284553246977952,0.015048893087139196,7.712946986301995e-05,7.0662845502073885
4394,0.035395074620097895,0.02032248572830984,0.015000017009978828,7.257188180922336e-05,7.066851502934273
4395,0.03537389583823326,0.02035935212530113,0.01494815023865461,6.639347427752033e-05,7.072259391180124
4396,0.03534728736758144,0.020359983209527477,0.01492777851849503,5.9525639558936034e-05,7.073761590387457
4397,0.03532090731809459,0.020308040395341124,0.014953598220335365,5.9268702418105935e-05,7.084373757998053
4398,0.035299248843159714,0.020280264842391447,0.014961247679991858,5.773632077640832e-05,7.083994317190749
4399,0.035280250061093636,0.02026452889621029,0.014956044225622602,5.9676939260739216e-05,7.086549837875673
4400,0.03526811161355344,0.020269860362906122,0.014937951906181106,6.029934446620913e-05,7.087577113164318
4401,0.03526071682170853,0.020317253921824298,0.01488147401151235,6.198888837188452e-05,7.090775293899681
4402,0.0352532660157847,0.020328222360090582,0.014866185445297534,5.885821039658479e-05,7.089358821726372
4403,0.0352439563836216,0.02033460724042999,0.014854286425920503,5.50627172711038e-05,7.09606671633952
4404,0.03523682863334261,0.02034546570537978,0.014834033238814855,5.7329689147973956e-05,7.099387126748343
4405,0.03522827438706837,0.020307662132420898,0.014863705252902242,5.690700174522095e-05,7.098973782944858
4406,0.035217392397154816,0.020285990710257454,0.014872445742956465,5.89559439408944e-05,7.1003197157029625
4407,0.03520583915836644,0.020287228813868997,0.014858829375576612,5.978096892083503e-05,7.102728605431171
4408,0.03519500011530646,0.020285988466881687,0.014851841272856816,5.717037556795807e-05,7.108231261115851
4409,0.03518602109047367,0.020301469482576513,0.01483129904651405,5.325256138310304e-05,7.107111125446214
4410,0.03517552858643621,0.0203294989726087,0.014797098376485967,4.8931237341547426e-05,7.110402835269734
4411,0.035156960346316116,0.02028740773951499,0.014822760839513238,4.679176728789129e-05,7.114805235852817
4412,0.03514113010001829,0.020264988508219874,0.014827136539503929,4.90050522944951e-05,7.118790113285365
4413,0.03513091699122619,0.02025381356262253,0.01482285312494811,5.42503036555512e-05,7.12075142020243
4414,0.03515620388669971,0.020321609051342115,0.014766525619910402,6.806921544719374e-05,7.1330376079025735
4415,0.0351262021790035,0.020272053896353545,0.014799928158509746,5.42201241402094e-05,7.124269834053292
4416,0.03511816398291176,0.020260026720595046,0.014804644913747127,5.349234856958759e-05,7.1254745678706595
4417,0.03510629085547061,0.02026658106540087,0.014788654727917355,5.1055062152378376e-05,7.127314978899682
4418,0.035093905719940664,0.020270314191653337,0.014774435333784747,4.915619450258027e-05,7.132471138188813
4419,0.03508772154460116,0.02026426499974067,0.014773047301933392,5.040924292709366e-05,7.138167688566493
4420,0.03508176221324897,0.020246678724452082,0.014783320186138794,5.1763302658094495e-05,7.138676317477093
4421,0.03507549586732957,0.02023803276092246,0.01478389699817713,5.356610822998174e-05,7.142254412870503
4422,0.03506505890706385,0.02022391148001956,0.014784216447218333,5.69309798259605e-05,7.145942129133945
4423,0.035056216850285406,0.020218108677076286,0.014780501713745665,5.7606459463455784e-05,7.1507807596095505
4424,0.035047217518718865,0.020235995504528596,0.014757300127517964,5.3921886672303885e-05,7.15198678818611
4425,0.03503719314964995,0.020219696219622118,0.014768811624279503,4.868530574833614e-05,7.160619318634523
4426,0.035031072651168615,0.020229321356583594,0.014755345614846812,4.640567973821071e-05,7.15960162356529
4427,0.035022093633838104,0.02023435415073777,0.014743657651113844,4.408183198648829e-05,7.1598873019652745
4428,0.03501009952302793,0.0202258310821397,0.014741902881891719,4.2365558996511025e-05,7.162271823745299
4429,0.03499374306531914,0.02018370342762195,0.014766886325169575,4.315331252761174e-05,7.168730392298221
4430,0.034982613541711866,0.020149062490682424,0.014790876001558073,4.267504947137133e-05,7.174725018951227
4431,0.03497408476346093,0.020142208165568172,0.014788987319992031,4.288927790072679e-05,7.178693623266376
4432,0.03496789436089332,0.02013415979571157,0.014790626706177819,4.310785900392981e-05,7.180505541358008
4433,0.03496165332807791,0.02013240391650694,0.014786540845252093,4.270856631887419e-05,7.182368884138607
4434,0.03495234877076506,0.020116379566516924,0.01479510303356438,4.0866170683750145e-05,7.184437659796515
4435,0.03495425563378577,0.020142262604596093,0.01476646784068457,4.552518850510223e-05,7.192526537569437
4436,0.03494654072200959,0.020127648790295785,0.01477723370934532,4.1658222368484595e-05,7.18820974866928
4437,0.034940674874741603,0.020132361190842985,0.014766126734100589,4.218694979802925e-05,7.192156802069034
4438,0.03493658336309397,0.020127821585784564,0.014766113411067658,4.264836624175452e-05,7.193125213477023
4439,0.03493301909334434,0.020130971398055524,0.01475864327338131,4.340442190750786e-05,7.195352569511929
4440,0.03492754630633972,0.02013079670870889,0.01475182851087228,4.492108675854916e-05,7.196776642176331
4441,0.03492303380208003,0.020135717226184593,0.01474153128269752,4.578529319791125e-05,7.207136629270401
4442,0.03491253690966462,0.020136417855329904,0.014732211892829736,4.390716150497998e-05,7.202498163072923
4443,0.03490402102074343,0.020137429294725343,0.014725035350092565,4.1556375925517535e-05,7.199133772029463
4444,0.03489682611607528,0.020139443159444454,0.014717078435739802,4.0304520891025245e-05,7.2026964542655705
4445,0.03489026923067728,0.020132160617617696,0.014717628616992207,4.047999606736998e-05,7.203238910243861
4446,0.0348833143402686,0.02011856664659527,0.014722606294709575,4.2141398963755027e-05,7.209255594375855
4447,0.03487331308384059,0.020107318966208106,0.014719648242490726,4.6345875141761234e-05,7.217236048093406
4448,0.03486300841137925,0.020111308844703767,0.014702830897832442,4.886866884304192e-05,7.223333660590327
4449,0.034852815776130246,0.020148706620130928,0.014653970067484387,5.0139088514926226e-05,7.226908106058682
4450,0.03484605564038539,0.0201793925293036,0.014619860647615581,4.680246346621289e-05,7.230084197078036
4451,0.03483822776913473,0.02022711287162935,0.014568932519029206,4.21823784761703e-05,7.230372029855093
4452,0.034829501130604554,0.020274798328124764,0.01451619197468184,3.851082779794398e-05,7.240736687823029
4453,0.03481777297594397,0.020288429859644325,0.014490786417561588,3.85566987380551e-05,7.243328784083489
4454,0.034810515992279606,0.020256193240180697,0.01451263142858141,4.169132351749905e-05,7.243434101120205
4455,0.03480633518168609,0.02020231711734401,0.014558150536320627,4.586752802145346e-05,7.24691560396664
4456,0.03480255961099572,0.020172417767693414,0.014584079601020362,4.6062242281940604e-05,7.248349168325583
4457,0.03479521807930576,0.020105468942742222,0.014645956699429169,4.3792437134369416e-05,7.252230827011181
4458,0.03478927105433595,0.0200736434359452,0.014673619564744578,4.200805364617208e-05,7.255179265329409
4459,0.03478409186711573,0.019992164367810494,0.014751810958240347,4.0116541064886966e-05,7.26014709056916
4460,0.03477754405926344,0.02000548907769971,0.014733128390696439,3.8926590867296876e-05,7.261664608727266
4461,0.03477405390879931,0.020021427429141248,0.014713158339276675,3.946814038138605e-05,7.261648553475484
4462,0.03477094226802843,0.020024786231037883,0.014705619341127622,4.0536695862933843e-05,7.264551850862635
4463,0.034782928348290644,0.020003222848203477,0.014730427163391355,4.927833669580841e-05,7.271623047051339
4464,0.03476898395369661,0.020018691451700214,0.014708574009629462,4.17184923669319e-05,7.266489820240143
4465,0.03476626068394148,0.020014651792128076,0.014710108316300183,4.150057551322067e-05,7.267457388035459
4466,0.034759098064764626,0.02000969725859772,0.014709285934720852,4.0114871446053586e-05,7.272740975443968
4467,0.034755438327737795,0.020024532820551375,0.014691607072489227,3.9298434697192645e-05,7.273863343019462
4468,0.034752060499403784,0.02003222459647492,0.014681048917186686,3.878698574217832e-05,7.274341956717376
4469,0.034750015318475706,0.02007821582337037,0.014633365760214052,3.8433734891286594e-05,7.274874947165308
4470,0.03474757778674478,0.020061364704732687,0.014647704440892962,3.8508641119133576e-05,7.274354463238031
4471,0.03474485093622265,0.02004148142463421,0.014663707848110068,3.966166347836996e-05,7.274595280289036
4472,0.034742096446985796,0.020029992869150737,0.014671038504255333,4.106507357972832e-05,7.276077623340536
4473,0.03473663279688473,0.020021209009421132,0.014672727701624335,4.269608583926012e-05,7.279881468815457
4474,0.03473075323948583,0.02000725457966852,0.014677653706376402,4.584495344090713e-05,7.289634133258253
4475,0.03472295504772993,0.020024297917224928,0.014653261917825993,4.539521267901237e-05,7.2937034621404555
4476,0.0347184346347143,0.020039651329738846,0.014635006501311214,4.37768036642403e-05,7.296342933315474
4477,0.03471426661314589,0.02005196283796038,0.01461987350779509,4.243026739041943e-05,7.299883239162247
4478,0.034709215213170753,0.020044168260104443,0.014623665101860838,4.138185120547234e-05,7.30188591509404
4479,0.03470141538998169,0.020028949735027838,0.014632078724789528,4.03869301643242e-05,7.308067723516632
4480,0.03469580503075692,0.020001632013273225,0.014652993652042683,4.1179365441011877e-05,7.307981079448837
4481,0.03469003243706986,0.019980089925972902,0.014667261533654389,4.2680977442571805e-05,7.310966684356896
4482,0.034684342868979964,0.019965944820591483,0.014674770024417185,4.362802397129283e-05,7.312098934615389
4483,0.034677220674630804,0.019944735851559366,0.014688775028669224,4.37097944022146e-05,7.318885349598207
4484,0.034671363224978005,0.019941518425438655,0.014688171532950909,4.167326658843519e-05,7.3207068480249555
4485,0.03466740568575953,0.019933916157142975,0.014692736043359394,4.0753485257159326e-05,7.326197979688442
4486,0.034664503530379226,0.019933124557649694,0.01469090818304574,4.047078968378933e-05,7.327821795332792
4487,0.03469352905573623,0.01991472337111987,0.014729868551417282,4.893713319907437e-05,7.328709695985651
4488,0.034663273775588754,0.01992970320151707,0.014693464417000346,4.010615707134157e-05,7.327969700861156
4489,0.03466062933532886,0.019932032094200813,0.01468788295858294,4.0714282545107865e-05,7.32926321408886
4490,0.03465731756925509,0.019934013652004902,0.01468115912020463,4.214479704555325e-05,7.334680763357474
4491,0.03465264651848479,0.019942220999184565,0.014666629296729032,4.379622257119663e-05,7.335548089307762
4492,0.03464946085077064,0.019955272095576224,0.01464948912850877,4.4699626685647325e-05,7.336500535681826
4493,0.03464524343920499,0.01997290705297233,0.014626825731563172,4.551065466948803e-05,7.340067878810048
4494,0.03463945676165391,0.019998378819213777,0.014595238418581258,4.583952385887975e-05,7.343613116108838
4495,0.03463570577620733,0.02001510985442153,0.014574518440683132,4.607748110267035e-05,7.353467820641365
4496,0.03463006931563847,0.020011903966220993,0.014573928894268291,4.423645514918836e-05,7.351789963466271
4497,0.03462684525463668,0.02000170912950434,0.01458240684850588,4.272927662646641e-05,7.350887561585168
4498,0.03462336812368212,0.019995616389043812,0.014587114680916405,4.063705372190227e-05,7.3515411965952016
4499,0.034618605713750396,0.019992204981723244,0.014588178038052317,3.822269397483085e-05,7.355149754201108
4500,0.03461397608875401,0.01998841587446434,0.014590150834678543,3.5409379611129314e-05,7.3587908250839575
4501,0.03461050148195545,0.01998579277766545,0.014590377273213488,3.433143107650725e-05,7.3644013609993
4502,0.03460692400256304,0.019994358402764638,0.014579752718214897,3.281288158349816e-05,7.36774914996742
