trench profile lon lat age_Ma sed_m
aleutian 0 -178.916	50.3371870938	53.9839342927	310.996926263
aleutian 1 -178.772	50.3494395991	54.1519070926	291.622803707
aleutian 2 -178.627	50.3509177631	54.3573585042	274.290467962
aleutian 3 -178.483	50.3509177631	54.5713908755	259.984724721
aleutian 4 -178.338	50.3455536935	54.7733508953	248.774864952
aleutian 5 -178.194	50.3455536935	54.9565656453	238.875352584
aleutian 6 -178.05	50.3522914675	55.0904154699	230.268500833
aleutian 7 -177.905	50.3868649334	55.0745679954	220.835055657
aleutian 8 -177.757	50.3868649334	55.1211402312	214.565661673
aleutian 9 -177.618	50.3635278594	55.2692607334	211.737057894
aleutian 10 -177.484	50.3635278594	55.299211101	208.455670192
aleutian 11 -177.352	50.406336605	55.1192297694	205.370248758
aleutian 12 -177.219	50.4220244276	55.0810045348	206.518503284
aleutian 13 -177.078	50.433367074	55.0604004503	210.096430377
aleutian 14 -176.925	50.4409207713	55.032173537	218.086253124
aleutian 15 -176.78	50.452114416	54.9934979034	229.566482275
aleutian 16 -176.636	50.4606516096	54.9559380225	245.203534655
aleutian 17 -176.486	50.4675623462	54.9437805679	264.843872019
aleutian 18 -176.345	50.4846120192	54.9919992897	288.663033549
aleutian 19 -176.183	50.4870398635	55.2465405465	316.54797378
aleutian 20 -176.017	50.497319972	55.7113467355	349.98238613
aleutian 21 -175.893	50.4871980296	55.9859953146	367.91467467
aleutian 22 -175.74	50.4974292323	56.5821528028	399.489384071
aleutian 23 -175.608	50.4974292323	56.9821066973	420.852993761
aleutian 24 -175.547	50.5630897366	57.8513368728	468.519402591
aleutian 25 -175.434	50.5842675678	58.2593917351	500.775836469
aleutian 26 -175.3615	50.5902223254	58.5328118449	516.4397623
aleutian 27 -175.210212992	50.5787960293	58.841455578	529.114480028
aleutian 28 -175.059	50.5671738707	58.2751861505	537.442487529
aleutian 29 -174.991	50.5884431209	58.1453155836	560.815466841
aleutian 30 -174.847	50.5904775783	57.3985886951	573.781772634
aleutian 31 -174.729	50.6332165796	57.2587117714	616.318248255
aleutian 32 -174.599	50.6495867657	56.8585351217	637.619487234
aleutian 33 -174.473	50.6836223723	56.6888647537	671.458814654
aleutian 34 -174.347	50.7067394756	56.5235592902	694.062796871
aleutian 35 -174.212	50.7175220515	56.4945294248	704.926894362
aleutian 36 -174.085	50.740399414	56.5443689268	724.341595136
aleutian 37 -173.953	50.751992348	56.6322190991	732.712834606
aleutian 38 -173.824	50.772304252	56.7212348227	747.55314234
aleutian 39 -173.702	50.7991247224	56.8187632907	766.951442923
aleutian 40 -173.562	50.8190022097	56.9038114347	777.951137527
aleutian 41 -173.432	50.8190022097	56.9602762221	770.204765754
aleutian 42 -173.293	50.8305703477	57.0345163215	771.738812677
aleutian 43 -173.152	50.8584318072	57.1391585417	785.595924927
aleutian 44 -173.002	50.8714660754	57.3032531251	783.363799475
aleutian 45 -172.865	50.8849006863	59.061312205	782.175444168
aleutian 46 -172.723	50.8979710877	61.8599639457	778.306413006
aleutian 47 -172.581	50.9108694994	62.4589772652	773.022262216
aleutian 48 -172.447	50.9409264112	62.3494351667	780.035998955
aleutian 49 -172.298	50.9501189822	62.3044502801	765.89362584
aleutian 50 -172.155	50.9535961414	62.290903763	746.819775504
aleutian 51 -172.014	50.9705103876	62.2195138632	736.036444976
aleutian 52 -171.872	50.9828341786	62.1720202312	718.620840137
aleutian 53 -171.733	51.0082480462	62.0651224085	708.08773098
aleutian 54 -171.575	51.0176366657	62.0231884105	679.123883322
aleutian 55 -171.408	51.0299299884	61.9677806931	647.27689298
aleutian 56 -171.269	51.0743737416	61.7669891988	636.2148137
aleutian 57 -171.116	51.088434625	61.7087263741	600.477104311
aleutian 58 -170.961	51.0979756546	61.665118688	559.374393764
aleutian 59 -170.811	51.1204455506	61.5598542498	522.093812665
aleutian 60 -170.671	51.1648244066	61.3587102804	494.714615336
aleutian 61 -170.524	51.1879212433	61.2533961436	451.962031329
aleutian 62 -170.363	51.1915916773	61.2329354212	394.487404505
aleutian 63 -170.21	51.2013277963	61.1845767293	341.461918976
aleutian 64 -170.121	51.203288497	61.1677716303	310.591013671
aleutian 65 -169.991425119	51.2653898909	60.8859736439	298.741932855
aleutian 66 -169.8615	51.3273478708	60.60443451	314.868320869
aleutian 67 -169.798	51.3455462984	60.5165792207	323.196597982
aleutian 68 -169.674	51.3859875618	60.3354165092	337.476598093
aleutian 69 -169.539	51.4095571439	60.228872745	343.525769318
aleutian 70 -169.403	51.4329706964	60.111951285	347.143955037
aleutian 71 -169.274	51.4574756817	59.9915351727	352.092982114
aleutian 72 -169.186	51.4658031701	59.9477901523	350.74985833
aleutian 73 -169.056632269	51.5124033469	59.7312775762	363.382841144
aleutian 74 -168.927	51.5588609408	59.5177909718	374.637017377
aleutian 75 -168.849	51.5624080733	59.4963440282	372.963772944
aleutian 76 -168.722	51.6210418571	59.2214397714	390.114530775
aleutian 77 -168.592	51.6708732031	58.9917516574	405.130726269
aleutian 78 -168.432	51.6792406703	58.9333991285	399.435236035
aleutian 79 -168.292	51.7163413124	58.7565740778	406.95410011
aleutian 80 -168.144	51.7408581172	58.6309009382	408.458941865
aleutian 81 -168	51.7704517521	58.4792809907	410.386287154
aleutian 82 -167.844	51.7734720898	58.44505927	399.409047431
aleutian 83 -167.705	51.7965724826	58.3258005886	399.439083007
aleutian 84 -167.6365	51.8190682839	58.2140529502	404.753921406
aleutian 85 -167.511436896	51.8862054825	57.9020646174	429.397417154
aleutian 86 -167.386	51.9532097175	57.5912149906	455.661948422
aleutian 87 -167.316	51.9713241751	57.503155806	459.83889693
aleutian 88 -167.15	51.9734403235	57.4626703961	448.705724883
aleutian 89 -167.014	52.0199059058	57.2404590029	464.73054712
aleutian 90 -166.882	52.0768224681	57.0043669059	485.90340385
aleutian 91 -166.732	52.1232156959	56.8127900933	497.980650806
aleutian 92 -166.577	52.161197432	56.6605125933	503.157061254
aleutian 93 -166.439	52.2045280412	56.4989145609	513.619321896
aleutian 94 -166.282	52.2230761881	56.4082210559	502.115581375
aleutian 95 -166.137	52.2578448847	56.2732504342	500.624253537
aleutian 96 -166.003	52.3088662881	56.0793451193	503.193793539
aleutian 97 -165.876	52.3679686013	55.8571146659	505.364010329
aleutian 98 -165.721	52.3898822338	55.7586119857	472.302892211
aleutian 99 -165.577	52.4280808665	55.6062619268	449.239863357
aleutian 100 -165.437	52.4702311557	55.4380322768	436.609264856
aleutian 101 -165.296	52.5073312095	55.2941129511	427.369708106
aleutian 102 -165.144	52.5249262396	55.2064493189	408.709824995
aleutian 103 -164.991	52.5472368987	55.1066505176	395.936240554
aleutian 104 -164.852	52.5902730598	54.9329719511	398.735125243
aleutian 105 -164.718	52.6415203108	54.7331546113	406.194370965
aleutian 106 -164.563	52.6590904395	54.6449513274	389.848631316
aleutian 107 -164.407	52.6764662054	54.5604335853	375.360442202
aleutian 108 -164.253	52.6978346382	54.4580949466	364.059762313
aleutian 109 -164.1775	52.7105200566	54.3988088142	360.162296618
aleutian 110 -164.051695398	52.7780834842	54.1439546024	375.579684002
aleutian 111 -163.9255	52.8455134429	53.8834291847	390.725008525
aleutian 112 -163.853	52.8653245855	53.8010825244	390.30147296
aleutian 113 -163.669	52.8669694853	53.7675909518	371.944233609
aleutian 114 -163.519	52.9037928941	53.6106802965	378.076484802
aleutian 115 -163.347	52.9130413461	53.5445165367	377.402072966
aleutian 116 -163.196	52.9511005683	53.3848587986	396.753672083
aleutian 117 -163.045	52.9889579214	53.2252557414	419.846445648
aleutian 118 -162.91	53.0515605026	53.0016844617	444.599133465
aleutian 119 -162.758	53.0890504042	52.9140539701	456.861049905
aleutian 120 -162.606	53.1263457311	52.8231766789	465.191724646
aleutian 121 -162.439	53.1426002409	52.8076098089	468.67894956
aleutian 122 -162.301	53.1761671333	52.7329934993	487.196190627
aleutian 123 -162.173	53.2078242917	52.6611443885	513.338752663
aleutian 124 -162.028	53.2423776629	52.5889804244	551.34077112
aleutian 125 -161.883	53.2767547468	52.5223746779	586.138649517
aleutian 126 -161.727	53.2893323704	52.5152257647	611.679532816
aleutian 127 -161.58	53.3190120308	52.4590324378	628.882740066
aleutian 128 -161.432	53.348511724	52.4043578743	638.608893297
aleutian 129 -161.302	53.4168218464	52.2441606742	647.461839929
aleutian 130 -161.154	53.4459805605	52.193885529	651.44918118
aleutian 131 -161.003	53.4706178087	52.1586554766	653.654688421
aleutian 132 -160.855	53.4992930753	52.1099487213	652.640405454
aleutian 133 -160.691	53.5017517824	52.1374599178	649.723815722
aleutian 134 -160.526	53.5040901896	52.1717281019	645.915169008
aleutian 135 -160.37	53.52797677	52.1555220755	642.180442737
aleutian 136 -160.212	53.5473030144	52.1446811075	639.502415288
aleutian 137 -160.064	53.5882194753	52.0848581198	635.625812277
aleutian 138 -159.906	53.6071205999	52.0809638803	631.473935517
aleutian 139 -159.744	53.6170849635	52.0996709261	627.318371069
aleutian 140 -159.599	53.6661357186	52.0148111825	623.417056861
aleutian 141 -159.449	53.7062705578	51.9612412648	618.905739028
aleutian 142 -159.291	53.7428677346	51.9130621723	614.975336722
aleutian 143 -159.132	53.7677055031	51.8933851233	610.837551428
aleutian 144 -158.978	53.7868656261	51.8929913932	605.443273248
aleutian 145 -158.828	53.814417593	51.8621155876	596.894383012
aleutian 146 -158.675	53.8374834203	51.850937359	588.780267054
aleutian 147 -158.522	53.8603552503	51.8297906238	583.757019045
aleutian 148 -158.392	53.9260695749	51.7265033167	595.977752291
aleutian 149 -158.243	53.9571928456	51.6878153272	600.030086866
aleutian 150 -158.1	54.0010584425	51.6280975661	601.142400837
aleutian 151 -157.94	54.0244880748	51.6182440572	601.762294831
aleutian 152 -157.755	54.0249738049	51.7114352358	602.924010094
aleutian 153 -157.594	54.0487773565	51.7521051472	606.425974535
aleutian 154 -157.433	54.0723651617	51.7940637218	612.088697479
aleutian 155 -157.275	54.0999131387	51.8244724713	624.637209331
aleutian 156 -157.119	54.1314320347	51.8518549145	648.800851237
aleutian 157 -156.957	54.1543792073	51.9014705319	692.245571135
aleutian 158 -156.817	54.2106178031	51.8675739837	762.91310471
aleutian 159 -156.669	54.2541245432	51.8622164422	860.940303914
aleutian 160 -156.506	54.2764772401	51.8403185464	984.503138982
aleutian 161 -156.374	54.3447858311	51.6151348229	1062.95785122
aleutian 162 -156.197	54.3457336753	51.4145679134	1138.49755786
aleutian 163 -156.026	54.378990626	51.354078899	1146.51124102
aleutian 164 -155.844	54.4015436069	51.3635526693	1149.18699303
aleutian 165 -155.685	54.4324351917	51.3449759329	1152.22751838
aleutian 166 -155.535	54.4752210035	51.2903218476	1154.67664588
aleutian 167 -155.393	54.5258997866	51.2270739947	1153.27637106
aleutian 168 -155.3265	54.5572186222	51.1455030545	1149.45031498
aleutian 169 -155.228897956	54.6188466777	50.9604511317	1137.19165117
aleutian 170 -155.131	54.6803960058	50.7119408068	1114.8940484
aleutian 171 -155.072604316	54.7526085747	50.5316108855	1080.11557836
aleutian 172 -155.014	54.8247929928	50.2998626452	1044.648708
aleutian 173 -154.973	54.8646443163	NaN	1025.54281064
aleutian 174 -154.868	54.9262066249	NaN	994.649256886
aleutian 175 -154.721	54.9550768031	NaN	972.684067334
aleutian 176 -154.582	54.9904715321	NaN	953.783296726
aleutian 177 -154.398	54.9910254079	NaN	944.914269306
aleutian 178 -154.277	55.0406133008	NaN	933.482204923
aleutian 179 -154.166	55.0979244796	NaN	923.581568015
aleutian 180 -154.025	55.1281444815	NaN	921.313002845
aleutian 181 -153.919	55.1847045875	NaN	914.558421901
aleutian 182 -153.808	55.2425852301	NaN	906.969889272
aleutian 183 -153.689	55.2928518356	NaN	897.932004069
aleutian 184 -153.577	55.3505233576	NaN	883.868166303
aleutian 185 -153.466	55.4080935195	NaN	867.075810794
aleutian 186 -153.358	55.4693305821	NaN	848.545827682
aleutian 187 -153.242	55.5229277804	NaN	833.649185258
aleutian 188 -153.107	55.567228821	NaN	825.167675957
aleutian 189 -152.96	55.6087855656	NaN	826.527911674
aleutian 190 -152.833	55.6581312485	NaN	832.960256908
aleutian 191 -152.706	55.7073461397	NaN	841.150742078
aleutian 192 -152.579	55.7564296493	NaN	843.012161777
aleutian 193 -152.457	55.8088154731	NaN	837.500758917
aleutian 194 -152.355	55.8748348172	NaN	827.719392212
aleutian 195 -152.237	55.9304400798	NaN	822.610102266
aleutian 196 -152.12	55.9631164326	NaN	823.183919079
aleutian 197 -152.004	55.9963198698	NaN	826.17149857
aleutian 198 -151.871	56.0447107101	NaN	830.977179342
aleutian 199 -151.804	56.0688338965	NaN	833.08881252
aleutian 200 -151.685419607	56.0286218012	NaN	851.491349485
aleutian 201 -151.567086339	55.9882962158	NaN	866.173993745
aleutian 202 -151.449	55.9478575489	NaN	874.826153615
aleutian 203 -151.331879542	55.9079861769	43.831580658	871.16841059
aleutian 204 -151.215	55.8680039013	43.9211359371	858.517271145
aleutian 205 -151.224182469	55.9621173278	44.0865055762	861.654998815
aleutian 206 -151.233409706	56.0562300685	NaN	852.468950157
aleutian 207 -151.242682089	56.1503421174	NaN	840.329656431
aleutian 208 -151.252	56.2444534687	NaN	826.741435573
aleutian 209 -151.187	56.2726632917	NaN	824.61707353
aleutian 210 -151.047	56.3075635562	NaN	825.420594589
aleutian 211 -150.954	56.3897143348	NaN	820.750009287
aleutian 212 -150.885	56.4067346026	NaN	822.458965726
aleutian 213 -150.716753234	56.4075799399	NaN	836.225209269
aleutian 214 -150.5485	56.40819757	NaN	854.513870461
aleutian 215 -150.493	56.4389372173	NaN	857.764353099
aleutian 216 -150.385	56.532659817	NaN	853.929600911
aleutian 217 -150.219	56.5616533721	NaN	855.518603441
aleutian 218 -150.089	56.6307490547	NaN	828.483147063
aleutian 219 -149.921	56.6585712127	NaN	803.731636613
aleutian 220 -149.787	56.7167284023	NaN	788.401447528
aleutian 221 -149.643	56.7671682846	NaN	778.750551386
aleutian 222 -149.504	56.8212351034	NaN	771.834636472
aleutian 223 -149.413	56.9168987158	NaN	783.837317315
aleutian 224 -149.273	56.9651835324	NaN	785.147571017
aleutian 225 -149.11	57.0032273885	NaN	791.809008167
aleutian 226 -148.973	57.0638140457	NaN	817.61444624
aleutian 227 -148.81	57.1067739275	NaN	861.713042129
aleutian 228 -148.652	57.1530240666	NaN	916.193100388
aleutian 229 -148.555	57.2411686492	NaN	946.952283103
aleutian 230 -148.427	57.3081717066	NaN	956.492177732
aleutian 231 -148.3565	57.335694012	NaN	958.677284031
aleutian 232 -148.191446469	57.3794013704	NaN	962.616532077
aleutian 233 -148.026	57.4228923303	NaN	963.886082608
aleutian 234 -147.972	57.4591066741	NaN	961.324577759
aleutian 235 -147.82	57.5104733368	NaN	961.34780132
aleutian 236 -147.71	57.5826770183	NaN	957.992595381
aleutian 237 -147.663	57.6848447713	NaN	949.940716405
aleutian 238 -147.491	57.7267996917	NaN	954.869225934
aleutian 239 -147.424	57.7597533973	NaN	955.625004657
aleutian 240 -147.273013867	57.7615622429	NaN	962.175352661
aleutian 241 -147.122013368	57.7631915457	NaN	969.34360406
aleutian 242 -146.971	57.764641278	39.3309707704	975.719390558
aleutian 243 -147.018366781	57.8655863572	NaN	968.704141243
aleutian 244 -147.066	57.9665136995	NaN	959.123345025
aleutian 245 -147.024	58.0062390819	NaN	959.919475198
aleutian 246 -146.957	58.0368656044	NaN	963.152101878
aleutian 247 -146.767713685	58.0772569953	NaN	975.110432718
aleutian 248 -146.578	58.1173670966	NaN	988.684219155
aleutian 249 -146.49	58.1399645453	NaN	993.348202192
aleutian 250 -146.383	58.2269360817	NaN	995.506034319
aleutian 251 -146.326	58.3260529248	NaN	994.603197414
aleutian 252 -146.325	58.4271322349	NaN	990.029810554
aleutian 253 -146.228	58.4995159197	NaN	993.166230817
aleutian 254 -146.13	58.5718247889	NaN	995.606250207
aleutian 255 -146.046	58.6485008457	NaN	999.472585412
aleutian 256 -145.962	58.72513994	NaN	1006.70669843
aleutian 257 -145.878	58.8017149647	NaN	1015.78369407
aleutian 258 -145.846	58.8938495514	NaN	1024.24130362
aleutian 259 -145.807	58.9837426425	NaN	1034.77206804
aleutian 260 -145.699	59.0534791105	NaN	1054.72606162
aleutian 261 -145.637	59.0860551638	NaN	1067.61522529
hikurangi 0 177.757331679	-41.4879268586	NaN	486.588320833
hikurangi 1 177.85932534	-41.4710936095	NaN	488.038139318
hikurangi 2 177.961265905	-41.4541703144	NaN	489.100538377
hikurangi 3 177.99348845	-41.4166461187	NaN	489.97031352
hikurangi 4 178.066375688	-41.4089394446	NaN	491.014290943
hikurangi 5 178.129961358	-41.3476241339	NaN	493.096684136
hikurangi 6 178.193427346	-41.2862738924	NaN	495.391244251
hikurangi 7 178.256755591	-41.2249141962	NaN	497.700434014
hikurangi 8 178.319965065	-41.1635198705	NaN	500.854347749
hikurangi 9 178.332667085	-41.1095925879	NaN	501.673450113
hikurangi 10 178.387248253	-41.0438735895	NaN	502.736835145
hikurangi 11 178.393384383	-40.948661451	NaN	506.228244668
hikurangi 12 178.424901261	-40.8652006112	NaN	508.638196929
hikurangi 13 178.444273144	-40.7744314442	129.062865466	511.048675505
hikurangi 14 178.526624395	-40.7087354702	129.027077375	513.443216101
hikurangi 15 178.613992909	-40.6451663934	128.988219564	515.596424219
hikurangi 16 178.659838846	-40.5662588449	128.948050164	518.051198045
hikurangi 17 178.662399899	-40.5141743071	128.920885809	521.06161045
hikurangi 18 178.65041613	-40.4300596478	128.876161129	528.740994624
hikurangi 19 178.638462301	-40.3459437543	128.833598299	538.257117175
hikurangi 20 178.73993924	-40.3057943751	128.787881243	544.625073863
hikurangi 21 178.841295483	-40.2655564418	128.754249577	554.950865253
hikurangi 22 178.851071143	-40.2162475919	128.723190033	566.195781446
hikurangi 23 178.94443935	-40.134537651	128.669637417	587.882576416
hikurangi 24 179.020571338	-40.0519118213	128.619424691	600.214938759
hikurangi 25 179.049736669	-39.9752931265	128.570158088	603.166016491
hikurangi 26 179.059317812	-39.9292487893	128.541604884	603.65844974
hikurangi 27 179.038776852	-39.8368095209	128.488265065	600.362758813
hikurangi 28 179.018291113	-39.7443666399	128.434445377	596.332204796
hikurangi 29 179.029935247	-39.7079500274	128.41107931	595.773059978
hikurangi 30 179.050797415	-39.6040288555	128.346765665	592.729059362
hikurangi 31 179.06497301	-39.5129858942	128.291675819	590.586500617
hikurangi 32 179.076864882	-39.4661823538	128.262462145	589.35027255
hikurangi 33 179.172489573	-39.4385050584	128.235880358	598.765156049
hikurangi 34 179.268038197	-39.4107495271	128.20890593	609.036895492
hikurangi 35 179.363510676	-39.3829158993	128.190059259	620.539147389
hikurangi 36 179.26667367	-39.3106900045	128.149003388	603.865952845
hikurangi 37 179.170036472	-39.2383840503	128.115823622	587.6377129
hikurangi 38 179.090792757	-39.1352816845	128.061888679	570.418061129
hikurangi 39 179.214674619	-39.1105624416	128.03439857	584.734084949
hikurangi 40 179.338469378	-39.0857121855	128.011024281	600.929408826
hikurangi 41 179.462176715	-39.0607311246	127.99068404	618.76984282
hikurangi 42 179.460477575	-39.0176219304	127.965023208	615.873949335
hikurangi 43 179.470412001	-38.9401024023	127.917135579	612.837518353
hikurangi 44 179.521102177	-38.8708786188	127.870416733	618.037828251
hikurangi 45 179.558605196	-38.7831742872	127.814045128	619.087444368
hikurangi 46 179.579616379	-38.6912013275	127.756760326	614.988265986
hikurangi 47 179.600679068	-38.6120507526	127.707159596	610.470973716
hikurangi 48 179.650345586	-38.5416755182	127.659339901	612.911806371
hikurangi 49 179.726891764	-38.4678403178	127.610247038	620.689980882
hikurangi 50 179.777351296	-38.3843436753	127.561085685	613.473519456
hikurangi 51 179.831344393	-38.2825620439	127.497142898	591.838598715
hikurangi 52 179.856051194	-38.1762841075	127.430706327	559.467786781
hikurangi 53 179.877403904	-38.0726418351	127.366045284	528.631820325
hikurangi 54 179.883761714	-38.0295729253	127.339485194	516.844907692
hikurangi 55 179.854023213	-37.9569342197	127.299093671	491.867246148
hikurangi 56 179.824343478	-37.8842880432	127.258097053	466.047812417
hikurangi 57 179.794722245	-37.8116344302	127.217499272	438.907532007
hikurangi 58 179.81967041	-37.7679591896	127.188830265	429.542165932
hikurangi 59 179.902196705	-37.6880882832	127.132633638	415.596608976
izu-bonin 0 143.471996059	24.5874097952	139.095060594	103.199788468
izu-bonin 1 143.371574137	24.634634426	138.930256882	112.300762908
izu-bonin 2 143.334523936	24.7248468141	138.750472692	113.197851049
izu-bonin 3 143.321236866	24.8311944246	138.568247199	111.005295355
izu-bonin 4 143.288064095	24.9240857268	138.393247464	110.819449445
izu-bonin 5 143.286404754	24.9240857268	138.391836775	110.953014673
izu-bonin 6 143.270663721	25.0090486631	138.249230351	109.54529348
izu-bonin 7 143.268725563	25.0090486631	138.247386935	109.690239894
izu-bonin 8 143.263238471	25.0953860966	138.10375758	107.699960417
izu-bonin 9 143.255519285	25.1827547634	137.956641261	106.255251505
izu-bonin 10 143.255519285	25.2694789454	137.817335069	104.731013202
izu-bonin 11 143.237841628	25.3559441715	137.662276171	104.641431027
izu-bonin 12 143.19525192	25.4417550638	137.48954556	106.314989575
izu-bonin 13 143.19525192	25.528475939	137.35038279	105.512166384
izu-bonin 14 143.204182595	25.6025239189	137.239283356	104.4436728
izu-bonin 15 143.226612125	25.6786436501	137.141959594	102.714733811
izu-bonin 16 143.226612125	25.7664608181	137.001270796	102.376984289
izu-bonin 17 143.216651489	25.8664106528	136.839813476	102.661331645
izu-bonin 18 143.216651489	25.9594281744	136.692765747	102.440399602
izu-bonin 19 143.23121733	26.0498472647	136.561728705	101.399090803
izu-bonin 20 143.255667078	26.1341924363	136.451844903	99.8164343331
izu-bonin 21 143.280293016	26.2315482852	136.312922357	98.1490544374
izu-bonin 22 143.335427453	26.3164136841	136.238766663	95.0807453815
izu-bonin 23 143.335427453	26.4047856084	136.233031095	94.4030363828
izu-bonin 24 143.327810452	26.4872669975	136.239320395	93.9192936829
izu-bonin 25 143.318619166	26.5697478404	136.55621305	93.365458131
izu-bonin 26 143.318619166	26.6530899737	137.221523141	92.2671909124
izu-bonin 27 143.328418025	26.7356842181	138.061265761	90.623798479
izu-bonin 28 143.328418025	26.8290783568	138.718468994	89.2070527554
izu-bonin 29 143.321316237	26.9197758166	139.215851497	88.1548615922
izu-bonin 30 143.312128962	27.0102897032	139.34338895	87.2543684119
izu-bonin 31 143.312128962	27.1012613131	139.723131718	85.9195684543
izu-bonin 32 143.328204487	27.1925052579	140.128191212	83.7673093221
izu-bonin 33 143.328204487	27.2832030867	140.591801979	82.6256474507
izu-bonin 34 143.32107457	27.3739005763	140.860576347	82.0627902859
izu-bonin 35 143.304287709	27.4674581457	141.08164756	82.2976244795
izu-bonin 36 143.303632715	27.5675562788	141.337462896	81.8008565946
izu-bonin 37 143.296195879	27.6636292594	141.59667476	82.0422774107
izu-bonin 38 143.296195879	27.760869634	141.915546	82.0385851563
izu-bonin 39 143.297182557	27.8581099663	142.24191516	82.1704296395
izu-bonin 40 143.297182557	27.96420255	142.574885146	82.5836206401
izu-bonin 41 143.271148558	28.0513737457	142.704743978	84.7051231746
izu-bonin 42 143.251964363	28.1350973426	142.841141285	86.5230098842
izu-bonin 43 143.227809019	28.2176954876	142.9347672	88.8118633613
izu-bonin 44 143.193726841	28.2980415687	142.973203858	92.0000841364
izu-bonin 45 143.169489898	28.3806295998	142.915325412	94.5859003053
izu-bonin 46 143.145215441	28.4632133972	142.771269395	97.2825734257
izu-bonin 47 143.078847919	28.543556711	142.558179225	104.428744462
izu-bonin 48 143.070384579	28.6420349058	142.349943152	105.815910038
izu-bonin 49 143.005150077	28.7083755483	142.157372998	114.056348519
izu-bonin 50 142.980601386	28.7904287787	141.963781214	117.606905936
izu-bonin 51 142.976737004	28.8862503228	141.766987698	117.563684562
izu-bonin 52 142.929017386	28.9584556454	141.603018059	123.197611735
izu-bonin 53 142.886257789	29.0242070343	141.456330998	128.104608214
izu-bonin 54 142.840392541	29.0907688664	141.29433911	133.858141262
izu-bonin 55 142.815371633	29.1728733793	141.11524703	135.355600699
izu-bonin 56 142.770700465	29.2494262981	140.924907881	142.023620717
izu-bonin 57 142.765210307	29.3370685707	140.747028947	139.44418502
izu-bonin 58 142.720430128	29.4136049679	140.562047292	148.541029978
izu-bonin 59 142.695234469	29.4956872921	140.384108357	153.57543528
izu-bonin 60 142.66999823	29.577764914	140.199027197	160.188203772
izu-bonin 61 142.654425785	29.6449582989	140.054551144	165.266787329
izu-bonin 62 142.63057163	29.7118142424	139.902492485	174.542902714
izu-bonin 63 142.609508455	29.7956189268	139.725763882	185.204916493
izu-bonin 64 142.578055338	29.878905966	139.545590339	189.771748894
izu-bonin 65 142.556913208	29.9627024606	139.365071666	327.497704047
izu-bonin 66 142.556479926	30.047530135	139.196869687	419.108527085
izu-bonin 67 142.528956115	30.1384251976	138.995549046	417.114066999
izu-bonin 68 142.481571517	30.2254395903	138.782758139	437.75660575
izu-bonin 69 142.436376259	30.3056256718	138.588050129	455.691845562
izu-bonin 70 142.395999044	30.3873490912	138.391339578	466.53356223
izu-bonin 71 142.380033726	30.4768291585	138.206919511	462.842923377
izu-bonin 72 142.378741473	30.5709682867	138.019830352	453.042460104
izu-bonin 73 142.303878384	30.6417851184	137.819780479	469.644641058
izu-bonin 74 142.290295316	30.72399182	137.646692544	462.866951861
izu-bonin 75 142.282534481	30.8026534132	137.492568803	456.485139457
izu-bonin 76 142.25768904	30.8877441801	137.314282766	453.127494428
izu-bonin 77 142.232799533	30.9728302335	137.136364563	450.200482095
izu-bonin 78 142.228773976	31.0595585673	136.960542575	450.496310343
izu-bonin 79 142.22474117	31.1462867751	136.781383517	453.731985132
izu-bonin 80 142.211451118	31.2309539385	136.607349492	461.128194092
izu-bonin 81 142.203017151	31.3189522859	136.434400735	469.83539061
izu-bonin 82 142.203017151	31.413942512	136.243796899	479.370553299
izu-bonin 83 142.154447731	31.5062025339	136.038177922	495.750771819
izu-bonin 84 142.151167612	31.6025593937	135.839456505	502.843113455
izu-bonin 85 142.151167612	31.6982317432	135.652805599	502.210096097
izu-bonin 86 142.126780785	31.7925326919	135.455351029	510.115563941
izu-bonin 87 142.107624425	31.8871731551	135.249667326	532.093076525
izu-bonin 88 142.104266332	31.9830156191	135.061861631	573.057877244
izu-bonin 89 142.086837088	32.0790404882	134.903635451	630.173722019
izu-bonin 90 142.085993373	32.1279948066	134.833378757	655.897702643
izu-bonin 91 142.115820052	32.2300048679	134.707049203	701.420523781
izu-bonin 92 142.145713765	32.3320079085	134.590033328	737.1781901
izu-bonin 93 142.138015547	32.3775529506	134.526972899	749.144454355
izu-bonin 94 142.118600018	32.4781925546	134.387448195	770.440857762
izu-bonin 95 142.10043984	32.5639195137	134.267114359	784.950213644
izu-bonin 96 142.044284371	32.6435761875	134.138874697	796.345345874
izu-bonin 97 142.038161922	32.7306366766	134.022155545	806.45366558
izu-bonin 98 142.038161922	32.817498552	133.909858323	813.833493972
izu-bonin 99 142.061864143	32.903961113	133.807572612	817.611403651
izu-bonin 100 142.08794867	32.9894982185	133.708795467	818.724186137
izu-bonin 101 142.095659538	33.0772800497	133.597811374	816.39310737
izu-bonin 102 142.08794867	33.1640392829	133.482230074	811.650599942
izu-bonin 103 142.08128888	33.260240369	133.353120654	804.500451508
izu-bonin 104 142.022754507	33.3526184557	133.201765725	809.36986356
izu-bonin 105 141.992058461	33.4429162867	133.070150012	812.094698588
izu-bonin 106 141.982055009	33.5381232189	132.940958884	812.663899869
izu-bonin 107 141.930474458	33.6234892511	132.797864161	826.558516224
izu-bonin 108 141.92641024	33.6670972287	132.742327092	828.254792829
izu-bonin 109 141.960174804	33.7468720953	132.658662317	820.477975451
izu-bonin 110 141.994002239	33.8266377537	132.57234799	810.926283134
izu-bonin 111 141.952878746	33.8705435413	132.493321954	825.71184751
izu-bonin 112 141.950540869	33.9559002331	132.379984991	828.284673911
izu-bonin 113 141.950540869	34.0405112225	132.271977318	828.711536891
japan 0 144.602697631	40.704691338	132.474718807	892.663552407
japan 1 144.540882309	40.6028191448	132.585571741	918.643486852
japan 2 144.479255155	40.5009140982	132.69367525	965.314301803
japan 3 144.450158035	40.4552622986	132.747243603	995.782482487
japan 4 144.404601104	40.3653833125	132.849533079	1047.83399936
japan 5 144.391438477	40.2777976382	132.942117431	1054.02003375
japan 6 144.373161907	40.1926971905	133.029003455	1075.98309034
japan 7 144.351081005	40.1262028246	133.089506744	1110.12532352
japan 8 144.323280224	40.0608424651	133.146414413	1157.47749351
japan 9 144.303260482	39.9933906501	133.207932351	1192.91297617
japan 10 144.303260482	39.9228229287	133.277317868	1191.61949448
japan 11 144.300400552	39.8406241572	133.370450661	1195.5009105
japan 12 144.271766603	39.7653572045	133.448511067	1252.22072733
japan 13 144.248017425	39.662493631	133.555581266	1300.08449662
japan 14 144.224346399	39.5575893245	133.675055247	1344.79814329
japan 15 144.224346399	39.4666873042	133.786527759	1333.9507515
japan 16 144.231957926	39.3716086019	133.896440088	1298.2750463
japan 17 144.231957926	39.2890605822	133.988810346	1274.79046238
japan 18 144.211886627	39.2061823792	134.0676029	1288.38592259
japan 19 144.211467452	39.1633049997	134.115086982	1269.78400789
japan 20 144.196402173	39.0584757863	134.221437109	1244.65991296
japan 21 144.181381563	38.9536446405	134.31719277	1203.15911842
japan 22 144.163940694	38.9001762525	134.364868778	1196.78679924
japan 23 144.140599174	38.8000840062	134.470800265	1152.85655203
japan 24 144.117349808	38.7001075526	134.581795135	1093.14624081
japan 25 144.106717947	38.61206852	134.677386736	1009.42458596
japan 26 144.09639472	38.5243273008	134.772123656	918.147634287
japan 27 144.090322134	38.4315492515	134.879450143	811.162904759
japan 28 144.085675592	38.341779337	134.982089118	713.08930343
japan 29 144.03495348	38.249825549	135.082277049	674.301180052
japan 30 144.012693732	38.1547915645	135.211090772	603.061722849
japan 31 144.010900883	38.0762686148	135.327516838	545.068862455
japan 32 143.997465487	37.997146257	135.433137293	507.751281706
japan 33 143.987825923	37.9572634825	135.488450491	494.107981515
japan 34 143.960324775	37.8837421136	135.587054698	477.645540139
japan 35 143.932878487	37.81021436	135.684203401	466.596730082
japan 36 143.894475287	37.7371565276	135.783106974	461.258368508
japan 37 143.856147813	37.664086261	135.892859435	456.86858726
japan 38 143.847177312	37.6226324978	135.952396313	449.905921917
japan 39 143.781628807	37.5545815749	136.044952422	453.337635076
japan 40 143.758783609	37.474192293	136.146362866	440.275278473
japan 41 143.731288443	37.3699313784	136.28374855	434.673849761
japan 42 143.67334204	37.2774640798	136.407758899	451.963870068
japan 43 143.633795392	37.2010936984	136.504164601	475.131049913
japan 44 143.583667202	37.127694823	136.596102541	510.368846718
japan 45 143.5231791	37.0576286951	136.684406964	558.438903287
japan 46 143.46292813	36.9599126826	136.813335984	607.719815399
japan 47 143.408	36.8604	136.940387498	644.312164936
japan 48 143.343525813	36.797975056	137.017950463	693.712675098
japan 49 143.289182025	36.7314752516	137.10730366	725.172113532
japan 50 143.256038374	36.6583969653	137.203327842	722.613196471
japan 51 143.19076011	36.5978814909	137.283452192	754.48170285
japan 52 143.118340224	36.5368779515	137.364430784	790.559777767
japan 53 143.041995811	36.4498424947	137.476771336	805.181322757
japan 54 143.004867972	36.4148560652	137.53153	819.413414313
japan 55 142.95242688	36.331959897	137.607314236	803.996304099
japan 56 142.900097282	36.2490408688	137.538726702	789.358677702
japan 57 142.848030656	36.1862731072	136.983181253	803.874393667
japan 58 142.796047429	36.1234828351	135.800812685	824.41634212
japan 59 142.775221051	36.1030782403	135.475204511	839.21328507
japan 60 142.707783166	36.0481045098	135.397532973	900.527639678
japan 61 142.622967638	35.9892787238	135.124349422	995.027115936
japan 62 142.588983819	35.9665393619	134.82973538	1036.44266978
japan 63 142.667322614	35.9041582925	134.890790557	810.248467612
japan 64 142.745537956	35.841726425	134.868085454	620.415834023
japan 65 142.82363022	35.7792439556	134.93599003	500.605686393
japan 66 142.901599785	35.7167110799	134.936121768	444.083619572
japan 67 142.901599785	35.7167110799	134.936121768	444.083619572
japan 68 142.800061736	35.702289293	133.459274869	502.018981428
japan 69 142.698560523	35.6877822626	132.37443885	606.609018705
japan 70 142.597096329	35.6731900651	132.069170027	766.588442514
japan 71 142.495669337	35.6585127776	131.880026909	954.266465459
japan 72 142.394279729	35.6437504772	131.534770935	1139.90062598
japan 73 142.373836489	35.5976129182	131.165013894	1154.34490527
japan 74 142.339379042	35.4959964512	130.708906248	1173.26839182
japan 75 142.263075792	35.4220346849	130.691637219	1274.25374045
japan 76 142.242037896	35.3776673424	130.725871148	1292.65060785
japan 77 142.205495561	35.2703609431	130.834574422	1306.8272059
japan 78 142.169049911	35.1630435855	130.958058065	1302.82763652
japan 79 142.163678845	35.1119655429	130.998147904	1274.69353227
japan 80 142.141644917	35.0638093988	131.044554148	1268.66834194
japan 81 142.139785924	34.97113301	131.157582087	1192.82806582
japan 82 142.130617607	34.9250679287	131.210080658	1163.41940737
japan 83 142.113917561	34.8463728711	131.304100793	1111.91243512
japan 84 142.097249423	34.7676755354	131.401014865	1058.74894713
japan 85 142.099572342	34.6850846683	131.509220389	990.394141356
japan 86 142.101890632	34.6024937572	131.617605338	931.409655796
japan 87 142.089088256	34.5518624445	131.67717712	906.299880082
japan 88 142.033859993	34.470848099	131.750752677	880.557562716
japan 89 142.016818951	34.3854034198	131.855205395	847.909052962
kermadec 0 -179.485	-36.7902684627	126.543717953	328.131009714
kermadec 1 -179.472	-36.7451478305	126.516645472	328.331872952
kermadec 2 -179.398	-36.6772802573	126.476264071	346.027160649
kermadec 3 -179.357	-36.5937244113	126.423141337	353.632766539
kermadec 4 -179.322	-36.5079213255	126.367181321	363.330428427
kermadec 5 -179.272	-36.4288045285	126.314914684	377.847270153
kermadec 6 -179.217	-36.3518970753	126.263427021	392.985850015
kermadec 7 -179.161	-36.26250806	126.201865108	409.023188035
kermadec 8 -179.078	-36.1841204831	126.145737015	428.471318827
kermadec 9 -179.052	-36.0993196124	126.091257584	438.549530997
kermadec 10 -178.981	-36.0299865927	126.033124334	453.295454488
kermadec 11 -178.961	-35.9434482841	125.9783536	464.292436013
kermadec 12 -178.864	-35.8826309048	125.880894249	479.056196716
kermadec 13 -178.844	-35.7960734879	125.718439279	488.855853273
kermadec 14 -178.844	-35.711224332	125.547199254	496.142861758
kermadec 15 -178.819	-35.619005605	125.343502836	500.681371293
kermadec 16 -178.826	-35.5940020834	125.300839927	500.948037513
kermadec 17 -178.820995558	-35.5227047723	125.161319729	502.736173918
kermadec 18 -178.816	-35.4514072549	125.022386877	504.575269435
kermadec 19 -178.734463566	-35.4154132135	124.880247145	504.992413478
kermadec 20 -178.653	-35.3793644214	124.736739461	505.052408854
kermadec 21 -178.653	-35.3793644214	124.736739461	505.052408854
kermadec 22 -178.65274968	-35.2755777692	124.534581647	504.417025315
kermadec 23 -178.6525	-35.1717911164	124.339442714	504.865014603
kermadec 24 -178.6525	-35.1717911164	124.339442714	504.865014603
kermadec 25 -178.554664704	-35.100695004	124.108620075	504.264334754
kermadec 26 -178.457	-35.0295204368	123.888193199	504.530901093
kermadec 27 -178.414	-34.9864300662	123.765856591	502.773498053
kermadec 28 -178.399	-34.9051056565	123.599063129	501.556293392
kermadec 29 -178.374	-34.8260636662	123.420127092	497.598435948
kermadec 30 -178.363	-34.7625672743	123.287381406	491.435087594
kermadec 31 -178.349	-34.6839941944	123.123497585	481.872617396
kermadec 32 -178.321	-34.6104819564	122.958968835	470.509937286
kermadec 33 -178.243	-34.5462406088	122.766425955	459.909994186
kermadec 34 -178.196	-34.4627017014	122.566007327	446.513806475
kermadec 35 -178.182	-34.3729226321	122.380939786	434.266880012
kermadec 36 -178.163	-34.2715903689	122.16480704	422.353828527
kermadec 37 -178.144	-34.1615521743	121.936605429	405.66038554
kermadec 38 -178.133	-34.0610974604	121.735894479	386.176341061
kermadec 39 -178.085	-33.96618024	121.510044576	360.734624657
kermadec 40 -178.042	-33.9000991696	121.343987242	340.830234355
kermadec 41 -178.023	-33.8547388898	121.238867728	329.28463543
kermadec 42 -177.993	-33.7725163138	121.050656297	311.462222843
kermadec 43 -177.967	-33.6876907257	120.8661462	294.631266429
kermadec 44 -177.928	-33.602471378	120.669449372	279.191191476
kermadec 45 -177.891	-33.5188442656	120.469613786	267.087626506
kermadec 46 -177.857	-33.4410983499	120.291287209	256.520374819
kermadec 47 -177.813	-33.366437695	120.106997973	247.421979681
kermadec 48 -177.768	-33.2917614238	119.925821419	240.916186244
kermadec 49 -177.748	-33.2064731623	119.741111779	234.289934433
kermadec 50 -177.697	-33.1264636185	119.539941901	227.710049971
kermadec 51 -177.691	-33.0407773993	119.369060542	224.02997719
kermadec 52 -177.689	-32.9529616538	119.2020094	220.330525432
kermadec 53 -177.662	-32.8715306865	119.018506028	216.218871505
kermadec 54 -177.622	-32.7922171738	118.822181079	214.076458193
kermadec 55 -177.565	-32.7066051125	118.613101316	211.307121546
kermadec 56 -177.529	-32.6004841615	118.375754448	208.501096608
kermadec 57 -177.5115	-32.5515461743	118.267939558	207.145847965
kermadec 58 -177.455189188	-32.4541568323	118.02890917	204.864022253
kermadec 59 -177.399	-32.3567424844	117.786247232	204.341448615
kermadec 60 -177.392	-32.3075494079	117.68710179	203.419733077
kermadec 61 -177.392	-32.2560430309	117.589932986	201.35712996
kermadec 62 -177.372	-32.1884571686	117.442798631	200.447417765
kermadec 63 -177.372	-32.0850680338	117.235595704	197.568783787
kermadec 64 -177.362	-32.0651393833	117.188488641	197.864514062
kermadec 65 -177.362	-32.0651393833	117.188488641	197.864514062
kermadec 66 -177.330477055	-31.9983492526	117.034293487	199.159520622
kermadec 67 -177.299	-31.9315513394	116.879061253	197.895906883
kermadec 68 -177.226	-31.8426373911	116.638580485	197.500280192
kermadec 69 -177.199	-31.7918213582	116.513209173	195.950146789
kermadec 70 -177.183732981	-31.6882444387	116.301188215	186.831868305
kermadec 71 -177.1685	-31.5846657049	116.092263188	174.916947031
kermadec 72 -177.1685	-31.5846657049	116.092263188	174.916947031
kermadec 73 -177.058206449	-31.547848658	115.923168553	186.384238962
kermadec 74 -176.948	-31.5109370192	115.75439117	195.335885879
kermadec 75 -177.004041472	-31.4415476447	115.666666086	180.089562387
kermadec 76 -177.06	-31.3721339116	115.58714244	159.307499238
kermadec 77 -176.962959481	-31.3328568939	115.41788268	171.458262548
kermadec 78 -176.866	-31.2935069353	115.256987091	180.182220383
kermadec 79 -176.813	-31.263453751	115.152000189	182.59873354
kermadec 80 -176.805	-31.1707774885	114.966487372	165.049984126
kermadec 81 -176.8025	-31.1276741507	114.877151412	155.799910496
kermadec 82 -176.829778797	-31.0270165456	114.710140514	134.72608135
kermadec 83 -176.857	-30.9263532161	114.543643636	147.316049044
kermadec 84 -176.846	-30.8850144098	114.471701596	164.569675443
kermadec 85 -176.818	-30.8044907091	114.267032595	209.967589147
kermadec 86 -176.768	-30.7347436175	114.077933921	241.434120323
kermadec 87 -176.767	-30.6491585117	113.924977054	326.130147408
kermadec 88 -176.713	-30.5711544595	113.587482472	372.231870544
kermadec 89 -176.673	-30.4835468915	113.328672041	438.583812277
kermadec 90 -176.622	-30.3988656915	113.035561657	484.012446979
kermadec 91 -176.571	-30.3135662682	112.742077988	515.244511472
kermadec 92 -176.529	-30.2248735792	112.455682733	544.623078378
kermadec 93 -176.484	-30.1384556359	112.161309724	554.881619603
kermadec 94 -176.483	-30.0350166943	111.856158928	644.491828933
kermadec 95 -176.429	-29.9519818974	111.598197483	663.253231328
kermadec 96 -176.368	-29.870763902	111.302369693	650.658874499
kermadec 97 -176.321	-29.7918993167	111.015139839	636.139540145
kermadec 98 -176.303	-29.7029961909	110.751714966	681.744182061
kermadec 99 -176.261	-29.6223105561	110.479600241	650.257101004
kermadec 100 -176.205	-29.5465369703	110.184630247	578.776341001
kermadec 101 -176.163	-29.4666899627	109.906756675	549.137933965
kermadec 102 -176.143	-29.3876232232	109.665721108	574.58952893
kermadec 103 -176.118	-29.3083043991	109.410765812	579.567620322
kermadec 104 -176.113	-29.2261060249	109.160164876	615.467868469
kermadec 105 -176.093	-29.1460633414	108.903071248	575.66550922
kermadec 106 -176.072	-29.0677004695	108.655298042	487.029851728
kermadec 107 -176.063	-28.970639358	108.37103265	331.010575935
kermadec 108 -176.031	-28.8820770131	108.071328635	170.135660674
kermadec 109 -176.001	-28.7917638603	107.765199769	94.1855390275
kermadec 110 -175.98	-28.6998705445	107.464327585	67.2320140913
kermadec 111 -175.923	-28.620242937	107.187370723	65.7411809139
kermadec 112 -175.911	-28.5316223322	106.906258692	61.3071971923
kermadec 113 -175.884	-28.4459332475	106.621439168	61.1289640615
kermadec 114 -175.842	-28.3631668982	106.333729852	63.2411541256
kermadec 115 -175.83	-28.2736119192	106.045174001	60.6891816834
kermadec 116 -175.8075	-28.2272689077	105.881790321	61.7019889898
kermadec 117 -175.815007038	-28.1266810019	105.573758155	51.0106019951
kermadec 118 -175.8225	-28.026092688	105.261544328	36.2894161264
kermadec 119 -175.805	-27.9793622829	105.096879926	32.3830448047
kermadec 120 -175.785	-27.8858926441	104.787984016	26.6706698777
kermadec 121 -175.77	-27.7843	104.475447379	26.0386712143
kermadec 122 -175.731	-27.7122194673	104.220975997	31.0469260664
kermadec 123 -175.7	-27.6307805089	103.9354172	38.0541923651
kermadec 124 -175.688	-27.5418660492	103.648600366	39.5944081265
kermadec 125 -175.662	-27.4585510288	103.379758913	41.2752292918
kermadec 126 -175.65	-27.3714993203	103.091599957	42.3219395635
kermadec 127 -175.645	-27.2844158217	102.83475209	43.3266107558
kermadec 128 -175.618	-27.2002650515	102.536422863	43.007271978
kermadec 129 -175.589	-27.1080721836	102.258370859	39.5488790367
kermadec 130 -175.584	-27.0097946449	NaN	42.6096312011
kermadec 131 -175.56	-26.9163795083	NaN	43.0669789322
kermadec 132 -175.52	-26.8436880684	101.346641647	41.1885178981
kermadec 133 -175.51	-26.7775458192	101.11890457	42.0454127858
kermadec 134 -175.495	-26.6927359068	100.867973867	39.6249320048
kermadec 135 -175.464	-26.6072706197	100.609735228	33.4251208504
kermadec 136 -175.438	-26.5220178429	100.348682275	28.7793394045
kermadec 137 -175.418	-26.437127885	100.093812935	24.646017892
kermadec 138 -175.416	-26.3547982644	99.8419690711	22.2412022402
kermadec 139 -175.41	-26.272396226	99.5879726322	22.0048973208
kermadec 140 -175.393	-26.1901489094	99.3394128751	23.3366731349
kermadec 141 -175.352	-26.1082813735	99.0866086936	22.6671098576
kermadec 142 -175.352	-26.0284431509	98.8439421348	26.1832469402
kermadec 143 -175.383	-25.9277168288	98.5539466046	34.7020285016
kermadec 144 -175.386	-25.8782749834	98.4129184918	37.3099603165
kermadec 145 -175.285450162	-25.8195855101	98.2030726263	27.4732523245
kermadec 146 -175.185	-25.7608269236	97.9867508342	20.134118212
kermadec 147 -175.221024854	-25.6785611181	97.7534068465	23.1508843287
kermadec 148 -175.257	-25.5962864791	97.520425317	27.7303265917
kermadec 149 -175.233	-25.547840491	97.3656187653	25.2846999422
kermadec 150 -175.189	-25.4437468148	97.0375064658	22.2849012511
kermadec 151 -175.189	-25.3430715536	96.7354167131	22.6183872511
kermadec 152 -175.171	-25.2456026849	96.4385885208	20.1501053341
kermadec 153 -175.161	-25.1531972428	96.1573150108	22.1597896577
kermadec 154 -175.147	-25.0480076132	95.8303061281	22.9508466072
kermadec 155 -175.13	-24.9484232283	95.5240598058	26.8589818721
kermadec 156 -175.13	-24.8427636632	95.2075678843	33.1193015356
kermadec 157 -175.14	-24.7489139378	94.9291972645	33.1863434147
kermadec 158 -175.17	-24.656283046	94.6560833563	29.6629857603
kermadec 159 -175.194	-24.5638696258	94.3861610015	27.9380295227
kermadec 160 -175.194	-24.4737755138	94.1297968858	29.1448740807
kermadec 161 -175.154	-24.3989749248	93.8865500275	28.6722864376
kermadec 162 -175.137	-24.3175530589	93.6407411081	27.66361333
kermadec 163 -175.13	-24.2340096783	93.3878133258	29.7408604469
kermadec 164 -175.123	-24.1504659752	93.140950252	31.3008073745
kermadec 165 -175.107	-24.0688541523	92.8991234937	30.3638843995
kermadec 166 -175.082	-23.9872069513	92.6601395639	29.8637991658
kermadec 167 -175.039	-23.9114356504	92.416001692	28.337593654
kuril-kamchatka 0 144.711384284	40.9220771579	132.226029124	926.33309184
kuril-kamchatka 1 144.762184386	41.0180834339	132.119822399	956.101019438
kuril-kamchatka 2 144.817362462	41.1108947588	132.022386007	988.092354664
kuril-kamchatka 3 144.889623822	41.1909797561	131.94677306	1000.43444273
kuril-kamchatka 4 144.946995679	41.2151060438	131.93905189	964.936860278
kuril-kamchatka 5 145.087184211	41.244188292	131.956343559	850.70296231
kuril-kamchatka 6 145.227497213	41.2731003576	131.980219134	767.835000855
kuril-kamchatka 7 145.280846175	41.3002576272	131.970547314	767.13455995
kuril-kamchatka 8 145.391971538	41.3513037527	131.949728768	759.164330482
kuril-kamchatka 9 145.473780783	41.424639023	131.886631286	798.950426054
kuril-kamchatka 10 145.593694272	41.4690919139	131.877257375	770.661892064
kuril-kamchatka 11 145.680092842	41.5390767495	131.820539836	790.176291199
kuril-kamchatka 12 145.796151535	41.586524766	131.806558126	763.705961255
kuril-kamchatka 13 145.90564791	41.6230401473	131.791751175	733.071297958
kuril-kamchatka 14 145.991046229	41.6733246792	131.770517979	728.708495703
kuril-kamchatka 15 146.107061451	41.7132595749	131.765969005	700.482926023
kuril-kamchatka 16 146.200816962	41.774258071	131.725945782	706.383940238
kuril-kamchatka 17 146.309682409	41.8210472413	131.717093375	699.60816466
kuril-kamchatka 18 146.441133693	41.8465456451	131.733764045	675.54866888
kuril-kamchatka 19 146.568897794	41.8754410326	131.740473584	653.490831504
kuril-kamchatka 20 146.644634197	41.9537729955	131.669247611	663.832411055
kuril-kamchatka 21 146.750330656	42.0036859346	131.650182186	641.032202538
kuril-kamchatka 22 146.856193421	42.0535010256	131.627341059	607.713835142
kuril-kamchatka 23 146.949640635	42.0962396673	131.609906354	572.224560171
kuril-kamchatka 24 147.042360972	42.1474357542	131.583155093	541.631684057
kuril-kamchatka 25 147.124044861	42.2310916422	131.50703121	532.615607063
kuril-kamchatka 26 147.242981126	42.2735052997	131.496822552	514.829886868
kuril-kamchatka 27 147.368796286	42.3082988145	131.468048432	505.227841665
kuril-kamchatka 28 147.484689207	42.3542089491	130.928388138	498.21156619
kuril-kamchatka 29 147.574119082	42.4409726527	130.167943516	487.273710138
kuril-kamchatka 30 147.647892741	42.5300763054	129.572405837	494.023455395
kuril-kamchatka 31 147.750209523	42.5788313769	128.815681187	500.813880005
kuril-kamchatka 32 147.852686719	42.6274947197	127.687155345	498.488186984
kuril-kamchatka 33 147.926831924	42.7053139921	127.110444368	499.623804163
kuril-kamchatka 34 148.008289877	42.7757691221	127.064486253	494.667683013
kuril-kamchatka 35 148.111296423	42.8242002935	127.055929839	487.869654064
kuril-kamchatka 36 148.21446469	42.8725385325	127.049934446	502.219005981
kuril-kamchatka 37 148.30002772	42.9391207701	127.013533723	527.846487798
kuril-kamchatka 38 148.403537204	42.9872882839	126.997699407	542.350846608
kuril-kamchatka 39 148.491334251	43.0547018568	126.959920184	566.14037923
kuril-kamchatka 40 148.57858102	43.11810121	126.926861216	581.235283099
kuril-kamchatka 41 148.667729082	43.1767915671	126.891588719	580.22116203
kuril-kamchatka 42 148.76431723	43.2281435663	126.876822925	562.557227828
kuril-kamchatka 43 148.842908242	43.2976002291	126.823662952	560.866537114
kuril-kamchatka 44 148.936206073	43.35244392	126.801851683	540.798646282
kuril-kamchatka 45 149.02967286	43.407211397	126.775635884	522.456882726
kuril-kamchatka 46 149.119682699	43.4655482087	126.747408	511.580145845
kuril-kamchatka 47 149.224361282	43.5092186635	126.740589391	507.368406002
kuril-kamchatka 48 149.314711799	43.567401888	126.714599452	513.695261313
kuril-kamchatka 49 149.39469148	43.6311554506	126.681165713	529.209038882
kuril-kamchatka 50 149.476621816	43.6955564225	126.39184614	556.282931952
kuril-kamchatka 51 149.592126989	43.7273276661	125.879713503	559.12108483
kuril-kamchatka 52 149.684438145	43.785576922	125.639644105	582.304081556
kuril-kamchatka 53 149.783588146	43.8361482081	125.42567807	593.989319746
kuril-kamchatka 54 149.876254782	43.8942426327	125.213965358	624.866172154
kuril-kamchatka 55 149.995676968	43.9218013976	124.991589024	620.235858453
kuril-kamchatka 56 150.09531815	43.9721021913	124.779501418	656.014982965
kuril-kamchatka 57 150.198440984	44.0185023085	124.571781965	677.588712822
kuril-kamchatka 58 150.295107684	44.0724427908	124.357406039	708.102532027
kuril-kamchatka 59 150.393694037	44.1270968999	124.141767334	717.347215988
kuril-kamchatka 60 150.509500496	44.1724890543	123.91450226	658.978240079
kuril-kamchatka 61 150.62035102	44.2207225966	123.68390214	591.514929107
kuril-kamchatka 62 150.741891103	44.2576526797	123.449835866	547.666135706
kuril-kamchatka 63 150.870575655	44.2869815417	123.218811695	529.755204925
kuril-kamchatka 64 150.974995806	44.3423624913	122.991218517	578.049802295
kuril-kamchatka 65 151.07945558	44.3976356128	122.773885884	651.181011611
kuril-kamchatka 66 151.204993052	44.4303261384	122.531714039	649.278651391
kuril-kamchatka 67 151.320230499	44.4741242033	122.322016098	645.663639204
kuril-kamchatka 68 151.414777357	44.5403153021	122.102240983	701.291588603
kuril-kamchatka 69 151.51887475	44.605550052	121.88239308	743.406916617
kuril-kamchatka 70 151.653753644	44.6407754676	121.77062736	678.337500438
kuril-kamchatka 71 151.708667849	44.6656385233	121.705378707	677.354211196
kuril-kamchatka 72 151.828322905	44.7064552158	121.673692966	662.229294372
kuril-kamchatka 73 151.948146564	44.7471467965	121.674857609	623.679772415
kuril-kamchatka 74 151.972137737	44.8002857573	121.433271087	672.242592386
kuril-kamchatka 75 152.070882177	44.860364419	121.281260971	637.793950545
kuril-kamchatka 76 152.1853728	44.9061305882	121.255893364	603.867137791
kuril-kamchatka 77 152.280640364	44.9695845644	121.081558863	659.480008016
kuril-kamchatka 78 152.383417419	45.0312907051	120.939063734	699.76946508
kuril-kamchatka 79 152.49262063	45.095190259	120.792796951	702.167902974
kuril-kamchatka 80 152.627267753	45.1328758629	120.844798366	648.093941465
kuril-kamchatka 81 152.737780951	45.1912406977	120.731540381	662.948493574
kuril-kamchatka 82 152.84041871	45.2564510846	120.562757891	685.406625189
kuril-kamchatka 83 152.93114033	45.3320080526	120.305634061	704.560260575
kuril-kamchatka 84 153.042380233	45.390091512	120.197183937	637.509495539
kuril-kamchatka 85 153.141627946	45.4585130655	119.993268977	605.895995479
kuril-kamchatka 86 153.232996172	45.5338132714	119.741788961	632.318100965
kuril-kamchatka 87 153.328657918	45.6055473928	119.5228253	682.075182912
kuril-kamchatka 88 153.424564979	45.6772012268	119.291048706	702.624597215
kuril-kamchatka 89 153.480731849	45.7059878672	119.239376657	664.130669855
kuril-kamchatka 90 153.583113776	45.7814799458	119.001631041	583.322535654
kuril-kamchatka 91 153.685773165	45.8568803373	118.765387449	528.261429134
kuril-kamchatka 92 153.753683905	45.8810520418	118.75905399	512.375598034
kuril-kamchatka 93 153.826740939	45.9547637598	118.471743692	504.618834997
kuril-kamchatka 94 153.929562473	46.0109278744	118.34329196	501.780297704
kuril-kamchatka 95 154.027666609	46.0699210438	118.191030045	501.494419911
kuril-kamchatka 96 154.106269463	46.1405316829	117.929306733	502.443881082
kuril-kamchatka 97 154.190005276	46.2081595436	117.704157199	502.080498033
kuril-kamchatka 98 154.288741606	46.2669280661	117.548471169	502.709540496
kuril-kamchatka 99 154.361499783	46.3460232437	117.230352668	502.263534643
kuril-kamchatka 100 154.447767556	46.4149511616	116.992329001	502.640319173
kuril-kamchatka 101 154.525722417	46.4836786008	116.714596124	501.495833786
kuril-kamchatka 102 154.634741471	46.535703783	116.459965874	498.72450402
kuril-kamchatka 103 154.687373826	46.6181955023	116.065571814	494.812491984
kuril-kamchatka 104 154.786523818	46.675631105	115.670675636	491.500121303
kuril-kamchatka 105 154.854920892	46.7496430184	115.375099622	488.186816375
kuril-kamchatka 106 154.928789855	46.82081931	115.122551682	483.642054318
kuril-kamchatka 107 155.038985468	46.8724309538	115.07216509	476.509407699
kuril-kamchatka 108 155.108177715	46.9463418168	114.867203039	486.114688295
kuril-kamchatka 109 155.16208666	47.0286183844	114.599882046	495.275856606
kuril-kamchatka 110 155.231653072	47.102454469	114.397489399	498.788460975
kuril-kamchatka 111 155.313671984	47.1651339657	114.259484197	499.526619146
kuril-kamchatka 112 155.37075453	47.2433338299	114.069458099	499.647852129
kuril-kamchatka 113 155.441286789	47.318181874	113.940544383	498.697521929
kuril-kamchatka 114 155.531943958	47.3810894036	113.896736606	496.870417585
kuril-kamchatka 115 155.622817897	47.4439250772	113.838503343	495.622116689
kuril-kamchatka 116 155.703945124	47.512653296	113.783170303	496.188824881
kuril-kamchatka 117 155.770329115	47.590280074	113.708213407	497.55476401
kuril-kamchatka 118 155.851905054	47.6589243182	113.653512487	496.963861363
kuril-kamchatka 119 155.923607535	47.7334873943	113.579566	498.915961948
kuril-kamchatka 120 156.000484726	47.8049918182	113.513214348	499.772458526
kuril-kamchatka 121 156.097563478	47.8644569038	113.478501646	499.615010371
kuril-kamchatka 122 156.169876547	47.9388451287	113.407379685	501.525794395
kuril-kamchatka 123 156.242398186	48.013187755	113.331912741	502.254691908
kuril-kamchatka 124 156.340147727	48.0724476381	113.294963433	502.743096912
kuril-kamchatka 125 156.447498213	48.125138601	113.266771393	502.412760531
kuril-kamchatka 126 156.546946081	48.1898896242	113.228416509	501.845353055
kuril-kamchatka 127 156.617610809	48.2733896214	113.137825472	502.693191942
kuril-kamchatka 128 156.698395025	48.3507059229	113.062571755	500.376877612
kuril-kamchatka 129 156.789315624	48.4218174202	112.993787636	497.01826064
kuril-kamchatka 130 156.895326815	48.4836216855	112.951968964	493.183160513
kuril-kamchatka 131 156.971922238	48.5638243215	112.870984563	494.477500922
kuril-kamchatka 132 157.06004125	48.6388142468	112.796766577	495.085325963
kuril-kamchatka 133 157.183320504	48.6978134488	112.766481134	490.13697338
kuril-kamchatka 134 157.289611671	48.7640816217	112.715442058	491.003279
kuril-kamchatka 135 157.390852158	48.8330626948	112.659258978	494.356972468
kuril-kamchatka 136 157.487038111	48.9047702174	112.597845799	494.673497811
kuril-kamchatka 137 157.578164046	48.9792170811	112.527740621	500.749943596
kuril-kamchatka 138 157.701631366	49.036678269	112.497994005	523.67665405
kuril-kamchatka 139 157.819920245	49.0968516035	112.453323522	556.150962277
kuril-kamchatka 140 157.911752966	49.1710342681	112.386887994	590.573975479
kuril-kamchatka 141 158.019892375	49.2366328241	112.335503489	583.458233961
kuril-kamchatka 142 158.117631336	49.3078139945	112.275530984	566.043750578
kuril-kamchatka 143 158.231690943	49.37037197	112.228988245	558.152407095
kuril-kamchatka 144 158.306593323	49.4377297985	112.16616522	596.66946772
kuril-kamchatka 145 158.386898024	49.4957717599	112.110907091	635.302542866
kuril-kamchatka 146 158.481963769	49.5628752845	112.053942245	674.21594094
kuril-kamchatka 147 158.586513843	49.6231781588	112.009742765	669.526400914
kuril-kamchatka 148 158.691323215	49.6833863722	111.960870845	637.173935974
kuril-kamchatka 149 158.773327635	49.7603342222	111.882198922	616.153407068
kuril-kamchatka 150 158.864908589	49.8304985573	111.815292675	591.606333504
kuril-kamchatka 151 158.975209693	49.8870927594	111.776530139	567.943775221
kuril-kamchatka 152 159.076559024	49.9503455302	111.728583796	515.400736358
kuril-kamchatka 153 159.155142413	50.0304357483	111.645002245	811.086407083
kuril-kamchatka 154 159.24866242	50.1136024484	111.566599464	1331.64270164
kuril-kamchatka 155 159.334182507	50.1988518722	111.426356682	1304.72260942
kuril-kamchatka 156 159.423476578	50.2719704453	111.183683241	1304.4583316
kuril-kamchatka 157 159.513045402	50.3450202704	110.885047212	1309.0222824
kuril-kamchatka 158 159.608834857	50.4155778099	110.562874615	1314.46025539
kuril-kamchatka 159 159.687062918	50.4933394769	110.361099612	1358.82234224
kuril-kamchatka 160 159.765549171	50.5710484137	110.253465402	1409.26989826
kuril-kamchatka 161 159.844295006	50.6487042993	110.15368224	1459.88043285
kuril-kamchatka 162 159.947165905	50.7165469429	110.082419929	1458.54901074
kuril-kamchatka 163 160.018506387	50.7946344346	109.977407933	1506.72760071
kuril-kamchatka 164 160.078267118	50.8708851588	109.8638225	1560.71086711
kuril-kamchatka 165 160.157848063	50.9412552671	109.773384191	1566.28020797
kuril-kamchatka 166 160.220231088	51.0194199503	109.665251604	1603.43231941
kuril-kamchatka 167 160.265360962	51.1054069359	109.541108955	1677.75499049
kuril-kamchatka 168 160.31648957	51.1887559475	109.425406228	1732.89305639
kuril-kamchatka 169 160.385313373	51.2642115994	109.328717384	1736.35606144
kuril-kamchatka 170 160.477723171	51.3291142946	109.241991818	1672.30126649
kuril-kamchatka 171 160.576236036	51.3913105702	109.168405671	1594.35693776
kuril-kamchatka 172 160.657080162	51.4695530976	109.060480475	1585.21041488
kuril-kamchatka 173 160.765769908	51.5471400176	108.963772736	1542.36213561
kuril-kamchatka 174 160.857121116	51.6214398546	108.867092607	1546.76245006
kuril-kamchatka 175 160.941865272	51.6970437471	108.76587961	1586.88415872
kuril-kamchatka 176 161.026893348	51.7725861758	108.666625076	1640.80801538
kuril-kamchatka 177 161.112206914	51.8480667123	108.575647644	1697.31051368
kuril-kamchatka 178 161.232471982	51.9165282377	108.504829645	1657.11726289
kuril-kamchatka 179 161.327507344	52.0091455001	108.376374873	1696.8225225
kuril-kamchatka 180 161.364375132	52.0208462218	108.372578432	1645.02239105
kuril-kamchatka 181 161.364375132	52.0208462218	108.372578432	1645.02239105
kuril-kamchatka 182 161.489220877	52.1252780158	108.236582514	1585.59031594
kuril-kamchatka 183 161.591915925	52.1902173094	108.164546374	1454.24284681
kuril-kamchatka 184 161.700656298	52.2522641623	108.101025935	1282.21397074
kuril-kamchatka 185 161.780967473	52.328246341	107.996814842	1182.35204928
kuril-kamchatka 186 161.867420879	52.4327584094	107.841469919	1083.61847874
kuril-kamchatka 187 161.879039542	52.4585329506	107.79830873	1079.03803385
kuril-kamchatka 188 161.879039542	52.4585329506	107.79830873	1079.03803385
kuril-kamchatka 189 161.993487827	52.5252040832	107.729150716	899.096882345
kuril-kamchatka 190 162.084975031	52.6050750966	107.613867169	802.473542707
kuril-kamchatka 191 162.176796373	52.6848753699	107.506748383	726.942361842
kuril-kamchatka 192 162.176796373	52.6848753699	107.506748383	726.942361842
kuril-kamchatka 193 162.243471859	52.7881107735	107.340579728	703.799848978
kuril-kamchatka 194 162.31046445	52.8913086287	107.202751113	691.705882726
kuril-kamchatka 195 162.344547877	52.9424236977	107.150214626	690.29139673
kuril-kamchatka 196 162.426302941	53.0166977682	107.085355071	679.233187906
kuril-kamchatka 197 162.427209517	53.0618487927	107.03405496	699.09662433
kuril-kamchatka 198 162.507310459	53.1180038374	106.910867628	694.328868989
kuril-kamchatka 199 162.587620831	53.1741049831	106.8043624	698.458090651
kuril-kamchatka 200 162.55863259	53.2530035679	106.692101352	741.600413105
kuril-kamchatka 201 162.529537231	53.3318950958	106.615689978	788.252103831
kuril-kamchatka 202 162.529537231	53.3318950958	106.615689978	788.252103831
kuril-kamchatka 203 162.648470241	53.3745109754	106.491294927	774.232602508
kuril-kamchatka 204 162.767641161	53.4170084162	106.403022803	768.422744232
kuril-kamchatka 205 162.887050172	53.4593869974	106.362055935	765.77225104
kuril-kamchatka 206 162.888132996	53.5085801577	106.269435423	781.177443829
kuril-kamchatka 207 162.918435016	53.5975988776	106.10932716	802.256897512
kuril-kamchatka 208 162.963751792	53.676907435	105.981416095	813.609334979
kuril-kamchatka 209 163.010919944	53.7588099466	105.839676393	820.537547749
kuril-kamchatka 210 163.058272675	53.8406938256	105.704585919	822.631869305
kuril-kamchatka 211 163.105811205	53.9225589462	105.569686404	819.878765272
kuril-kamchatka 212 163.203202793	53.9926381468	105.475146415	804.70795246
kuril-kamchatka 213 163.244095386	54.0761306301	105.328401326	795.948529835
kuril-kamchatka 214 163.320737772	54.1511673439	105.218638308	782.346837859
kuril-kamchatka 215 163.39053318	54.2278488187	105.103026183	768.840422017
kuril-kamchatka 216 163.491702674	54.2899105446	105.025711773	764.940266242
kuril-kamchatka 217 163.543965708	54.3772000971	104.88031611	745.765874897
kuril-kamchatka 218 163.676327493	54.4467918947	104.799947439	754.335152717
kuril-kamchatka 219 163.795432583	54.5204302982	104.70884882	763.462392176
kuril-kamchatka 220 163.853194626	54.6128577358	104.556435645	744.624970855
kuril-kamchatka 221 163.869953382	54.7178895524	104.352449646	708.244733082
kuril-kamchatka 222 163.919722423	54.7577935238	104.29804501	711.903770932
kuril-kamchatka 223 163.911648208	54.8428549493	104.130560166	682.01551336
kuril-kamchatka 224 163.903539881	54.9279158369	103.972076088	659.456133032
kuril-kamchatka 225 163.859027488	55.0239755225	103.84255461	631.60464769
kuril-kamchatka 226 163.814301253	55.1200188872	103.786209922	617.30861059
kuril-kamchatka 227 163.814301253	55.1200188872	103.786209922	617.30861059
manila 0 118.986576778	13.4194399073	24.2241496598	1246.64314472
manila 1 119.032114001	13.4231735225	24.2192045472	1245.64902125
manila 2 119.114526278	13.4569483161	24.1246177219	1243.81773629
manila 3 119.201680378	13.4715773086	24.1248071678	1236.23490309
manila 4 119.288844919	13.4861774612	24.0578822433	1223.17414601
manila 5 119.376019891	13.4861774612	24.0360738735	1204.87787167
manila 6 119.492209884	13.4532429058	24.1384775074	1176.20246823
manila 7 119.51028146	13.452299708	24.1335828205	1172.45740699
manila 8 119.51028146	13.452299708	24.1335828205	1172.45740699
manila 9 119.597726974	13.4127328319	24.2721104551	1160.47413078
manila 10 119.685143681	13.3731358521	24.3955590948	1158.45680209
manila 11 119.74888462	13.3160216034	24.5987162222	1173.77940157
manila 12 119.812595484	13.2588914689	24.8472543437	1185.71342367
manila 13 119.876276413	13.2017455268	25.1713977236	1191.92013257
manila 14 119.939927547	13.1445838549	25.6144603078	1182.21735817
manila 15 120.003549024	13.0874065313	26.1402500723	1142.26167432
manila 16 119.935957749	13.1356280802	25.6379160392	1196.65503034
manila 17 119.868339923	13.1838319756	25.2406954002	1217.99612451
manila 18 119.800695444	13.2320181433	24.9696787958	1219.1258972
manila 19 119.764173091	13.2569204259	24.8632597034	1213.36938694
manila 20 119.685416667	13.29375	24.759292752	1199.64205687
manila 21 119.665093229	13.3977681568	24.2959989298	1154.38766767
manila 22 119.564583333	13.3979166667	24.3621319862	1165.96020637
manila 23 119.560416667	13.4270833334	24.2274437537	1164.47064064
manila 24 119.432879366	13.4668219412	24.1048899182	1190.22607354
manila 25 119.41332119	13.5459117312	23.7300372103	1199.77986911
manila 26 119.39375	13.625	23.3514945248	1211.41298021
manila 27 119.39375	13.6604166667	23.1815822581	1215.57807512
manila 28 119.38125	13.7020833333	22.9857407618	1224.165699
manila 29 119.341700233	13.793597447	22.5532428346	1249.33017787
manila 30 119.317725117	13.8374237235	22.347950035	1263.60573198
manila 31 119.275546358	13.9312154925	21.8947889142	1292.99840797
manila 32 119.233333333	14.025	21.3967953022	1323.43643202
manila 33 119.223842225	14.05625	21.2264744522	1333.1701206
manila 34 119.216666667	14.1596387559	20.6510246453	1366.52460042
manila 35 119.2125	14.2104166667	20.3684297048	1383.53882564
manila 36 119.2125	14.2104166667	20.3684297048	1383.53882564
manila 37 119.197565875	14.2104166667	20.3722490417	1382.59820414
manila 38 119.185246068	14.2979169839	19.892602786	1409.34123668
manila 39 119.172916667	14.3854166667	19.5187038368	1434.39083606
manila 40 119.14375	14.4229166667	19.3703562523	1442.06486892
manila 41 119.123221222	14.4970819819	19.0931548816	1461.57415901
manila 42 119.104318944	14.5308326576	18.9655264098	1469.01742969
manila 43 119.093612784	14.6114432814	18.6662622346	1493.27261884
manila 44 119.082898767	14.6920534165	18.3711283004	1521.81294503
manila 45 119.082898767	14.6920534165	18.3711283004	1521.81294503
manila 46 119.101242347	14.7943755314	18.020157953	1572.38090156
manila 47 119.119603239	14.896696195	17.6854891894	1635.56189408
manila 48 119.137981584	14.9990153955	17.3578682112	1703.72174768
manila 49 119.055134831	14.9375678108	17.4950256039	1617.41079269
manila 50 118.972335484	14.8760904083	17.6441344301	1553.8644882
manila 51 118.889583333	14.8145833333	17.807510785	1504.45555027
manila 52 118.980707646	14.7535077468	18.100283657	1517.23611548
manila 53 119.071780799	14.6923964902	18.3655892225	1519.60801735
manila 54 119.109109782	14.8163788797	17.9494487603	1586.5308547
manila 55 119.110804201	14.9040227794	17.6543745316	1634.59000837
manila 56 119.1125	14.9916666666	17.3591092191	1679.3541506
manila 57 119.139583333	15.03125	17.2585472146	1719.29937939
manila 58 119.14375	15.1229166667	16.9459428503	1746.90641717
manila 59 119.14375	15.1958321352	16.6087682275	1740.49825748
manila 60 119.155398801	15.2322910676	16.403691525	1740.14715214
manila 61 119.16598932	15.3234374501	15.7985389323	1697.0145878
manila 62 119.176589076	15.4145833333	15.4237141133	1685.5864421
manila 63 119.176589076	15.4145833333	15.4237141133	1685.5864421
manila 64 119.176589076	15.4145833333	15.4237141133	1685.5864421
manila 65 119.18100127	15.4895833771	15.8239875952	1747.7526667
manila 66 119.185416667	15.5645833333	16.513644453	1826.35178
manila 67 119.19375	15.64375	17.1994305122	1847.92566121
manila 68 119.202083333	15.7354166667	17.875136362	1739.18526622
manila 69 119.2125	15.76875	18.1039783826	1693.98078863
manila 70 119.22550006	15.8647993986	18.9554836321	1483.67635965
manila 71 119.238512513	15.9608480208	20.0422357274	1322.11418472
manila 72 119.23125	16.0029460416	20.371697395	1272.76911945
manila 73 119.222916667	16.0854166667	20.6871114446	1231.86847009
manila 74 119.210416667	16.1770833333	20.9040464655	1206.71917075
manila 75 119.2	16.1895833333	20.8622181003	1203.95200679
manila 76 119.180217264	16.2781259197	21.0621568892	1182.64974724
manila 77 119.160416666	16.3666666666	21.2931933745	1162.56736291
manila 78 119.15625	16.40625	21.4145981293	1153.72817993
manila 79 119.15625	16.5020833333	21.7390899294	1133.02702528
manila 80 119.15625	16.6020833333	22.0460555939	1115.38025635
manila 81 119.164583333	16.70625	22.413193295	1098.74682056
manila 82 119.177083333	16.7541666667	22.6080331306	1091.15020549
manila 83 119.138562259	16.8552119306	22.8152507403	1086.25324612
manila 84 119.1	16.95625	23.0647603949	1082.81936312
manila 85 119.1	16.95625	23.0647603949	1082.81936312
manila 86 119.071106201	17.0582502863	23.3878809848	1081.08873184
manila 87 119.042180819	17.1602464819	23.7257352189	1081.81584219
manila 88 119.048944971	17.2059096304	23.8546162558	1082.41091293
manila 89 119.089583333	17.2895833333	24.1008050403	1086.68066196
manila 90 119.102083333	17.3479166667	24.2823166846	1092.88322604
manila 91 119.110416667	17.3979166667	24.4455496616	1100.57573761
manila 92 119.12603334	17.4947922775	24.824991392	1124.99900357
manila 93 119.141666667	17.5916666666	25.3557961453	1163.76595109
manila 94 119.139583333	17.61875	25.5143880148	1179.07949016
manila 95 119.14375	17.7270833333	26.2694141045	1246.49359279
manila 96 119.15625	17.7708333333	26.689260527	1267.44850156
manila 97 119.168974339	17.8702570867	27.637431395	1380.27724104
manila 98 119.181712925	17.9696800139	28.7580515823	1575.5483881
manila 99 119.178009182	18.0081100279	29.0630511736	1675.9606564
manila 100 119.178009182	18.08125	29.6395353655	1863.46085492
manila 101 119.195833333	18.1104166666	30.0979657003	1910.72213309
manila 102 119.156393258	18.1858252147	29.536801717	2172.84761442
manila 103 119.116919065	18.2612257059	28.7471033156	2403.25802849
manila 104 119.077410577	18.3366180975	28.2571125885	2581.98513488
manila 105 119.037867616	18.4120023464	28.1601227299	2701.90289045
manila 106 119.037867616	18.4120023464	28.1601227299	2701.90289045
manila 107 119.122690567	18.3991622989	28.9622970434	2653.39009005
manila 108 119.207500853	18.3862846472	30.758421485	2542.4230881
manila 109 119.292298451	18.3733694252	32.6388276333	2308.13149103
manila 110 119.377083333	18.3604166667	34.1423589481	1975.10691354
manila 111 119.327476269	18.2854565202	32.9780691197	1968.76980208
manila 112 119.277912082	18.2104835896	31.7725380163	1968.03871416
manila 113 119.228390554	18.1354979419	30.6871111349	1913.71289567
manila 114 119.234445318	18.2312505378	31.1596317299	2149.26840137
manila 115 119.240506752	18.3270029434	31.4714493332	2372.32399914
manila 116 119.2465749	18.4227551573	31.6464548445	2515.53076603
manila 117 119.252649808	18.5185071784	31.7789335993	2604.48476311
manila 118 119.258731521	18.6142590052	31.9272063436	2705.97803508
manila 119 119.199314859	18.560780291	30.6177976506	2714.29086751
manila 120 119.139935434	18.5072829955	29.4027969734	2728.104192
manila 121 119.03125	18.4395833333	28.2154607506	2729.72248076
manila 122 119.107610316	18.3947956756	28.7091680773	2656.04215125
manila 123 119.183930927	18.3499775603	30.2453804412	2525.43763464
manila 124 119.260211933	18.3051290828	31.8608088971	2266.74635085
manila 125 119.243629658	18.3888374961	31.5705340538	2474.69083692
manila 126 119.227031267	18.4725444713	31.1978135678	2601.63360998
manila 127 119.210416667	18.55625	30.8432579117	2698.40288661
manila 128 119.256221521	18.4773370592	31.8626021215	2554.19068999
manila 129 119.301984231	18.3984131213	32.8689012923	2324.75354552
manila 130 119.347705021	18.3194782467	33.45838	1983.34420346
manila 131 119.39795101	18.4161327078	34.7724516888	2049.52955454
manila 132 119.448253473	18.5127739465	35.9912582683	2158.67689229
manila 133 119.486321502	18.55360192	36.8220399631	2186.1938403
manila 134 119.52442606	18.5944145806	37.6444329012	2219.2171024
manila 135 119.543289647	18.6759075539	38.2456179322	2459.52773085
manila 136 119.56217138	18.7573986414	38.8094241174	2642.88443779
manila 137 119.581071362	18.8388878325	39.121414782	2734.27692974
manila 138 119.599989695	18.9203751164	39.0754428466	2745.95518093
manila 139 119.647961519	18.8295678641	40.5322570293	2596.48981812
manila 140 119.695881515	18.7387483553	40.978566281	2249.34787247
manila 141 119.74375	18.6479166667	40.7171586076	1761.56286635
manila 142 119.732728678	18.7348219425	41.3956745091	2115.37211171
manila 143 119.721696011	18.8217265727	41.712759358	2373.38923603
manila 144 119.703440788	18.8919884166	41.4480128178	2507.00659028
manila 145 119.685170237	18.9622484772	40.6854684116	2581.10569268
manila 146 119.5639097	18.9071736747	38.3441121312	2793.77564799
manila 147 119.487133452	18.8421442147	36.9367924552	2834.52475685
manila 148 119.410416667	18.7770833333	35.3989695643	2809.76405283
manila 149 119.512212895	18.7362931191	37.6798905095	2672.75625617
manila 150 119.61395994	18.6954479157	39.5957766874	2342.41135218
manila 151 119.682445229	18.6714183627	40.3111540044	2032.58977101
manila 152 119.750911098	18.6473639892	40.8060192512	1740.51881276
manila 153 119.70639288	18.7329251939	41.0666748705	2195.67848068
manila 154 119.661829553	18.8184758676	40.79188356	2545.1458071
manila 155 119.617220853	18.9040159477	39.5975076343	2713.15529606
manila 156 119.674025039	18.90625	40.8591645961	2594.45596197
manila 157 119.720081753	19.0057381591	41.1398743217	2502.95422567
manila 158 119.745553124	19.0538356218	41.6399470171	2462.09391322
manila 159 119.817560461	19.0717234539	43.1385497128	2276.62084802
manila 160 119.889583333	19.0895833333	44.1247844674	2066.35989499
manila 161 119.789583333	19.1520833333	42.4844236717	2457.02758211
manila 162 119.752981931	19.2792531287	40.4880154164	2699.67782055
manila 163 119.89375	19.3	44.7779739122	2520.64450137
manila 164 119.89375	19.3	44.7779739122	2520.64450137
manila 165 119.976479521	19.3720041493	47.1431193805	2490.94173167
manila 166 120.059282166	19.4439708862	49.5069612988	2411.76608636
manila 167 120.059282166	19.4439708862	49.5069612988	2411.76608636
manila 168 120.12411939	19.5202290455	51.5525920988	2363.88192121
manila 169 120.18901782	19.5964640758	54.2044106087	2292.28747658
manila 170 120.219798058	19.6687724155	55.3789960779	2326.6224017
manila 171 120.250606077	19.7410755096	NaN	2369.59420527
manila 172 120.281442011	19.8133733324	NaN	2422.98715279
manila 173 120.28087224	19.9053519451	NaN	2645.24555145
manila 174 120.280301806	19.9973305559	NaN	759.023456373
manila 175 120.279730705	20.0893091649	NaN	704.212038551
manila 176 120.255396563	19.9965781826	NaN	787.734631122
manila 177 120.231091068	19.9038438832	NaN	2784.11114611
manila 178 120.206814044	19.8111062871	NaN	2657.36320594
manila 179 120.182565315	19.7183654148	55.4642709752	2561.70418709
manila 180 120.182565315	19.7183654148	55.4642709752	2561.70418709
manila 181 120.229588512	19.8127808164	NaN	2598.69086272
manila 182 120.276667572	19.9071838969	NaN	2648.71731077
manila 183 120.323802844	20.0015745779	NaN	679.318089045
manila 184 120.324142333	20.126571122	NaN	665.178322803
mariana 0 143.241520729	11.4460635011	151.523056376	99.6407757236
mariana 1 143.329524431	11.4663530143	151.778541931	100.484202471
mariana 2 143.417540851	11.486616055	152.033408825	101.11843249
mariana 3 143.501747963	11.5025091214	152.273388458	100.953994036
mariana 4 143.584674085	11.5306804008	152.487786352	101.023899086
mariana 5 143.668297462	11.5636572237	152.677421319	101.280960037
mariana 6 143.7577204	11.5843660177	152.885038123	100.981366211
mariana 7 143.835603351	11.6295388298	153.051938174	100.451881966
mariana 8 143.911586691	11.6787731018	153.211440066	99.8689252159
mariana 9 143.981824308	11.7402360229	153.348274865	98.2538818956
mariana 10 144.067481069	11.7690147953	153.545497753	98.4762524994
mariana 11 144.13893943	11.8260039651	153.687068633	97.6249787338
mariana 12 144.219294975	11.8561726553	153.873685996	99.0280451189
mariana 13 144.27115571	11.9427482298	153.999351932	97.4492357651
mariana 14 144.352344914	11.9732618423	154.149695696	97.5824314982
mariana 15 144.446098175	11.979725239	154.326311579	99.0659385536
mariana 16 144.527318205	12.0101887864	154.414104168	98.9224640448
mariana 17 144.598576673	12.0608862632	154.460675814	99.1358219483
mariana 18 144.695961515	12.0668684944	154.53003321	100.549066214
mariana 19 144.790905551	12.0766533766	154.607702539	102.607132833
mariana 20 144.871900758	12.1147705657	154.661520239	102.710184691
mariana 21 144.954912026	12.1488115879	154.719073404	103.685156334
mariana 22 145.034305489	12.1861712466	154.780223554	106.035483511
mariana 23 145.110904018	12.2198517818	154.834151452	106.948655478
mariana 24 145.187886623	12.2584201557	154.896942286	109.24123815
mariana 25 145.262057111	12.3055231817	154.955127743	109.780163829
mariana 26 145.339175259	12.3293112206	155.015916003	111.069443982
mariana 27 145.423828974	12.37426406	155.067720617	113.636348909
mariana 28 145.488944234	12.4439656939	155.07675253	114.42450897
mariana 29 145.537845491	12.5295849606	155.080991201	117.494425462
mariana 30 145.586779167	12.6151954011	155.091607242	119.708550864
mariana 31 145.670339659	12.6707743998	155.117111677	122.14053837
mariana 32 145.761398592	12.7047742977	155.163318595	123.38817389
mariana 33 145.83966474	12.7518135696	155.206120701	125.007572662
mariana 34 145.920570931	12.7951235138	155.25432732	125.556789021
mariana 35 146.001504901	12.838408766	155.302932279	127.174252565
mariana 36 146.074638095	12.8927928695	155.345242321	128.246933926
mariana 37 146.147803083	12.9471566439	155.380215646	128.802161271
mariana 38 146.213112224	13.0125864626	155.405443548	130.584171383
mariana 39 146.26496914	13.0974261634	155.428644614	132.955351428
mariana 40 146.346067426	13.1417855002	155.469736609	132.192577183
mariana 41 146.406005579	13.2155893064	155.502881545	133.99664336
mariana 42 146.465979807	13.2893792338	155.553222418	134.251412731
mariana 43 146.576302968	13.2931382715	155.595853664	132.743058139
mariana 44 146.641642122	13.3595165222	155.624872354	132.633263087
mariana 45 146.696441427	13.4106856291	155.645622552	132.981957325
mariana 46 146.747384665	13.4632274235	155.63686717	131.596108388
mariana 47 146.804561478	13.5325925153	155.630380191	132.364359512
mariana 48 146.849411469	13.6080811346	155.610279735	131.899886658
mariana 49 146.88604774	13.6876538605	155.580952637	132.228482269
mariana 50 146.930953174	13.7631279079	155.561418046	133.637021115
mariana 51 146.975887539	13.8385938515	155.538298159	133.557841432
mariana 52 147.029098951	13.9099550473	155.525298333	131.877131525
mariana 53 147.08234318	13.9813047197	155.510614762	130.799803734
mariana 54 147.131494907	14.0546929033	155.497512407	130.719741703
mariana 55 147.164171774	14.136274283	155.463780307	130.581439631
mariana 56 147.192449647	14.219289875	155.425888907	131.388802858
mariana 57 147.221115672	14.3020461671	155.396259917	131.238372939
mariana 58 147.250047034	14.3854246062	155.34737594	131.740554015
mariana 59 147.292204341	14.4644982569	155.316702199	130.658460015
mariana 60 147.329988988	14.5449990211	155.287155714	130.198685034
mariana 61 147.376609279	14.6226229483	155.256599345	128.811859476
mariana 62 147.414452034	14.7031100743	155.21716438	129.14409012
mariana 63 147.447916038	14.7850278691	155.182832579	128.714173602
mariana 64 147.463772059	14.8726899595	155.129563857	129.768223573
mariana 65 147.492993477	14.9563953571	155.08499691	130.664387619
mariana 66 147.511899732	15.0452906598	155.034621665	133.241994792
mariana 67 147.544048231	15.129821446	154.994031098	133.102898786
mariana 68 147.594017115	15.2089940442	154.968443246	133.036514895
mariana 69 147.621773405	15.2948522623	154.918435349	134.887522948
mariana 70 147.627292654	15.3874043511	154.860340449	136.268016637
mariana 71 147.663994015	15.4705786351	154.820981223	136.336719115
mariana 72 147.696269705	15.5550875034	154.779999634	138.030199337
mariana 73 147.696269705	15.6492659667	154.70441234	138.68321206
mariana 74 147.702272032	15.741056218	154.627507774	140.48448316
mariana 75 147.732391535	15.8240381881	154.57714524	140.649225761
mariana 76 147.762274537	15.9075186819	154.525356074	141.278990774
mariana 77 147.762274537	15.9971005857	154.44487882	141.346605509
mariana 78 147.732555827	16.0444300976	154.379308716	142.838739903
mariana 79 147.757973392	16.1298186193	154.275225734	142.727074181
mariana 80 147.783412875	16.2152041292	154.147129111	142.756854007
mariana 81 147.783412875	16.2152041292	154.147129111	142.756854007
mariana 82 147.879590872	16.2707891953	154.221665536	137.931867046
mariana 83 147.97582333	16.3263308149	154.3292552	133.376695636
mariana 84 147.916631438	16.3769890165	154.09141409	137.191981444
mariana 85 147.857408783	16.4276306673	153.83417972	139.962718096
mariana 86 147.798155258	16.4782557044	153.604658099	143.156586501
mariana 87 147.810335402	16.5211671527	153.530465729	142.332264893
mariana 88 147.837669421	16.6148611844	153.376172774	139.722313401
mariana 89 147.840887624	16.7094329282	153.180137884	139.022980141
mariana 90 147.840887624	16.8059537508	152.969687355	138.624517978
mariana 91 147.840887624	16.9020845506	152.769183734	137.649592061
mariana 92 147.844112631	16.9970462833	152.562275784	137.272556269
mariana 93 147.847344379	17.0916175902	152.361009425	136.194348338
mariana 94 147.847344379	17.188138773	152.160011786	135.82404182
mariana 95 147.832458209	17.2835344589	151.945052127	135.983626756
mariana 96 147.831913897	17.368207038	151.752134265	136.188933404
mariana 97 147.827497649	17.455047	151.548165421	135.505454212
mariana 98 147.826916849	17.5413913425	151.354042314	134.360876909
mariana 99 147.803071245	17.6267426852	151.144283782	136.143858206
mariana 100 147.793342393	17.7128376646	150.914399181	136.422316719
mariana 101 147.769457941	17.7981849004	150.70215355	137.883546313
mariana 102 147.754985732	17.8840286199	150.510966589	137.385073943
mariana 103 147.749528731	17.9698712322	NaN	137.022349648
mariana 104 147.749528731	18.0589684668	NaN	136.280293057
mariana 105 147.779162209	18.1444123276	149.928653998	133.969599192
mariana 106 147.779162209	18.2281049903	149.737804048	133.313130799
mariana 107 147.776962019	18.3119916672	149.554219771	133.346808685
mariana 108 147.711893255	18.3966417153	NaN	136.247717191
mariana 109 147.703030061	18.4386460129	NaN	136.732585368
mariana 110 147.792676029	18.4553901652	149.307460318	132.226733183
mariana 111 147.882339463	18.4720921907	149.346252309	127.394621292
mariana 112 147.97202034	18.4887520405	149.47755698	121.815101729
mariana 113 148.061718634	18.5053696654	149.670705641	117.943531518
mariana 114 148.151434323	18.5219450165	149.884084269	112.973517768
mariana 115 148.241167382	18.538478045	150.099713772	109.245402476
mariana 116 148.330917786	18.5549687022	150.309695023	107.452849635
mariana 117 148.241790204	18.5843804557	149.998379164	109.255800426
mariana 118 148.152631872	18.6137503129	149.683696707	112.976411425
mariana 119 148.063442771	18.643078188	149.412648674	118.208973036
mariana 120 147.974222883	18.6723639956	149.255443331	122.239402182
mariana 121 147.922327117	18.7423602758	149.154563534	126.666097322
mariana 122 147.870388315	18.8123422418	149.055296316	127.660388105
mariana 123 147.870388315	18.8123422418	149.055296316	127.660388105
mariana 124 147.797459058	18.8534920778	148.96482702	130.976081794
mariana 125 147.724494033	18.8946135119	148.886520546	134.35001468
mariana 126 147.651493164	18.9357064634	148.822867757	136.338653156
mariana 127 147.650367758	18.9848824551	148.774706343	135.779582189
mariana 128 147.634692783	19.0786418901	148.679998978	136.879866379
mariana 129 147.600829739	19.1670192948	148.590053849	136.527917434
mariana 130 147.568706025	19.2474123443	148.503305424	136.563992314
mariana 131 147.536804881	19.3269661922	148.407182465	137.818927375
mariana 132 147.504872579	19.4065144517	148.325529609	137.080653477
mariana 133 147.486750951	19.4894772082	148.243314502	136.285238923
mariana 134 147.486750951	19.5724381471	148.160411844	137.28561938
mariana 135 147.478079355	19.6667993379	148.066121352	136.55002919
mariana 136 147.478079355	19.7510279348	147.989131207	135.525036364
mariana 137 147.445961679	19.8337610095	147.888756827	136.614552386
mariana 138 147.387897136	19.9047222913	147.786992996	137.582188904
mariana 139 147.307772224	19.9668541817	147.675220751	140.189778027
mariana 140 147.289225212	20.0536403945	147.579300004	140.452059791
mariana 141 147.2662518	20.1386613123	147.484262404	140.591071171
mariana 142 147.238845484	20.2219152043	147.38650596	141.470210595
mariana 143 147.180178772	20.2936482333	147.284161363	143.084245595
mariana 144 147.159858216	20.3343891482	147.232484093	143.178555448
mariana 145 147.18612548	20.4136772609	147.166535395	141.788659611
mariana 146 147.212419813	20.492961433	147.105585442	140.627952926
mariana 147 147.119849023	20.5329959171	147.006559263	141.726658511
mariana 148 147.027229797	20.5729812493	146.907611847	144.980743161
mariana 149 147.027229797	20.5729812493	146.907611847	144.980743161
mariana 150 147.033241581	20.6688775399	146.811551612	142.662529063
mariana 151 147.039260961	20.7647736219	146.721809952	140.732373096
mariana 152 147.039260961	20.7647736219	146.721809952	140.732373096
mariana 153 146.956898306	20.835064973	146.597565042	142.014904835
mariana 154 146.87445873	20.90531693	146.4882585	143.724776183
mariana 155 146.868155636	20.9565340961	146.413949618	143.001405981
mariana 156 146.838816878	21.0411329597	146.310727505	142.526155067
mariana 157 146.792275139	21.1242332766	146.202824406	141.401054378
mariana 158 146.791195137	21.2222091732	146.089688544	138.603467124
mariana 159 146.778668143	21.3107880876	145.969573702	136.857974765
mariana 160 146.730192493	21.3885436694	145.849699256	137.486637447
mariana 161 146.695140922	21.480582533	145.716821827	136.064393735
mariana 162 146.64785918	21.5652962823	145.594771695	135.650661275
mariana 163 146.588332853	21.642674541	145.463303695	133.761754296
mariana 164 146.564047425	21.743672327	145.336002547	131.33281937
mariana 165 146.448076787	21.7725277912	145.205680325	132.567246966
mariana 166 146.351095837	21.8151989534	145.0657505	132.336665561
mariana 167 146.307845006	21.8411520538	145.013198432	132.339173727
mariana 168 146.189707581	21.8651485913	144.855386262	133.745074902
mariana 169 146.071530509	21.8890609093	NaN	132.743051796
mariana 170 146.024713284	21.9118504767	NaN	132.858062856
mariana 171 145.966101608	21.9884154383	NaN	131.297403093
mariana 172 145.924418418	22.0560938259	NaN	129.616907988
mariana 173 145.894411377	22.1359968521	NaN	127.70979483
mariana 174 145.85167753	22.2309637065	144.208869565	125.595831778
mariana 175 145.811723549	22.3295699598	144.072233082	123.153780268
mariana 176 145.760357314	22.4135609325	143.942617065	120.030916236
mariana 177 145.697574285	22.4829258024	143.824437547	119.380301031
mariana 178 145.640404977	22.5595736016	143.694051365	117.290161628
mariana 179 145.557631831	22.6033081408	143.579327447	115.748018643
mariana 180 145.480478151	22.6543131696	143.461385917	113.701929022
mariana 181 145.414609054	22.7199118257	143.341414327	112.189368537
mariana 182 145.329979596	22.7533433039	143.234692748	111.921149518
mariana 183 145.260395556	22.8177946537	143.109868686	110.520987045
mariana 184 145.152833237	22.853314	142.979381712	112.296056225
mariana 185 145.090039608	22.9301409429	142.839331427	112.618824003
mariana 186 145.016826703	22.9973910393	142.706813399	52.9478695178
mariana 187 144.905610626	23.0295597223	142.573654707	52.9782989746
mariana 188 144.8150174	23.080783124	142.433520664	63.1826161676
mariana 189 144.734692713	23.1415258892	142.301913871	72.3142064878
mariana 190 144.705552347	23.1808248338	142.236661439	75.5468239223
mariana 191 144.602346981	23.2063514039	142.117633254	85.4646547951
mariana 192 144.499102233	23.231810622	NaN	94.5957197829
mariana 193 144.454998253	23.2534666626	141.877068495	97.7560060563
mariana 194 144.407761441	23.2716207257	141.863345849	100.923337694
mariana 195 144.400659399	23.3584005313	141.788948297	97.2219456764
mariana 196 144.393548059	23.4451800161	141.674647473	93.2217462756
mariana 197 144.386427371	23.5319591782	141.563664719	89.0228866728
mariana 198 144.357756356	23.5709670217	141.479299921	87.7633771292
mariana 199 144.300346299	23.6489616936	141.313666333	84.3754052891
mariana 200 144.221093966	23.7025768542	141.158234732	82.1519025348
mariana 201 144.123124654	23.7352612177	141.010837533	81.7421496443
mariana 202 144.061178585	23.79847624	140.864030611	78.8349404544
mariana 203 144.03829317	23.8816423153	140.714137027	74.2316858269
mariana 204 143.967014891	23.9407557197	140.553789568	73.9195181343
mariana 205 143.899651918	24.0024813887	140.395944249	75.0018558807
mariana 206 143.848150255	24.0747638169	140.236927054	76.2298399924
mariana 207 143.772695688	24.1311412509	140.077010572	80.8480224077
mariana 208 143.705139336	24.1927819103	139.916016684	85.7964782073
mariana 209 143.653451168	24.2649991078	139.757099718	89.7016504274
middle_america 0 -91.04	12.7175436056	24.9154315539	62.2230073993
middle_america 1 -91.132	12.7519729416	24.8796627852	64.5416080618
middle_america 2 -91.221	12.7901909695	24.8548970122	68.1739950558
middle_america 3 -91.308	12.8322	24.8286020561	71.4454474735
middle_america 4 -91.4	12.8665447385	24.7891387568	85.1465116308
middle_america 5 -91.489	12.904680023	24.754442677	96.9228280095
middle_america 6 -91.581	12.9389614891	24.7224015475	103.446534972
middle_america 7 -91.67	12.9770348919	24.6887753859	97.6379814679
middle_america 8 -91.754	13.0221026915	24.6688838032	95.2840102181
middle_america 9 -91.841	13.0654108383	24.6406215787	108.029351448
middle_america 10 -91.93	13.109280448	24.6075223981	134.483227594
middle_america 11 -92.02	13.1492112783	24.5761015139	166.613762429
middle_america 12 -92.076	13.1730773147	24.5717268676	187.415617686
middle_america 13 -92.117	13.1904771058	24.5649208018	203.172381181
middle_america 14 -92.2082342507	13.2325475826	24.5403348982	237.374662581
middle_america 15 -92.2995	13.2745856769	24.5161548853	270.476078322
middle_america 16 -92.335	13.2816748549	24.5232159416	283.14939453
middle_america 17 -92.397	13.340034573	24.7124206202	305.863057879
middle_america 18 -92.471	13.3847673376	24.9584063409	332.008935651
middle_america 19 -92.546	13.4294783135	25.1229099036	357.369139964
middle_america 20 -92.624	13.4655302146	25.1679635971	377.788580962
middle_america 21 -92.701	13.4973364595	25.1468691926	386.962127732
middle_america 22 -92.769	13.5497581589	25.1383380183	382.524354691
middle_america 23 -92.851	13.5793895593	25.1050186838	372.977349181
middle_america 24 -92.922	13.6279746265	25.0950143954	360.435868987
middle_america 25 -92.984	13.6679017295	25.0863538491	351.7878459
middle_america 26 -93.059	13.6915236138	25.0541427211	346.185000476
middle_america 27 -93.14	13.7357106004	25.0294745447	339.289502688
middle_america 28 -93.226	13.757869131	24.9892962171	334.949656883
middle_america 29 -93.302	13.8096848285	24.9762516889	329.753497477
middle_america 30 -93.396	13.848970728	24.9475004926	326.325393611
middle_america 31 -93.49	13.8934672525	24.9215419653	322.499292283
middle_america 32 -93.574	13.952923213	24.9053561616	318.267187108
middle_america 33 -93.665	14.0006769545	24.8825869386	315.971404189
middle_america 34 -93.749	14.033538423	24.852687034	314.49336998
middle_america 35 -93.829	14.0747605157	24.8279455807	311.368716862
middle_america 36 -93.906	14.1199268095	24.8099575131	309.687869922
middle_america 37 -93.977	14.1769816461	24.8004030024	307.72805032
middle_america 38 -94.064	14.2062598292	24.7743908299	306.719868937
middle_america 39 -94.141	14.2570207824	24.7633213498	304.830465569
middle_america 40 -94.222	14.2998107264	24.7484019953	304.521834578
middle_america 41 -94.296	14.3544247567	24.7352432598	303.472791912
middle_america 42 -94.373	14.4050643114	24.725858191	301.26439725
middle_america 43 -94.461	14.4359191844	24.6934934261	300.822971255
middle_america 44 -94.532	14.4939010391	24.6852150623	299.742192404
middle_america 45 -94.614	14.5487357559	24.675603225	298.867124123
middle_america 46 -94.7	14.6003551375	24.6601958236	297.87344967
middle_america 47 -94.777	14.6630431519	24.6730862422	296.968290499
middle_america 48 -94.859	14.717865633	24.7014717796	296.345860763
middle_america 49 -94.946	14.7726709936	24.6960097668	296.046153535
middle_america 50 -95.036	14.8243618826	24.6828742626	296.124064701
middle_america 51 -95.112	14.8939870382	24.5026664593	295.556920761
middle_america 52 -95.195	14.9529459473	22.6730773122	295.946427849
middle_america 53 -95.284	15.0000163847	23.9134818657	295.264923161
middle_america 54 -95.379	15.039349942	24.5757734565	295.982446909
middle_america 55 -95.471	15.0824625015	24.6688862748	297.342987011
middle_america 56 -95.561	15.1173838352	22.8321716964	298.301700088
middle_america 57 -95.642	15.1678580915	19.1004505198	298.684055724
middle_america 58 -95.737	15.1949686467	16.218872736	299.699717856
middle_america 59 -95.821	15.2142114454	16.177766235	300.830539093
middle_america 60 -95.9	15.2221036632	16.1464026145	302.591186307
middle_america 61 -95.979	15.2531271348	16.0887244242	303.093266197
middle_america 62 -96.063	15.2700025587	16.0125786359	302.227030546
middle_america 63 -96.149	15.2758359565	15.9387390938	302.058213664
middle_america 64 -96.227	15.2780408671	15.8729197001	300.204093248
middle_america 65 -96.321	15.2797792834	15.7879727647	296.524192961
middle_america 66 -96.422	15.2797792834	15.6911953844	291.39872622
middle_america 67 -96.524	15.2706261547	15.5767667464	283.082094664
middle_america 68 -96.625	15.2659236333	15.4663817654	274.033643223
middle_america 69 -96.727	15.2659236333	15.3621705786	264.69339823
middle_america 70 -96.825	15.2744106725	15.2603747415	256.061846665
middle_america 71 -96.923	15.2744106725	15.1667285497	248.206201316
middle_america 72 -97.021	15.2876034085	15.0749539211	238.355691494
middle_america 73 -97.119	15.2913773354	14.9774284763	228.052533142
middle_america 74 -97.222	15.3317552886	14.8874483583	215.894558053
middle_america 75 -97.324	15.3542204796	14.801659954	201.270188398
middle_america 76 -97.421	15.3756268131	14.7048744033	183.649233474
middle_america 77 -97.526	15.3756295382	14.5997494951	157.816941408
middle_america 78 -97.62	15.4097705956	14.5122416911	135.480800146
middle_america 79 -97.717	15.4263493502	14.4336636646	118.120073311
middle_america 80 -97.797	15.4999061699	14.3629416452	114.748047047
middle_america 81 -97.89	15.5306423493	14.2799153306	134.917590003
middle_america 82 -97.977	15.5660697989	NaN	199.823077199
middle_america 83 -98.085	15.5829414398	14.1243145668	265.213638978
middle_america 84 -98.173	15.6183956376	14.0634084871	204.992760906
middle_america 85 -98.259	15.6406224933	13.9544691447	141.918402488
middle_america 86 -98.343	15.6669716265	NaN	125.860600359
middle_america 87 -98.429	15.6890101942	NaN	125.680307047
middle_america 88 -98.512	15.7195726782	13.7313481318	118.316403787
middle_america 89 -98.597	15.7459289228	13.7229087974	118.278317357
middle_america 90 -98.693	15.754392618	13.6798194588	143.222503854
middle_america 91 -98.782	15.7796953899	13.6122004479	174.113117309
middle_america 92 -98.872	15.8049613928	13.5439399599	187.95451461
middle_america 93 -98.952	15.8556739341	13.4912143987	197.845536154
middle_america 94 -99.047	15.8780184459	13.4245618018	215.661518742
middle_america 95 -99.114	15.9542633395	13.3909621353	263.13453461
middle_america 96 -99.202	15.9854528836	13.3272693996	287.697118593
middle_america 97 -99.294	16.0087249585	13.2566281403	266.387662083
middle_america 98 -99.378	16.0477241927	13.1982214444	250.163898233
middle_america 99 -99.454	16.0978312726	13.1359307993	263.426149295
middle_america 100 -99.551	16.1260477539	13.0643728476	299.561648371
middle_america 101 -99.652	16.1507162584	12.9985674883	338.284058768
middle_america 102 -99.754	16.1712509738	12.9318473518	359.821063171
middle_america 103 -99.84	16.2095620811	12.8862047035	352.677961643
middle_america 104 -99.916	16.2486407307	12.845090712	316.233279095
middle_america 105 -100.007	16.2641032124	12.797774568	262.132598008
middle_america 106 -100.088	16.3141324838	12.7627076908	251.98022088
middle_america 107 -100.175	16.3425001009	12.7160366915	272.717119782
middle_america 108 -100.26	16.3751586156	12.6732667097	323.208001849
middle_america 109 -100.355	16.3869291176	12.6266174801	346.622945058
middle_america 110 -100.443	16.4286017691	12.6008780261	331.02240839
middle_america 111 -100.535	16.4525636594	12.5612124785	257.624273122
middle_america 112 -100.623	16.4848899531	12.531106957	207.373895496
middle_america 113 -100.702	16.542396321	12.5193617065	218.937019034
middle_america 114 -100.795	16.5620413763	12.4717672564	263.512615859
middle_america 115 -100.884	16.5991566707	12.4475643221	305.416682245
middle_america 116 -100.985	16.6066962287	12.3861342993	287.66742624
middle_america 117 -101.077	16.6295649075	12.310428361	256.267379315
middle_america 118 -101.175	16.6402661024	12.2194049895	283.951750272
middle_america 119 -101.24	16.710059837	12.1962230861	381.118185682
middle_america 120 -101.346	16.7156117928	12.0907610049	457.349154184
middle_america 121 -101.438	16.7327686148	12.0005622843	527.108204942
middle_america 122 -101.499	16.8161225375	11.9866558284	691.32969702
middle_america 123 -101.589	16.8428095547	11.9122820212	744.231239097
middle_america 124 -101.673	16.8815992886	11.8486290524	686.557124313
middle_america 125 -101.743	16.93449083	11.7977604779	581.951749441
middle_america 126 -101.7895	16.941125496	11.7549975403	538.382589706
middle_america 127 -101.856395935	16.8730684878	11.6426453813	421.6091413
middle_america 128 -101.923243677	16.8049898011	11.4747993782	270.748969604
middle_america 129 -101.990043452	16.7368895441	11.2943312023	199.49919745
middle_america 130 -102.056795484	16.6687678249	10.932165397	179.66440483
middle_america 131 -102.1235	16.6006247511	10.0919844567	164.510295041
middle_america 132 -102.1235	16.6006247511	10.0919844567	164.510295041
middle_america 133 -102.195719651	16.6809544754	9.88106191997	174.262068609
middle_america 134 -102.268	16.7612591485	9.64968028354	188.337747891
middle_america 135 -102.308	16.7686101168	9.23718546983	185.403229981
middle_america 136 -102.42	16.7918971641	8.08009526118	175.487497952
middle_america 137 -102.4645	16.786528108	7.56112513468	168.757131383
middle_america 138 -102.535733906	16.8293270103	6.91094941999	171.628602076
middle_america 139 -102.607	16.8721013589	6.21199030314	174.085772482
middle_america 140 -102.630989835	16.9517133543	6.16797255773	198.390185606
middle_america 141 -102.655	17.0313225459	6.10571780914	228.191735058
middle_america 142 -102.731521551	16.9784718296	5.17635554237	183.586445197
middle_america 143 -102.808	16.9255925868	4.82423798969	156.496034797
middle_america 144 -102.86	17.032374688	4.74170324166	174.973796289
middle_america 145 -102.856003469	17.1129405876	4.76490899302	199.377088381
middle_america 146 -102.852003476	17.1935064087	4.79339713285	230.835288736
middle_america 147 -102.848	17.2740721509	4.81214218921	266.084564393
middle_america 148 -102.896234058	17.3347275295	4.74787086352	322.972398046
middle_america 149 -102.9445	17.3953713515	4.65650468144	386.50724938
middle_america 150 -102.993	17.4017203861	4.58138775873	399.073293015
middle_america 151 -103.06	17.455616495	4.4542366945	423.291864807
middle_america 152 -103.173	17.4757312622	4.26620991022	392.794976107
middle_america 153 -103.246	17.5269641705	4.13145817931	380.221485162
middle_america 154 -103.325	17.5879328498	3.98279082243	349.097278533
middle_america 155 -103.412	17.6275327379	3.83034505262	289.029189652
middle_america 156 -103.485	17.690832508	3.6880930788	252.151796941
middle_america 157 -103.583	17.7105755042	3.50783526118	223.43919948
middle_america 158 -103.67	17.7500617556	3.34454887279	294.215128118
middle_america 159 -103.75	17.8013875014	3.20213749739	490.039284878
middle_america 160 -103.826	17.8610683245	3.20302247199	704.092128276
middle_america 161 -103.907	17.9052812117	3.38536154143	767.565508038
middle_america 162 -103.987	17.9489594989	3.64572235923	724.11971201
middle_america 163 -104.071	17.9848082005	3.79484826049	644.838961404
middle_america 164 -104.144	18.0401172773	4.03821131416	590.501766078
middle_america 165 -104.218	18.0807542586	4.19392389976	507.716780485
middle_america 166 -104.314	18.1311863217	4.36316500231	449.578939725
middle_america 167 -104.428	18.1593004488	4.30636278662	443.004020562
middle_america 168 -104.492	18.2369645956	4.60494418198	517.619307728
middle_america 169 -104.568	18.2847869366	4.71695014624	475.375375554
middle_america 170 -104.634	18.3484999142	4.84383888583	454.653857909
middle_america 171 -104.698	18.4055353256	4.98623824169	428.288173716
middle_america 172 -104.783	18.4558459411	5.48114336448	309.987686622
middle_america 173 -104.832	18.5536032345	6.44377086458	183.852036786
middle_america 174 -104.918	18.6100198683	7.29560822467	107.088096393
middle_america 175 -105.005	18.6675346571	8.15398344638	96.7978609065
middle_america 176 -105.069	18.722959447	8.88521740089	103.275155551
new_britain 0 148.710280407	-7.33821353604	NaN	343.524942162
new_britain 1 148.793261741	-7.35225858508	NaN	340.173056441
new_britain 2 148.876248322	-7.36628838006	NaN	337.245028527
new_britain 3 148.950588557	-7.36322434811	NaN	335.083030307
new_britain 4 149.024927763	-7.36014805667	NaN	332.159675524
new_britain 5 149.024927763	-7.36014805667	NaN	332.159675524
new_britain 6 149.051420511	-7.26264816074	NaN	328.655456274
new_britain 7 149.07790177	-7.16514672929	NaN	326.129714459
new_britain 8 149.117090436	-7.09275138252	NaN	324.581778087
new_britain 9 149.156266781	-7.02035275247	NaN	321.600803447
new_britain 10 149.156266781	-7.02035275247	NaN	321.600803447
new_britain 11 149.250615272	-7.07329835829	NaN	319.774799509
new_britain 12 149.344985398	-7.12622497413	NaN	317.168710205
new_britain 13 149.396804817	-7.06210345798	32.684272785	315.349763864
new_britain 14 149.448609868	-6.99797622513	32.6565425483	313.920674397
new_britain 15 149.491441737	-6.9747430426	32.8981242152	311.859120995
new_britain 16 149.538087535	-6.97366263466	33.3318045848	310.631056008
new_britain 17 149.61493966	-7.01192653118	34.3061628411	309.314581554
new_britain 18 149.691804409	-7.05017793575	35.4710471791	307.963823936
new_britain 19 149.767482511	-6.94604661382	35.944828833	306.758342849
new_britain 20 149.848424746	-6.99307325915	37.0827298563	304.873626759
new_britain 21 149.929383279	-7.04008608349	38.4244074465	304.315337365
new_britain 22 149.976152448	-7.02145676157	38.8813299652	303.488338814
new_britain 23 150.069693612	-6.99334101932	39.8942058784	302.146664936
new_britain 24 150.163142931	-6.94210846311	40.7407001622	302.619449494
new_britain 25 150.249302816	-6.89667638857	41.5531839014	301.884513158
new_britain 26 150.332381413	-6.86784788294	42.4623792748	300.953118118
new_britain 27 150.434127767	-6.85693371998	43.6638457472	301.124280036
new_britain 28 150.520301148	-6.83651831	44.6138743266	303.116025132
new_britain 29 150.601788646	-6.79250757587	45.35387496	303.125411827
new_britain 30 150.699553573	-6.77587993651	46.3852308472	304.291259287
new_britain 31 150.783601172	-6.72755769606	46.8277150798	306.722731386
new_britain 32 150.856095984	-6.6697696349	46.4986506701	308.442138936
new_britain 33 150.94322037	-6.63988325306	46.4728993624	310.97155749
new_britain 34 151.028241182	-6.60599480177	46.4435519885	314.225406142
new_britain 35 151.11325041	-6.57209215474	46.0855092518	317.230035947
new_britain 36 151.190763885	-6.51661987861	45.6074530775	320.617760744
new_britain 37 151.272850173	-6.47599511004	45.1960115564	324.358485465
new_britain 38 151.347070382	-6.42955837848	44.7777876484	328.35046117
new_britain 39 151.421277148	-6.38311113524	44.3286473355	333.010595637
new_britain 40 151.505118822	-6.35187052261	43.9293088275	337.867244135
new_britain 41 151.590001369	-6.30908618479	43.5028016288	344.869842815
new_britain 42 151.672499687	-6.25508311178	42.9325848626	350.262857034
new_britain 43 151.752411631	-6.20864299706	42.4878575192	356.101491439
new_britain 44 151.835140707	-6.16569793472	41.9920882573	364.163457735
new_britain 45 151.920687934	-6.12624678459	41.5971344531	371.397546631
new_britain 46 151.983284874	-6.09743186851	41.3217989379	376.381406917
new_britain 47 152.030134936	-6.06362711314	40.9154113837	381.1244663
new_britain 48 152.104506689	-6.02540656601	40.5349497164	389.028942492
new_britain 49 152.169585711	-5.96667612809	39.8654455114	397.157227698
new_britain 50 152.247648649	-5.93663696179	39.4375290159	405.061756468
new_britain 51 152.316476102	-5.91519980091	39.0638037716	412.450425889
new_britain 52 152.379137055	-5.87878092732	38.3598901371	420.054330628
new_britain 53 152.457098592	-5.85152843407	37.6981001527	428.485257387
new_britain 54 152.532524963	-5.81563098467	36.8923306209	438.377944008
new_britain 55 152.634917874	-5.80130913429	36.5025976316	450.285539734
new_britain 56 152.655572113	-5.79306307739	36.3390162966	453.175554071
new_britain 57 152.655572113	-5.79306307739	36.3390162966	453.175554071
new_britain 58 152.731330212	-5.79820668554	36.2449177758	462.21271719
new_britain 59 152.80708969	-5.80334022565	36.1928878935	470.049850513
new_britain 60 152.896926707	-5.82783390299	36.8374834787	478.886786704
new_britain 61 152.983829116	-5.86548211435	38.73188043	487.109800016
new_britain 62 153.052508297	-5.89323048568	38.4401370602	493.773054799
new_britain 63 153.124459088	-5.91044945809	37.8633477999	501.792512277
new_britain 64 153.208889555	-5.94759238874	37.1744390902	510.238687812
new_britain 65 153.29535947	-5.98070404484	36.92923595	518.571639689
new_britain 66 153.375756651	-6.02585977076	36.8766411687	525.372257191
new_britain 67 153.444456985	-6.06444678561	36.8584335294	531.097850561
new_britain 68 153.520716194	-6.0846108468	36.7343041334	538.713425692
new_britain 69 153.569728326	-6.16255074291	36.9274641395	538.489030354
new_britain 70 153.641008304	-6.21212015511	36.937609138	542.735921365
new_britain 71 153.695612634	-6.28295714394	37.1111262265	542.257754533
new_hebrides 0 166.215351258	-13.9016721554	NaN	23.9046073973
new_hebrides 1 166.223575897	-13.9833317434	NaN	25.3772356981
new_hebrides 2 166.238601397	-14.0852169036	NaN	30.0009536324
new_hebrides 3 166.238601397	-14.1799367976	NaN	33.8287719483
new_hebrides 4 166.255854184	-14.2613314181	NaN	33.1637668118
new_hebrides 5 166.282427818	-14.3427691498	NaN	35.5937727856
new_hebrides 6 166.289060428	-14.4181048715	NaN	37.5873011268
new_hebrides 7 166.306153607	-14.4849616204	NaN	41.4247243022
new_hebrides 8 166.307951844	-14.5210808156	NaN	39.9831848551
new_hebrides 9 166.322009316	-14.6036859925	NaN	33.7833243311
new_hebrides 10 166.336077354	-14.6862903272	NaN	28.8836022495
new_hebrides 11 166.29904064	-14.7617712015	NaN	24.8691566857
new_hebrides 12 166.261978205	-14.8372461729	NaN	24.0466833853
new_hebrides 13 166.261978205	-14.8372461729	NaN	24.0466833853
new_hebrides 14 166.188016697	-14.9100807766	NaN	24.7395017891
new_hebrides 15 166.114005111	-14.9828916255	NaN	30.5453073071
new_hebrides 16 166.111568618	-15.0355084679	NaN	30.1825977931
new_hebrides 17 166.108823603	-15.0836147141	NaN	29.5467722798
new_hebrides 18 166.014486359	-15.1172094196	NaN	39.4373742944
new_hebrides 19 165.920119243	-15.1507650065	NaN	48.3466583683
new_hebrides 20 165.82572221	-15.1842813712	NaN	55.6801970822
new_hebrides 21 165.799732456	-15.2564181905	NaN	57.8505223212
new_hebrides 22 165.773724846	-15.3285520148	NaN	60.642289583
new_hebrides 23 165.730411078	-15.4169843173	NaN	66.7594830429
new_hebrides 24 165.687060425	-15.5054082212	NaN	70.6926886453
new_hebrides 25 165.776929946	-15.516620034	NaN	69.3033221824
new_hebrides 26 165.866809217	-15.5277955075	NaN	67.9595069142
new_hebrides 27 165.956698214	-15.5389346101	NaN	64.9029487283
new_hebrides 28 166.046596915	-15.5500373105	NaN	58.5428762179
new_hebrides 29 166.136505295	-15.5611035775	NaN	52.2388725949
new_hebrides 30 166.226423331	-15.5721333799	NaN	46.6304802837
new_hebrides 31 166.316350999	-15.5831266866	NaN	46.5499499886
new_hebrides 32 166.406288276	-15.5940834666	NaN	52.9450143998
new_hebrides 33 166.406288276	-15.5940834666	NaN	52.9450143998
new_hebrides 34 166.430804737	-15.6733639596	NaN	66.5471327456
new_hebrides 35 166.455340243	-15.7526417219	NaN	85.2018429015
new_hebrides 36 166.376179767	-15.792176947	NaN	88.9865271541
new_hebrides 37 166.2969884	-15.8316835198	NaN	87.1934696287
new_hebrides 38 166.21776607	-15.8711613535	36.5161555094	74.2696460405
new_hebrides 39 166.138512706	-15.9106103615	NaN	53.6465407479
new_hebrides 40 166.059228238	-15.9500304569	NaN	44.4040833914
new_hebrides 41 165.979912595	-15.9894215529	36.1967955813	52.8332034951
new_hebrides 42 165.900565707	-16.0287835625	36.0893432695	71.5075620107
new_hebrides 43 165.907104244	-16.1098728423	36.3474105385	107.446802836
new_hebrides 44 165.913648128	-16.1909619231	36.8536085509	134.098971697
new_hebrides 45 165.904170031	-16.3212348062	37.763615623	103.765770605
new_hebrides 46 165.964418449	-16.3851467395	38.3755330374	116.653164752
new_hebrides 47 166.024706396	-16.4490415158	38.9847619069	136.983399274
new_hebrides 48 166.060303167	-16.4894029749	39.364414173	151.252777791
new_hebrides 49 166.104883833	-16.500851859	39.5583200979	176.607425329
new_hebrides 50 166.076107593	-16.5669103654	39.9619836471	145.793300084
new_hebrides 51 166.047311608	-16.6329649193	40.3659678294	122.2645545
new_hebrides 52 166.102718437	-16.69122357	40.9234629846	153.306253907
new_hebrides 53 166.158159057	-16.7494674712	41.475811495	176.455428876
new_hebrides 54 166.166399597	-16.8251941039	42.046913413	164.682117514
new_hebrides 55 166.174646726	-16.9009204079	42.5834104092	149.940331703
new_hebrides 56 166.259763429	-16.8850043773	42.6707375093	177.248341323
new_hebrides 57 166.344865764	-16.8690532092	42.7233658963	193.124412837
new_hebrides 58 166.429953716	-16.853066945	42.7584994669	189.741959827
new_hebrides 59 166.515027269	-16.8370456256	42.8074125907	164.815996206
new_hebrides 60 166.60008641	-16.8209892924	42.8528846991	131.81064837
new_hebrides 61 166.679350409	-16.8372214509	42.8232842995	109.284822373
new_hebrides 62 166.758627988	-16.8534232037	42.680275464	95.7206225663
new_hebrides 63 166.837919138	-16.8695945147	42.4862000758	86.4452999927
new_hebrides 64 166.837919138	-16.8695945147	42.4862000758	86.4452999927
new_hebrides 65 166.779698569	-16.9638976676	42.2717223503	96.9439586475
new_hebrides 66 166.721419515	-17.0581842938	42.0191478314	114.107060459
new_hebrides 67 166.809672989	-17.0759831979	41.8397767712	97.9208703566
new_hebrides 68 166.89794329	-17.0937439377	41.6433162832	85.3601547345
new_hebrides 69 166.89794329	-17.0937439377	41.6433162832	85.3601547345
new_hebrides 70 166.865983587	-17.1742383152	41.4306828283	96.3115059751
new_hebrides 71 166.833996119	-17.254727659	41.1954316241	110.206052188
new_hebrides 72 166.801980725	-17.3352119397	40.9542754446	123.468164965
new_hebrides 73 166.887163361	-17.2799382928	41.036574562	98.8844147742
new_hebrides 74 166.972294868	-17.2246287473	41.1294631215	80.7947963144
new_hebrides 75 167.057375419	-17.1692834469	41.1706936307	73.390446834
new_hebrides 76 167.142405185	-17.113902535	41.2004450133	74.7579577383
new_hebrides 77 167.227384337	-17.0584861547	NaN	78.3079739416
new_hebrides 78 167.268760799	-17.1404063102	NaN	72.0148349078
new_hebrides 79 167.310173767	-17.2223180432	NaN	58.5446050178
new_hebrides 80 167.349764555	-17.2808736526	NaN	48.5879690631
new_hebrides 81 167.389380525	-17.3394214973	NaN	40.686057003
new_hebrides 82 167.43192314	-17.4591172389	NaN	33.6226976632
new_hebrides 83 167.423327759	-17.5268708586	NaN	31.2558296823
new_hebrides 84 167.414725956	-17.5946241077	NaN	28.8136645618
new_hebrides 85 167.407759047	-17.6835846705	39.0214101267	28.6977847759
new_hebrides 86 167.400785236	-17.7725449879	38.8255140425	27.7074269609
new_hebrides 87 167.375144773	-17.8209956396	38.6987058398	27.8381100389
new_hebrides 88 167.375144773	-17.9135509173	38.4599812384	27.2791246
new_hebrides 89 167.389308887	-17.9564250688	38.3447350122	26.7004823311
new_hebrides 90 167.417063433	-18.030871179	38.1288879447	25.4964660947
new_hebrides 91 167.444841465	-18.1053133287	37.892296714	24.6914222807
new_hebrides 92 167.472643107	-18.1797514971	37.6610412648	24.6843295089
new_hebrides 93 167.472643107	-18.1797514971	37.6610412648	24.6843295089
new_hebrides 94 167.484512387	-18.2650712381	37.4132554331	24.14515226
new_hebrides 95 167.49639334	-18.3503902466	37.1703286686	24.1409401953
new_hebrides 96 167.495324096	-18.4838634824	36.808586346	26.7211831749
new_hebrides 97 167.509584255	-18.571077924	36.558437234	28.3781466221
new_hebrides 98 167.523859007	-18.658291293	36.292579772	30.0771728551
new_hebrides 99 167.543718014	-18.705282586	36.1309242884	31.6407206607
new_hebrides 100 167.594094897	-18.7855194009	35.8504999736	38.977106627
new_hebrides 101 167.611337166	-18.8840617654	35.5044462554	51.357046324
new_hebrides 102 167.65737453	-18.9597440264	35.1309065205	59.0433322905
new_hebrides 103 167.660974744	-19.0546365517	34.7947835667	57.1997075803
new_hebrides 104 167.712750898	-19.1395830964	34.3928635137	58.5842772485
new_hebrides 105 167.73144485	-19.2339853932	34.003798358	61.73611609
new_hebrides 106 167.765378545	-19.3058894195	33.6741018659	64.8884911842
new_hebrides 107 167.858813571	-19.3493314907	33.3497337625	71.183616407
new_hebrides 108 167.875248602	-19.4417069337	33.3173502464	68.4704524411
new_hebrides 109 167.887043877	-19.4844721115	33.4736799643	67.3024863372
new_hebrides 110 167.931323137	-19.5720088239	33.9351510715	70.5717469045
new_hebrides 111 167.975650524	-19.6595347235	34.3885441751	72.4939188265
new_hebrides 112 168.008301047	-19.6868694469	34.5784077912	73.9188546481
new_hebrides 113 168.089232705	-19.7302601664	34.9122217489	76.5270396145
new_hebrides 114 168.110232566	-19.7940545654	35.2428111252	77.6965245316
new_hebrides 115 168.143744606	-19.851812064	35.6420012026	82.3137725172
new_hebrides 116 168.17949081	-19.9056879723	35.9962169621	89.852843229
new_hebrides 117 168.289122312	-19.9441905858	NaN	101.411444743
new_hebrides 118 168.315325691	-19.9826960388	37.0371859673	108.457121471
new_hebrides 119 168.323046375	-20.0938829236	37.7200536332	123.754422021
new_hebrides 120 168.330778029	-20.2050694722	38.3311297185	135.36740152
new_hebrides 121 168.330778029	-20.2050694722	38.3311297185	135.36740152
new_hebrides 122 168.398254062	-20.2367531369	38.4667498125	140.562520023
new_hebrides 123 168.465757601	-20.2684110008	NaN	145.803338577
new_hebrides 124 168.44735693	-20.3424302821	38.6930061149	144.438483196
new_hebrides 125 168.428938625	-20.4164476354	38.7874937002	142.813957894
new_hebrides 126 168.438645714	-20.4530705417	38.8542869076	144.440534309
new_hebrides 127 168.45848738	-20.499186737	38.950282571	147.23137454
new_hebrides 128 168.524850901	-20.5737316509	39.1388177971	151.516891993
new_hebrides 129 168.59127926	-20.648251251	39.315616041	154.113148536
new_hebrides 130 168.591427823	-20.6933989292	39.4213704881	153.254094485
new_hebrides 131 168.635444135	-20.7151762135	39.4968923436	152.879198837
new_hebrides 132 168.660743121	-20.8135490992	39.7658088347	146.71143407
new_hebrides 133 168.686075152	-20.9119182698	40.0817806327	138.81101113
new_hebrides 134 168.692528564	-20.9469753689	40.1867825096	136.533199764
new_hebrides 135 168.725277316	-21.0040686108	40.3956836863	134.618829168
new_hebrides 136 168.791849842	-21.0912608566	40.7246321952	126.601476084
new_hebrides 137 168.835734488	-21.1766185102	41.0198307633	119.398181617
new_hebrides 138 168.866830034	-21.2683039815	41.3167360506	114.813067688
new_hebrides 139 168.941448717	-21.3378657489	41.6143020579	113.638827953
new_hebrides 140 168.987926276	-21.4247384579	41.918334053	102.425231794
new_hebrides 141 169.062203067	-21.5007430477	42.2337036592	98.0634142502
new_hebrides 142 169.119072276	-21.5610280815	42.480725336	94.6793259779
new_hebrides 143 169.194230501	-21.6062043236	42.725013171	105.648859705
new_hebrides 144 169.233810647	-21.6455633766	42.9097937397	107.965395963
new_hebrides 145 169.280828183	-21.7481179898	42.8607725691	100.084060998
new_hebrides 146 169.327912908	-21.8506593055	42.2606089572	100.460322614
new_hebrides 147 169.350703329	-21.8872346429	41.9739923874	103.588734609
new_hebrides 148 169.454709244	-21.9433610192	41.2553052617	132.882751167
new_hebrides 149 169.518160931	-22.0265055664	40.6467073073	131.890192763
new_hebrides 150 169.602249339	-22.0962717932	40.0473412735	143.536119415
new_hebrides 151 169.675425624	-22.1452293362	39.5745150808	159.664306406
new_hebrides 152 169.742382973	-22.2069489667	39.0458894539	181.224032961
new_hebrides 153 169.827689761	-22.2479033897	38.6112987395	211.825135939
new_hebrides 154 169.879806916	-22.3086783632	38.0964471672	231.035347645
new_hebrides 155 169.93777796	-22.3503161044	37.7590073301	247.1627502
new_hebrides 156 169.995345592	-22.397732802	37.2544264981	256.133549431
new_hebrides 157 170.066508388	-22.4866598	36.6179121397	258.060277727
new_hebrides 158 170.10239155	-22.5190134362	36.3527396018	263.810267702
new_hebrides 159 170.190985022	-22.5892301697	35.7816294886	295.166306264
new_hebrides 160 170.279668849	-22.6593982706	35.2533458072	383.027640013
new_hebrides 161 170.32358585	-22.6978883605	35.0167114625	441.49736745
new_hebrides 162 170.42	-22.7591	34.7759772294	491.358786121
new_hebrides 163 170.476110426	-22.8049145256	34.6980268696	495.88048796
new_hebrides 164 170.500872798	-22.833835785	34.6190087598	498.409836508
new_hebrides 165 170.603424674	-22.862856634	34.647495648	379.410969111
new_hebrides 166 170.706020314	-22.891811742	34.6747974412	268.201225957
new_hebrides 167 170.706020314	-22.891811742	34.6747974412	268.201225957
new_hebrides 168 170.791835149	-22.9456114092	34.5789189088	216.109551795
new_hebrides 169 170.877718208	-22.9993648964	34.4991581888	193.517058224
new_hebrides 170 170.92694199	-22.9998	34.5664194196	188.035533403
new_hebrides 171 170.981970995	-23.0033586336	34.6172913057	186.086916072
new_hebrides 172 171.068306891	-23.0273769103	34.6573203733	185.378501088
new_hebrides 173 171.154673529	-23.0513483359	34.712606292	190.502174432
new_hebrides 174 171.243466594	-23.0742912141	34.793208386	203.841213552
new_hebrides 175 171.332289925	-23.0971844591	34.8670027975	221.48577824
new_hebrides 176 171.382200279	-23.1047417098	34.9187884221	227.499605856
new_hebrides 177 171.438311867	-23.1116086271	34.9641497842	232.269137391
new_hebrides 178 171.549372228	-23.1263417347	34.9589096933	244.833305176
new_hebrides 179 171.660456921	-23.1409970679	34.9087764387	255.865766052
new_hebrides 180 171.703696205	-23.1419492006	34.9195471016	252.513108233
new_hebrides 181 171.778404155	-23.1522637333	34.9369626124	241.217714576
new_hebrides 182 171.853766328	-23.1522637333	34.9732458994	226.973992166
new_hebrides 183 171.951837374	-23.141916401	35.0215242585	222.150761081
new_hebrides 184 172.008622723	-23.1305933961	35.0367806261	222.469593357
new_hebrides 185 172.122982567	-23.120613297	34.9966995383	220.082995318
new_hebrides 186 172.237325332	-23.11055078	34.8880216324	210.836197268
new_hebrides 187 172.2785063	-23.1101349987	34.8320111343	207.016929466
palau 0 134.721962264	6.92808347932	33.668518829	202.801402161
palau 1 134.750174527	6.94991695863	33.678418557	203.703420654
palau 2 134.79375	7.00625	NaN	203.846986188
palau 3 134.855949871	7.09976209705	NaN	201.857140991
palau 4 134.910416667	7.19791666667	NaN	198.727113713
palau 5 134.94375	7.29375	NaN	195.571113794
palau 6 134.964583333	7.39791666667	NaN	193.39160142
palau 7 134.985416667	7.49791666667	NaN	191.203978581
palau 8 134.989583334	7.53958333333	NaN	189.155886614
palau 9 134.987500529	7.64791667166	NaN	186.281074922
palau 10 134.985416667	7.75625	NaN	184.047422322
palau 11 134.985416667	7.75625	NaN	184.047422322
palau 12 134.985416667	7.75625	NaN	184.047422322
palau 13 134.972918847	7.82893111155	NaN	182.710827284
palau 14 134.960416667	7.90161185508	NaN	181.226640468
palau 15 134.951909325	7.95184759421	NaN	180.348922055
peru-chile 0 -75.994	-45.5215176462	2.56358391715	430.65058495
peru-chile 1 -76.0380758082	-45.4242617441	4.00802616022	464.862160009
peru-chile 2 -76.082	-45.3269889492	4.33223946828	478.418174872
peru-chile 3 -76.081	-45.2809696078	4.36231349718	482.786775434
peru-chile 4 -76.048	-45.1925411653	4.5100650354	489.356739703
peru-chile 5 -76.008	-45.1048221123	4.67267815704	494.968457511
peru-chile 6 -76.006	-45.0127822043	4.76709846973	493.844814257
peru-chile 7 -76.006	-44.9228970991	4.85690654686	494.625631422
peru-chile 8 -76.0175	-44.878161075	4.88071010292	494.003396523
peru-chile 9 -76.0943344336	-44.8147460746	4.77882223098	480.265071582
peru-chile 10 -76.171	-44.7512796705	4.66070114731	462.625208832
peru-chile 11 -76.045863429	-44.688062918	4.99482359095	501.631588684
peru-chile 12 -75.921	-44.6247098198	5.26727502383	528.008427632
peru-chile 13 -75.928	-44.5800896177	5.30155652752	529.789125994
peru-chile 14 -75.932	-44.4906829359	5.37607304192	534.746731602
peru-chile 15 -75.949	-44.4022613152	5.44527836029	536.516645351
peru-chile 16 -75.941	-44.3120254926	6.53915730674	540.142780609
peru-chile 17 -75.9625	-44.268147185	7.72309031567	538.830728653
peru-chile 18 -75.9061650613	-44.1791278924	10.4143174164	544.810912303
peru-chile 19 -75.85	-44.0900809995	11.9282119516	551.337222919
peru-chile 20 -75.855	-44.0420630501	12.2893208601	550.953667925
peru-chile 21 -75.863	-43.9501063505	12.7061982249	550.208206858
peru-chile 22 -75.855	-43.8602168988	12.9936566057	550.446597493
peru-chile 23 -75.86	-43.8194066028	13.0748173251	549.571396041
peru-chile 24 -75.930845197	-43.7437875875	13.0405264237	542.556628421
peru-chile 25 -76.0015115906	-43.6681249253	12.9608717418	534.890373607
peru-chile 26 -76.072	-43.5924188413	12.8847795569	528.095665766
peru-chile 27 -76.072	-43.5924188413	12.8847795569	528.095665766
peru-chile 28 -76.072	-43.5924188413	12.8847795569	528.095665766
peru-chile 29 -75.9848799819	-43.5508915586	13.0372075502	534.5567253
peru-chile 30 -75.8978800318	-43.5092982175	13.1888827992	540.958442686
peru-chile 31 -75.811	-43.4676390047	13.3378911626	548.046498707
peru-chile 32 -75.9451120832	-43.4170686034	13.1550403884	534.660892939
peru-chile 33 -76.079	-43.3663417455	12.9779664626	520.574414857
peru-chile 34 -75.9414225695	-43.3322238096	13.2021443581	531.835727826
peru-chile 35 -75.804	-43.2979411649	13.4251047239	543.724948806
peru-chile 36 -75.88856606	-43.2503571233	13.317047786	533.672810015
peru-chile 37 -75.973	-43.2027108875	13.2092927773	523.932339808
peru-chile 38 -75.8796612654	-43.1445766945	13.3783464506	530.575737441
peru-chile 39 -75.7865	-43.0863667776	13.5463515835	538.166074131
peru-chile 40 -75.7865	-43.0863667776	13.5463515835	538.166074131
peru-chile 41 -75.6973810395	-43.0042878014	13.7119035122	544.83786394
peru-chile 42 -75.6085	-42.9221398692	13.8788346231	552.180620626
peru-chile 43 -75.621	-42.8742931735	13.8857105008	549.183757296
peru-chile 44 -75.628	-42.8309499664	13.8963173309	547.114598988
peru-chile 45 -75.7195407277	-42.7606327491	13.7896745702	534.040642781
peru-chile 46 -75.8108738051	-42.6902427938	13.687919557	519.894635107
peru-chile 47 -75.902	-42.6197804439	13.5786102342	506.141086835
peru-chile 48 -75.897	-42.5749268376	13.6065627648	505.358196219
peru-chile 49 -75.803	-42.4996875731	13.7856581047	516.040519251
peru-chile 50 -75.769	-42.4597583531	13.8572443478	520.012478029
peru-chile 51 -75.6698840177	-42.3862551129	14.0413696414	531.250093259
peru-chile 52 -75.571	-42.3126666987	14.2296016951	542.245853753
peru-chile 53 -75.571	-42.3126666987	14.2296016951	542.245853753
peru-chile 54 -75.5144256255	-42.229587978	14.3474748641	547.89493227
peru-chile 55 -75.458	-42.1464815299	14.4684101301	552.661612082
peru-chile 56 -75.479	-42.1004587822	14.4612170843	549.491300013
peru-chile 57 -75.479	-42.0085610127	14.5068846276	548.336894112
peru-chile 58 -75.47	-41.9169390617	14.5696259813	548.913815785
peru-chile 59 -75.432	-41.8254587731	14.7814219731	552.346281805
peru-chile 60 -75.432	-41.7335873164	15.1145552054	551.205341371
peru-chile 61 -75.432	-41.6416397719	15.7282039666	550.416805077
peru-chile 62 -75.441	-41.5501654592	16.390536311	549.119612285
peru-chile 63 -75.441	-41.4581151709	16.8291956945	548.614643049
peru-chile 64 -75.452	-41.4083495995	16.9358855459	547.612163263
peru-chile 65 -75.5025660409	-41.3231413615	16.9185145791	542.772430781
peru-chile 66 -75.553	-41.2379110514	16.8693558712	538.617135164
peru-chile 67 -75.6470972442	-41.1701708464	16.7369510621	530.608955524
peru-chile 68 -75.741	-41.1023542209	16.66687311	523.544143537
peru-chile 69 -75.8160985202	-41.0158456856	17.4049481611	518.480967494
peru-chile 70 -75.891	-40.929288537	19.0747991612	511.666343492
peru-chile 71 -75.891	-40.929288537	19.0747991612	511.666343492
peru-chile 72 -75.7782148721	-40.9253716045	18.8097606664	521.737058175
peru-chile 73 -75.6654433007	-40.9213447989	18.4961348318	530.088230462
peru-chile 74 -75.5526856571	-40.9172081493	18.3407002089	538.545972741
peru-chile 75 -75.4399423122	-40.9129616853	18.18419831	547.266158519
peru-chile 76 -75.3272136365	-40.9086054375	18.0626070291	556.454512787
peru-chile 77 -75.2145	-40.9041394372	17.9126082188	565.456571081
peru-chile 78 -75.212	-40.8601830347	18.4600101943	565.093627809
peru-chile 79 -75.149	-40.7784437576	19.5030634922	568.771796431
peru-chile 80 -75.149	-40.6945458165	20.1073937705	567.771139848
peru-chile 81 -75.151	-40.6106047944	20.4374291254	566.60603826
peru-chile 82 -75.151	-40.526579897	20.741535894	565.486249333
peru-chile 83 -75.151	-40.4423396796	21.0745024676	564.431533089
peru-chile 84 -75.195	-40.3589	21.4083102923	560.261353678
peru-chile 85 -75.219	-40.2654012157	21.7860998451	557.45435412
peru-chile 86 -75.243	-40.1718975376	22.1726873117	554.571536011
peru-chile 87 -75.249	-40.0796649508	22.5481811938	552.996823385
peru-chile 88 -75.249	-39.9865811312	22.8979483823	550.858634167
peru-chile 89 -75.244	-39.8964739796	23.1189277125	549.929097751
peru-chile 90 -75.21	-39.8120094228	23.2229863513	550.50827157
peru-chile 91 -75.193	-39.7332000579	23.2884600265	550.005772455
peru-chile 92 -75.16	-39.6482023157	23.3587030909	550.174320018
peru-chile 93 -75.144	-39.5648136309	23.4132683755	549.967505591
peru-chile 94 -75.122	-39.4816988267	23.4756964565	549.240820528
peru-chile 95 -75.122	-39.3946006354	23.5165393276	547.150382627
peru-chile 96 -75.118	-39.3042069888	23.564267282	545.220991414
peru-chile 97 -75.109	-39.220403786	23.6204550351	543.749736754
peru-chile 98 -75.088	-39.136596706	23.6829330336	542.997275655
peru-chile 99 -75.056	-39.0555803614	23.7449007652	542.888092467
peru-chile 100 -75.044	-38.9675039404	23.7733760542	541.10649063
peru-chile 101 -75.036	-38.8738707318	24.1474475731	539.022144693
peru-chile 102 -75.002	-38.7891980296	25.4656820848	538.897661297
peru-chile 103 -74.999	-38.6975564145	28.0631946379	536.135962846
peru-chile 104 -74.999	-38.606908772	27.1278810398	533.663717295
peru-chile 105 -75.002	-38.5047871979	25.9556220043	530.040935941
peru-chile 106 -75.0145	-38.4515090736	26.2235673667	528.09133586
peru-chile 107 -75.0778269884	-38.3634195593	26.9072745206	522.373666514
peru-chile 108 -75.141	-38.2752960661	27.4398162109	516.442921336
peru-chile 109 -75.0504465964	-38.2324160265	27.3216685107	520.023298711
peru-chile 110 -74.96	-38.1894664986	27.6809501685	523.184032937
peru-chile 111 -74.954	-38.1423098262	28.1772429901	521.994314105
peru-chile 112 -74.952	-38.0912609325	28.706037538	520.568251098
peru-chile 113 -74.94	-38.021762322	29.477215698	519.33515518
peru-chile 114 -74.913	-37.9762058382	30.3428963778	519.417499738
peru-chile 115 -74.8520671151	-37.9160179738	30.1893558605	520.923387316
peru-chile 116 -74.7912338907	-37.8557987459	29.2373759293	521.884808774
peru-chile 117 -74.7305	-37.7955482736	30.4920971039	523.034825936
peru-chile 118 -74.717	-37.7482660604	30.7117615984	522.604964379
peru-chile 119 -74.686	-37.6547982691	30.3628467089	520.667635724
peru-chile 120 -74.673	-37.5553366055	30.8716824059	517.648403969
peru-chile 121 -74.668	-37.459832937	31.8818350936	515.021263931
peru-chile 122 -74.6	-37.375200753	31.9704110919	515.685578672
peru-chile 123 -74.588	-37.2774511316	32.0707831998	512.774344932
peru-chile 124 -74.588	-37.1836294711	32.1658039461	508.551973192
peru-chile 125 -74.577	-37.0898066687	32.2687996693	504.077753396
peru-chile 126 -74.577	-36.9959827307	32.3633279109	496.517586591
peru-chile 127 -74.615	-36.8949601881	32.4196375976	479.432958359
peru-chile 128 -74.634	-36.7958902744	32.4902706899	461.699361084
peru-chile 129 -74.634	-36.6934953006	32.5893968169	447.762701313
peru-chile 130 -74.634	-36.5851767526	32.6866074484	431.051414484
peru-chile 131 -74.576	-36.4976607031	32.8289652741	431.416365372
peru-chile 132 -74.51	-36.4135158704	32.9782305994	435.005607614
peru-chile 133 -74.503	-36.3123587938	33.0666013936	419.98422701
peru-chile 134 -74.4815	-36.2685710346	33.1282355206	418.051041813
peru-chile 135 -74.4262018506	-36.2003608377	33.2672060908	419.397250334
peru-chile 136 -74.371	-36.1321252491	33.4038144607	420.965042707
peru-chile 137 -74.2944480404	-36.0787409758	33.5480448273	427.066913143
peru-chile 138 -74.218	-36.0253080883	33.6763098157	432.621387081
peru-chile 139 -74.182	-35.9874152691	33.7492789308	432.059435845
peru-chile 140 -74.14	-35.8994636765	33.8805183796	424.264824154
peru-chile 141 -74.033	-35.8377315442	34.0287301956	429.562577242
peru-chile 142 -73.976	-35.7557720166	34.1236895341	425.624891456
peru-chile 143 -73.934	-35.6677487677	NaN	421.356556798
peru-chile 144 -73.897	-35.5777	NaN	416.742107739
peru-chile 145 -73.864	-35.4926055502	34.5091490418	411.916020036
peru-chile 146 -73.831	-35.4075019828	NaN	407.315711582
peru-chile 147 -73.798	-35.3223893492	35.0211535743	402.49216988
peru-chile 148 -73.738	-35.2429713052	35.0396357096	401.636871524
peru-chile 149 -73.709	-35.1578334934	35.0824566793	394.007284767
peru-chile 150 -73.709	-35.064720247	35.2133423682	381.493295917
peru-chile 151 -73.709	-34.9681885624	35.3305612915	366.456380451
peru-chile 152 -73.711	-34.8772286609	35.4263041043	348.42436809
peru-chile 153 -73.706	-34.7693337325	35.5453480072	324.16588327
peru-chile 154 -73.68	-34.6832819907	35.6588372552	309.883384341
peru-chile 155 -73.603	-34.6202067162	35.805541629	313.159262735
peru-chile 156 -73.493	-34.5731397923	35.96592737	328.225169859
peru-chile 157 -73.406	-34.5145263036	36.1298733348	335.147556151
peru-chile 158 -73.353	-34.4398408278	36.2524768567	324.660462381
peru-chile 159 -73.353	-34.3399765944	36.3629660197	299.86332711
peru-chile 160 -73.351	-34.2318919515	36.4704903289	274.919769307
peru-chile 161 -73.312	-34.1595658301	36.5835688243	266.284350646
peru-chile 162 -73.308	-34.0619304568	36.6868965066	250.314040658
peru-chile 163 -73.28	-33.9753632485	36.796157945	241.384478403
peru-chile 164 -73.271	-33.9298642114	36.8495816516	235.943202158
peru-chile 165 -73.1674680813	-33.9036158717	36.9882956264	245.989031856
peru-chile 166 -73.064	-33.8772809753	37.1055156977	257.258536187
peru-chile 167 -73.1057817126	-33.8123073902	37.1328627346	242.947065296
peru-chile 168 -73.1475	-33.7473197393	37.1541109796	228.963737268
peru-chile 169 -73.136	-33.7172520879	37.194480926	226.791094689
peru-chile 170 -73.099	-33.6240121521	37.3196850606	221.30339375
peru-chile 171 -73.063	-33.5307610078	37.4459453301	217.70685614
peru-chile 172 -73.031	-33.4368995304	37.5647193461	212.9575466
peru-chile 173 -72.99	-33.3529529912	37.6792764114	210.2280159
peru-chile 174 -72.978	-33.2739642372	37.7571194192	206.91361307
peru-chile 175 -72.933	-33.1843680069	37.8873168166	205.753034058
peru-chile 176 -72.868	-33.0940723984	38.0383406721	205.445344503
peru-chile 177 -72.818	-33.0042637269	38.1605124954	206.332062302
peru-chile 178 -72.79	-32.9151360284	38.265961544	202.797042353
peru-chile 179 -72.729	-32.8247658098	38.404110274	204.382357286
peru-chile 180 -72.729	-32.7558533406	38.4667236239	202.647208572
peru-chile 181 -72.729	-32.6858989386	38.5270109757	200.680948444
peru-chile 182 -72.729	-32.5957717725	38.6033080752	196.631258706
peru-chile 183 -72.7	-32.5166103688	38.6974069703	196.321998002
peru-chile 184 -72.678	-32.4220995083	38.7846165467	195.560053697
peru-chile 185 -72.636	-32.3368331104	38.8874996428	194.186776243
peru-chile 186 -72.632	-32.2425925062	38.9644488025	192.764225479
peru-chile 187 -72.632	-32.1522803041	39.0295240757	190.987612918
peru-chile 188 -72.632	-32.0603503541	39.0963470541	188.764710357
peru-chile 189 -72.62	-31.9768657189	39.1709352728	188.098031042
peru-chile 190 -72.62	-31.8885569341	39.2321720357	187.4435428
peru-chile 191 -72.632	-31.7994459018	39.2835250567	185.167472728
peru-chile 192 -72.632	-31.7111369248	39.3453410711	183.22439018
peru-chile 193 -72.624	-31.6236303761	39.4140890167	181.926752974
peru-chile 194 -72.61	-31.5377666101	39.4851353631	180.074628159
peru-chile 195 -72.594	-31.4414263219	39.5722147253	178.095105695
peru-chile 196 -72.579	-31.3486920555	39.6459644524	175.846371029
peru-chile 197 -72.57	-31.2543364114	39.7130669379	173.195827019
peru-chile 198 -72.57	-31.1599800167	39.7792611511	169.613611527
peru-chile 199 -72.561	-31.0640085983	39.8461301258	166.776633032
peru-chile 200 -72.561	-30.9680059328	39.9077606987	163.566117489
peru-chile 201 -72.548	-30.8802677468	39.9711700015	161.171020856
peru-chile 202 -72.544	-30.7946932946	40.0286199303	157.05313023
peru-chile 203 -72.537	-30.7080659031	40.0862996532	154.302131988
peru-chile 204 -72.537	-30.6220530658	40.1480857423	150.53068556
peru-chile 205 -72.504	-30.5364759598	40.2353556148	148.458518031
peru-chile 206 -72.491	-30.4505473195	40.3173217945	145.289937193
peru-chile 207 -72.491	-30.3647032076	40.3944060874	141.910550747
peru-chile 208 -72.501	-30.2778237337	40.4690912954	136.591693743
peru-chile 209 -72.501	-30.1937631529	40.5463957651	132.182108233
peru-chile 210 -72.443	-30.10453102	NaN	132.678276034
peru-chile 211 -72.416	-30.0120641043	NaN	132.482654182
peru-chile 212 -72.41	-29.9185421777	40.8981907725	127.617562632
peru-chile 213 -72.408	-29.8247572826	41.0017893316	124.435355194
peru-chile 214 -72.402	-29.7312350282	41.1222772832	122.750758656
peru-chile 215 -72.38	-29.6384986136	41.2381226636	121.517225062
peru-chile 216 -72.354	-29.5552140506	41.3125406008	120.673737796
peru-chile 217 -72.349	-29.4724315615	41.4929173102	120.053748436
peru-chile 218 -72.316	-29.3840009048	41.8458897391	120.147659836
peru-chile 219 -72.307	-29.2933630687	43.2106903897	118.482867132
peru-chile 220 -72.299	-29.1990565432	44.307893838	118.104041084
peru-chile 221 -72.28	-29.1098835503	44.6893302777	116.711892016
peru-chile 222 -72.253	-29.0207051843	44.7798479371	116.152310783
peru-chile 223 -72.245	-28.9455599204	44.8485226367	115.856844145
peru-chile 224 -72.218	-28.8732808237	44.8904451231	115.940409508
peru-chile 225 -72.208	-28.76854182	44.9673949874	113.899309877
peru-chile 226 -72.181	-28.6793994853	45.0312808858	114.034442862
peru-chile 227 -72.167	-28.5824567421	45.1179489776	113.94725109
peru-chile 228 -72.163	-28.4823963094	45.1847605754	109.680853976
peru-chile 229 -72.116	-28.3963527352	45.2665413053	111.918958132
peru-chile 230 -72.067	-28.3114185758	45.3432808762	114.962597005
peru-chile 231 -72.064	-28.211704555	45.4158343178	114.931932416
peru-chile 232 -72.051	-28.1184928784	45.4712937839	116.72687005
peru-chile 233 -72.025	-28.0283075211	45.5446512776	118.599022779
peru-chile 234 -72.004	-27.9366042546	45.616487825	119.718707405
peru-chile 235 -71.977	-27.8524582804	45.6805405955	121.686355261
peru-chile 236 -71.959	-27.7498997925	45.7486361836	124.523429098
peru-chile 237 -71.9655	-27.7087762143	45.7648839831	123.626448588
peru-chile 238 -71.8999545046	-27.6327732723	45.8611084364	126.994434113
peru-chile 239 -71.8345	-27.5567395625	45.940102653	130.858605869
peru-chile 240 -71.839	-27.5157724916	45.9606763578	130.680937687
peru-chile 241 -71.836	-27.4244594723	46.0133484215	130.858936646
peru-chile 242 -71.836	-27.3374091419	46.063665601	130.845058873
peru-chile 243 -71.812	-27.2529959966	46.1254476862	131.535286583
peru-chile 244 -71.74	-27.1759413785	46.2124109274	135.638327281
peru-chile 245 -71.728	-27.0877093592	46.2701696107	135.283429712
peru-chile 246 -71.706	-27.0051269958	46.3329620928	136.552399233
peru-chile 247 -71.693	-26.920031878	46.3933101852	137.898593049
peru-chile 248 -71.675	-26.8355615629	46.4494655142	136.57813003
peru-chile 249 -71.668	-26.7510889202	46.4977094397	137.912943602
peru-chile 250 -71.656	-26.6627246822	46.5543595237	138.465533908
peru-chile 251 -71.624	-26.5759677716	46.6261186555	137.965534579
peru-chile 252 -71.615	-26.4850749935	46.675987205	139.167313167
peru-chile 253 -71.597	-26.3953970779	46.7345452756	138.748962164
peru-chile 254 -71.593	-26.3038953434	46.7836430388	137.769370474
peru-chile 255 -71.589	-26.2123934949	46.8325131706	138.438366723
peru-chile 256 -71.585	-26.1208915344	46.8823151722	136.741979564
peru-chile 257 -71.532	-26.0354514626	46.9698023367	138.326613361
peru-chile 258 -71.529	-25.9463677216	47.0160152303	138.506988966
peru-chile 259 -71.529	-25.8513717838	47.0618547111	137.652795087
peru-chile 260 -71.546	-25.7541954939	47.092911022	134.790224418
peru-chile 261 -71.548	-25.6591508273	47.1383545113	133.534234532
peru-chile 262 -71.548	-25.563546071	47.1846243543	132.446284964
peru-chile 263 -71.537	-25.4707407034	47.2392262189	132.364210097
peru-chile 264 -71.511	-25.3796092538	47.3295911865	131.987940673
peru-chile 265 -71.504	-25.2840065016	47.4540221479	131.13631213
peru-chile 266 -71.478	-25.1928694237	47.7137050579	132.143502314
peru-chile 267 -71.473	-25.0987321103	47.9400047027	129.681323224
peru-chile 268 -71.455	-25.0031382456	48.2272209038	129.635979813
peru-chile 269 -71.452	-24.9117496766	48.4415511479	128.06579022
peru-chile 270 -71.449	-24.8195032654	48.6475676535	126.126115741
peru-chile 271 -71.449	-24.7266862755	48.8507411905	123.904882237
peru-chile 272 -71.449	-24.633298002	49.0494383894	122.682091603
peru-chile 273 -71.446	-24.5416227976	49.2527351268	121.44780772
peru-chile 274 -71.43	-24.4499458625	49.512541402	119.11661995
peru-chile 275 -71.43	-24.3579829496	49.7123879754	116.852988323
peru-chile 276 -71.418	-24.2643734414	49.9421336381	116.281308533
peru-chile 277 -71.417	-24.1734978975	50.0979207156	112.250481882
peru-chile 278 -71.407	-24.081009446	50.2643240761	110.598965204
peru-chile 279 -71.379	-23.9902059156	50.5505097861	109.419607526
peru-chile 280 -71.378	-23.8968732645	50.7818830073	106.006945906
peru-chile 281 -71.369	-23.8043824804	51.0325694657	102.215810665
peru-chile 282 -71.36	-23.7118911255	51.2592401425	101.036206581
peru-chile 283 -71.35	-23.6193992032	51.4735428826	100.114836203
peru-chile 284 -71.35	-23.5263083017	51.6835070906	99.9563753613
peru-chile 285 -71.346	-23.4389135747	51.8787885047	101.630799081
peru-chile 286 -71.346	-23.3544437894	52.0590121827	101.884394321
peru-chile 287 -71.327	-23.2701983986	52.2916593255	104.909267915
peru-chile 288 -71.327	-23.1850493355	52.4705219511	106.939555782
peru-chile 289 -71.298	-23.1012514654	52.7317749049	110.696836126
peru-chile 290 -71.293	-23.0163271611	52.9132906336	112.599366957
peru-chile 291 -71.293	-22.9316271368	53.0767827515	114.048065884
peru-chile 292 -71.284	-22.8444530351	53.2460272936	116.49483201
peru-chile 293 -71.275	-22.7618999094	53.3995040347	118.692930317
peru-chile 294 -71.27	-22.67326622	53.5691335124	119.203501973
peru-chile 295 -71.266	-22.586209165	53.7680820523	120.246293331
peru-chile 296 -71.246	-22.4970409262	54.049780895	122.183028484
peru-chile 297 -71.242	-22.4097718164	54.2708116349	122.298844408
peru-chile 298 -71.194	-22.3239652896	54.6540945226	122.846399022
peru-chile 299 -71.189	-22.2795943212	54.8186682748	123.617169979
peru-chile 300 -71.2112641404	-22.1903258307	55.0015072417	122.732860717
peru-chile 301 -71.2335	-22.1010543185	55.1213903558	119.986806536
philippine 0 124.943867151	14.5317377037	70.042476563	481.172054996
philippine 1 125.036186853	14.4734940833	69.5118583897	504.074600846
philippine 2 125.056168978	14.3845408075	69.900164852	579.21140065
philippine 3 125.093136561	14.3028037879	70.0616611796	632.254359777
philippine 4 125.121579	14.217453571	70.2378812206	687.315873971
philippine 5 125.145726989	14.1303538204	70.4054524201	741.457305805
philippine 6 125.193226366	14.0562228084	70.4313680832	758.492762435
philippine 7 125.201695666	13.9567129144	70.6889066543	823.472703632
philippine 8 125.270630891	13.8909465569	70.5957304179	784.004627792
philippine 9 125.305061623	13.8083012009	70.679718711	780.807833889
philippine 10 125.313720657	13.7155382414	70.8354956284	807.459234197
philippine 11 125.322372825	13.6227749848	70.9566304897	827.009131284
philippine 12 125.378187556	13.5485463046	70.974478755	728.463515337
philippine 13 125.412530549	13.4658861293	71.004490335	675.404312493
philippine 14 125.455421888	13.3865879763	71.0319876939	609.308479109
philippine 15 125.498299183	13.3072478959	71.0352590541	545.867670046
philippine 16 125.560552142	13.2372514387	71.0352720461	423.825668445
philippine 17 125.568546734	13.1576136514	71.0641664702	390.680951753
philippine 18 125.596885335	13.0538134805	71.1004289982	349.930318957
philippine 19 125.61346706	12.9773952824	71.121343809	419.013455885
philippine 20 125.623902359	12.8880907664	NaN	584.535325333
philippine 21 125.666000579	12.8069116479	NaN	688.21999997
philippine 22 125.720855765	12.7322196119	NaN	731.086493775
philippine 23 125.762894457	12.6519411738	NaN	762.478618342
philippine 24 125.808509354	12.5744587325	NaN	764.364878183
philippine 25 125.864903587	12.5053742483	NaN	739.477552256
philippine 26 125.910461602	12.4278744869	NaN	723.333306744
philippine 27 125.95239104	12.3475664087	NaN	706.805894204
philippine 28 125.997895136	12.2700519442	NaN	686.705390686
philippine 29 126.044149133	12.2258947322	NaN	662.722062419
philippine 30 126.092685835	12.1654252236	NaN	640.671203664
philippine 31 126.093815668	12.0726110957	NaN	650.224577616
philippine 32 126.140342173	11.9868569134	NaN	633.50674104
philippine 33 126.215157665	11.9060273448	NaN	604.094914274
philippine 34 126.218609576	11.8125082736	NaN	613.000020165
philippine 35 126.231575733	11.7685654973	NaN	612.526994628
philippine 36 126.293104522	11.7025369027	NaN	590.876120412
philippine 37 126.35460394	11.636495191	NaN	569.197518916
philippine 38 126.334149371	11.560373084	NaN	588.731572845
philippine 39 126.313705916	11.484249544	NaN	610.170042604
philippine 40 126.327567007	11.4360013019	NaN	610.839673927
philippine 41 126.341526155	11.3401101556	NaN	619.403634568
philippine 42 126.353081144	11.2919615503	NaN	622.103405469
philippine 43 126.398254916	11.1977910511	NaN	613.419212628
philippine 44 126.4433993	11.1036137714	NaN	601.806844426
philippine 45 126.4433993	11.1036137714	NaN	601.806844426
philippine 46 126.4433993	11.1036137714	NaN	601.806844426
philippine 47 126.451813521	11.0346670151	NaN	610.744227356
philippine 48 126.460223794	10.9657200268	NaN	619.100560003
philippine 49 126.491804967	10.8771063053	NaN	611.088379129
philippine 50 126.502587522	10.7790670667	NaN	625.667937171
philippine 51 126.542447281	10.6942174745	NaN	611.344936251
philippine 52 126.593030159	10.6168969399	NaN	588.798715391
philippine 53 126.598901853	10.5113206591	NaN	617.430128763
philippine 54 126.620375431	10.4208108645	NaN	627.716354178
philippine 55 126.6499846	10.3249365317	NaN	635.903820654
philippine 56 126.668332582	10.2318602199	74.7188157946	650.144402092
philippine 57 126.702231181	10.1496612291	74.8197415549	652.504409084
philippine 58 126.736112549	10.0674588528	NaN	655.002651338
philippine 59 126.755622262	9.98147601968	75.2891207041	666.486611631
philippine 60 126.756827524	9.88919691872	75.5244326638	689.075654193
philippine 61 126.811368264	9.8132822046	75.6999126903	669.141315081
philippine 62 126.836428112	9.72855306833	75.8988444337	667.276731536
philippine 63 126.878991646	9.6488530051	76.082657826	649.566753699
philippine 64 126.89088843	9.56034700689	76.2754293226	649.227430979
philippine 65 126.906781161	9.4743333209	76.4529431772	641.89065817
philippine 66 126.943731414	9.39092244955	76.6219509959	616.066429731
philippine 67 126.976706424	9.30494208274	76.8018850383	588.630963245
philippine 68 126.987993229	9.21204166885	76.9870220676	573.437052962
philippine 69 127.029608031	9.12882363266	77.0937185101	531.259710059
philippine 70 127.071203621	9.04560100682	77.21516626	485.478413517
philippine 71 127.08245835	8.95269779196	77.4015735412	463.420128699
philippine 72 127.106699286	8.86394105013	77.5193015913	429.325873045
philippine 73 127.144632738	8.77704183834	77.6263734236	381.966723611
philippine 74 127.164628402	8.68586265014	77.7486010578	362.853210308
philippine 75 127.168128161	8.59468995116	77.896318156	385.306157278
philippine 76 127.175165194	8.49887064893	78.2013514161	421.501191448
philippine 77 127.218180953	8.41814991713	78.4469790033	424.42230169
philippine 78 127.224307818	8.32581476645	78.7632781891	454.761873659
philippine 79 127.247989656	8.23812313817	79.0357106611	463.804056334
philippine 80 127.272995765	8.14388316413	79.3071312042	468.240135305
philippine 81 127.299510683	8.04411724061	79.5547464581	466.222554761
philippine 82 127.301161272	7.95008273786	79.8080790071	479.413959531
philippine 83 127.301161272	7.85620475226	79.7975845336	494.428819739
philippine 84 127.302811322	7.76232676341	79.4347229885	509.485573448
philippine 85 127.319716341	7.66876150542	78.9835227508	511.931918291
philippine 86 127.322606823	7.57480537967	78.3826726194	537.132803615
philippine 87 127.323006961	7.48100546647	77.794422107	573.328929625
philippine 88 127.325896404	7.38704934732	77.2122551188	610.667796213
philippine 89 127.326411309	7.29330816186	76.6432278955	650.565084447
philippine 90 127.329183132	7.19941634708	76.0878338507	685.152994784
philippine 91 127.3327032	7.10563314617	75.5122695209	713.810657468
philippine 92 127.334463076	7.01176626136	74.9703264742	739.030905252
philippine 93 127.340751295	6.91798299855	74.407682771	752.966455332
philippine 94 127.344267042	6.82419968368	73.8865838957	764.409361541
philippine 95 127.347037284	6.73024921284	73.3792986169	770.587534823
philippine 96 127.359602759	6.6366329068	72.7359701103	764.211045488
philippine 97 127.359602759	6.54276600388	72.0265229622	763.621814983
philippine 98 127.361357037	6.46615587359	71.5421731525	760.14226372
philippine 99 127.364777689	6.40155222302	71.2260262587	754.349418429
philippine 100 127.368774407	6.31023082432	70.9052054696	743.674350288
philippine 101 127.386172783	6.22843886289	70.7949694099	723.850419879
philippine 102 127.386405674	6.13870569792	70.6863717562	716.463795358
philippine 103 127.437404631	6.06802799864	70.7231632519	675.395197528
philippine 104 127.488390279	5.99734560327	70.8242389164	636.4453179
philippine 105 127.498654587	5.90555037652	70.6804545614	623.124853872
philippine 106 127.561324578	5.82063149279	70.6516535712	581.414342574
philippine 107 127.57361322	5.73654099527	70.2838350194	570.864284887
philippine 108 127.605326602	5.67552502624	70.1506718809	552.117145944
philippine 109 127.637033272	5.61450733014	70.0839063803	535.007307276
philippine 110 127.647899741	5.57287155534	69.925140867	529.000476192
philippine 111 127.647899741	5.55727382684	69.8220837483	528.269385785
philippine 112 127.647899741	5.55727382684	69.8220837483	528.269385785
philippine 113 127.700571458	5.50370036768	69.8977762733	503.070252085
philippine 114 127.760093557	5.40342678387	69.8273160137	480.207555956
philippine 115 127.811521772	5.33175944792	69.8941772124	461.637474789
philippine 116 127.872133222	5.25793871134	70.0264889202	445.848881889
philippine 117 127.922113763	5.16999418174	69.962766895	435.837867328
philippine 118 127.970898683	5.09066657188	69.9526183629	429.474960426
philippine 119 127.982363066	4.98602564144	69.6598688968	432.503250742
philippine 120 128.006744976	4.94635960179	69.7182089826	430.793228613
philippine 121 128.088533247	4.88856791307	70.0210126568	427.108896319
philippine 122 128.170307407	4.83076631299	70.42225102	427.062924705
philippine 123 128.201048961	4.79368883482	70.4968869409	429.233844819
philippine 124 128.241724543	4.70131353112	70.4031460258	438.246461169
philippine 125 128.292886479	4.61777762474	70.4415452573	448.648183609
philippine 126 128.355899275	4.54072892171	70.633990396	460.694515918
philippine 127 128.371583159	4.49354866021	70.5390263893	468.506212396
philippine 128 128.389619731	4.3947486713	70.1863926272	484.81444202
philippine 129 128.407651523	4.2959482487	69.8668857285	501.904291827
philippine 130 128.43232077	4.2592384336	69.9070949955	510.602689005
philippine 131 128.530735952	4.20851739206	70.530369048	527.691656446
philippine 132 128.580120176	4.13495058556	70.6084667617	546.850238916
philippine 133 128.625410938	4.05947815993	70.0137588892	566.187614902
philippine 134 128.642104693	3.9706853434	68.2763640795	584.894056882
philippine 135 128.68329722	3.89330723906	66.7425195965	604.370170366
philippine 136 128.72448234	3.81592722605	65.1797703697	623.458000565
philippine 137 128.764553743	3.74082610523	63.704307798	642.35812933
philippine 138 128.8520669	3.68242923606	63.0803425399	664.031365145
philippine 139 128.924748162	3.61347570086	62.7189576826	688.030397885
philippine 140 128.929294622	3.56204508334	61.9950313984	699.158682749
philippine 141 128.936399854	3.45812394433	NaN	720.452381507
philippine 142 128.943503529	3.35420275228	NaN	741.839826439
philippine 143 128.943503529	3.35420275228	NaN	741.839826439
philippine 144 129.022388252	3.28789627964	NaN	761.542428615
philippine 145 129.101262486	3.22158358905	NaN	779.488383449
philippine 146 129.126212669	3.17969440789	NaN	788.892174436
philippine 147 129.158927333	3.08301164434	NaN	808.637791117
philippine 148 129.198688407	2.99233995232	NaN	827.746183729
philippine 149 129.233776927	2.89967818327	NaN	846.980121073
philippine 150 129.23440519	2.78911679466	NaN	870.405152148
philippine 151 129.264912657	2.68308745124	NaN	894.564084523
philippine 152 129.274599599	2.57989099713	NaN	918.130397118
philippine 153 129.281843884	2.48760390528	NaN	940.501937441
philippine 154 129.286779045	2.44093486267	NaN	952.044330267
philippine 155 129.365937463	2.41303210808	NaN	958.565023056
philippine 156 129.445092632	2.38512475324	NaN	964.226663916
philippine 157 129.524244588	2.35721285162	NaN	969.601535386
philippine 158 129.60339337	2.32929645665	NaN	973.222943004
philippine 159 129.682539015	2.3013756218	NaN	976.997903349
philippine 160 129.761681559	2.27345040051	NaN	979.970736229
philippine 161 129.752234984	2.22661120115	NaN	991.386406126
philippine 162 129.751783016	2.18011930419	NaN	1002.59804902
philippine 163 129.670549509	2.14581969358	NaN	1015.15349327
philippine 164 129.589319647	2.11151577381	NaN	1027.51898873
philippine 165 129.508093371	2.07720761403	NaN	1039.29357883
philippine 166 129.426870623	2.04289528335	NaN	1049.54416781
philippine 167 129.345651345	2.00857885093	NaN	1059.68787382
philippine 168 129.26443548	1.97425838588	NaN	1069.33010613
philippine 169 129.26443548	1.97425838588	NaN	1069.33010613
philippine 170 129.306566672	1.88291695015	NaN	1085.08787649
philippine 171 129.348693448	1.79157449716	NaN	1104.28767572
philippine 172 129.35788423	1.74851487859	NaN	1113.95850264
philippine 173 129.339502666	1.66011490703	NaN	1129.23146559
philippine 174 129.361545137	1.57424900324	NaN	1150.06605563
philippine 175 129.3564315	1.52966899014	NaN	1157.4173416
philippine 176 129.324684533	1.46609277651	NaN	1160.32626314
philippine 177 129.292939369	1.40251611299	NaN	1160.19090033
philippine 178 129.207205422	1.32019320102	NaN	1144.63491145
philippine 179 129.139642288	1.28042211923	NaN	1129.71959336
philippine 180 129.072081251	1.24064925765	NaN	1114.58375042
puysegur 0 166.53734159	-45.0003525599	63.2163292908	570.655438021
puysegur 1 166.419057928	-45.0432273899	61.8092588929	565.445822566
puysegur 2 166.375211367	-45.0714265838	61.1088220501	562.250824278
puysegur 3 166.269317702	-45.1090096326	59.9646172191	561.569562313
puysegur 4 166.163284676	-45.1464946972	58.8793554869	566.290930322
puysegur 5 166.098119418	-45.2599018959	56.6167031082	547.000993546
puysegur 6 166.025294387	-45.3251045737	55.1914603356	540.437072312
puysegur 7 165.952301581	-45.3902608662	53.7444137007	534.747353131
puysegur 8 165.918495056	-45.4336537462	52.8852831725	525.958422192
puysegur 9 165.914340926	-45.5310804826	51.5173063881	474.659272343
puysegur 10 165.811085068	-45.5417697357	50.5680910292	505.606261187
puysegur 11 165.751530134	-45.5943454801	49.3542772799	495.759727033
puysegur 12 165.719035727	-45.6343335939	48.4943007534	478.415665519
puysegur 13 165.601144666	-45.6289929562	48.0409943477	546.228103718
puysegur 14 165.483276324	-45.6235310855	47.717304788	626.608301325
puysegur 15 165.365431201	-45.6179480284	47.4067366915	716.090356971
puysegur 16 165.365431201	-45.6179480284	47.4067366915	716.090356971
puysegur 17 165.365431201	-45.6179480284	47.4067366915	716.090356971
puysegur 18 165.27828029	-45.6567380827	46.3784459588	731.936719311
puysegur 19 165.215668106	-45.6948877186	45.4505032272	730.094090456
puysegur 20 165.071653543	-45.7417825595	44.0697228903	784.809889243
puysegur 21 164.927397317	-45.7884961649	42.6904386593	855.617858921
puysegur 22 164.976270967	-45.8662071185	41.4352210502	731.883059057
puysegur 23 165.025281435	-45.9438971785	40.1889135597	587.861822327
puysegur 24 165.074429443	-46.0215662295	38.9409041018	437.177221039
puysegur 25 165.123715712	-46.0992141552	37.6900449661	296.275260998
puysegur 26 165.173140971	-46.1768408385	36.5328112388	183.884784494
puysegur 27 165.222705953	-46.2544461617	35.2799301664	119.546125153
puysegur 28 165.222705953	-46.2544461617	35.2799301664	119.546125153
puysegur 29 165.214513237	-46.3383916054	33.4734905332	98.0521090663
puysegur 30 165.206295327	-46.4223364622	31.8840577395	95.7486185504
puysegur 31 165.054004518	-46.4888335286	30.2748816783	204.934682502
puysegur 32 165.060317842	-46.5753089305	28.6814567124	223.450242004
puysegur 33 165.066651334	-46.6617839839	27.1068586689	234.148538899
puysegur 34 165.063843038	-46.7086388771	26.4316069696	236.861719028
puysegur 35 164.988180594	-46.7888047314	25.8424800071	287.348376378
puysegur 36 164.969173759	-46.8602744584	25.8001644477	250.418717886
puysegur 37 164.95597976	-46.9359419125	25.8256203767	194.651243332
puysegur 38 164.929425321	-47.011812486	25.78944563	147.439142772
puysegur 39 164.904906851	-47.0866252435	25.8010864411	117.742132698
puysegur 40 164.880163966	-47.1207880988	25.800629978	111.015622044
puysegur 41 164.815676313	-47.2143883245	25.7335627132	102.276441975
puysegur 42 164.750960653	-47.3079522394	25.9086995639	105.418683236
puysegur 43 164.732173419	-47.351336124	25.9359964347	111.650293431
puysegur 44 164.711840454	-47.4462380855	25.7998188923	132.344001805
puysegur 45 164.639130232	-47.5167235112	26.2041602794	181.928975415
puysegur 46 164.6123879	-47.5985404279	26.1672819986	218.396234006
puysegur 47 164.570887485	-47.6701090961	26.243792156	252.926149072
puysegur 48 164.512962427	-47.7633091577	26.4456757303	283.216277761
puysegur 49 164.476399784	-47.8397678018	26.3485175894	295.278994929
puysegur 50 164.471672237	-47.9188914469	26.0059992178	297.266029077
puysegur 51 164.471672237	-47.9979881304	25.7415114797	295.642161752
puysegur 52 164.463676748	-48.0690708656	25.6691082391	294.005559002
puysegur 53 164.454088921	-48.1323362047	25.6585461653	292.58759945
puysegur 54 164.414120279	-48.2085745501	25.6057982784	291.968731736
puysegur 55 164.371610191	-48.2907115006	25.6014073351	286.726640083
puysegur 56 164.358647733	-48.3549898622	25.6418209147	276.99293404
puysegur 57 164.340208317	-48.435503793	25.702346848	260.071503278
puysegur 58 164.309699369	-48.5214567028	25.755254083	236.621510503
puysegur 59 164.279546557	-48.6057352093	25.8615670396	210.237537728
puysegur 60 164.249117223	-48.6855344183	25.8892669018	179.842566597
puysegur 61 164.190823696	-48.7620407225	25.7658171739	148.779739773
puysegur 62 164.139975525	-48.8674367091	25.8141350266	115.699663936
puysegur 63 164.063492139	-48.9471672099	25.6870230595	102.564585058
puysegur 64 164.027253406	-49.0394574091	25.8018015587	94.242486186
puysegur 65 163.992869144	-49.0882660071	25.8403351797	91.8797113539
puysegur 66 163.936889279	-49.1637425945	25.8453253193	89.8677333371
puysegur 67 163.880738538	-49.2391920405	25.8795573669	88.4423625199
puysegur 68 163.847165858	-49.3181376895	26.0573933124	85.8818400703
puysegur 69 163.813485381	-49.3970735828	26.14721825	86.4186702257
puysegur 70 163.792536632	-49.4443287548	26.2024229249	86.2578224975
puysegur 71 163.72149977	-49.5260382167	26.2601468331	87.7075797161
puysegur 72 163.686013987	-49.6110239562	26.4529303156	89.2305950669
puysegur 73 163.647344809	-49.6511963674	26.4597921213	90.7469270187
puysegur 74 163.502845816	-49.6511958957	25.9604064665	92.876064084
puysegur 75 163.35834736	-49.6510156087	25.5258027548	95.4973914846
puysegur 76 163.213850508	-49.6506555089	25.58692427	98.3906013627
puysegur 77 163.069356328	-49.6501156012	26.2647520507	105.737953372
puysegur 78 162.924865887	-49.649395893	26.6472935375	124.051551483
puysegur 79 162.780380252	-49.6484963943	27.0732354229	147.474153492
puysegur 80 162.63590049	-49.6474171174	27.4672165314	173.411126263
puysegur 81 162.63590049	-49.6474171174	27.4672165314	173.411126263
puysegur 82 162.63590049	-49.6474171174	27.4672165314	173.411126263
puysegur 83 162.745171201	-49.7152436778	26.950050189	134.300955097
puysegur 84 162.85474733	-49.7829671621	26.4305339401	115.255277127
puysegur 85 162.964629997	-49.850587034	25.9020319249	104.931114468
puysegur 86 163.074820325	-49.9181027545	25.4968049537	101.147850416
ryukyu 0 128.739347487	25.4363868926	67.0474502586	337.78483705
ryukyu 1 128.806463389	25.5005274662	67.395451389	342.429535222
ryukyu 2 128.870398486	25.568044401	67.742880805	348.413692792
ryukyu 3 128.934406064	25.6355333231	68.0957275937	350.507970949
ryukyu 4 129.00173921	25.6995840808	68.4427331736	343.992888603
ryukyu 5 129.072392047	25.766194212	68.8116227804	330.364864066
ryukyu 6 129.137631097	25.8479561129	69.2139929251	318.188040187
ryukyu 7 129.168839927	25.8875933206	69.4081750907	309.961564205
ryukyu 8 129.2582148	25.941780895	69.7875710043	265.043401984
ryukyu 9 129.347671909	25.9959135762	70.177455764	218.669955993
ryukyu 10 129.366819884	26.0468446921	70.4043111613	216.001065425
ryukyu 11 129.441420466	26.1241272866	70.9555909856	184.78405064
ryukyu 12 129.495190101	26.2064495523	71.5100729738	171.455087271
ryukyu 13 129.536122844	26.2890178969	72.0114172674	171.461066798
ryukyu 14 129.640017353	26.326866313	72.566786718	141.69751732
ryukyu 15 129.743979759	26.3646394006	73.1132594114	125.128476441
ryukyu 16 129.769423153	26.4583319372	73.6175936197	154.854480111
ryukyu 17 129.849963286	26.5128179583	74.1470292787	163.537851056
ryukyu 18 129.93429391	26.5715673221	74.7081843272	178.478059012
ryukyu 19 130.006491003	26.6480180948	75.3049053178	206.728841887
ryukyu 20 130.013621582	26.7590502784	75.8178876658	270.787281722
ryukyu 21 130.037282409	26.8597651958	76.345278336	327.505065952
ryukyu 22 130.118810964	26.9243416377	76.9236832312	335.453234516
ryukyu 23 130.141035243	26.9682330593	77.1929052911	351.174595774
ryukyu 24 130.246664171	26.9888369511	77.65796845	312.519850769
ryukyu 25 130.352331722	27.0093620647	78.1295563562	271.765336093
ryukyu 26 130.340166282	27.1078583284	78.5183843108	314.874579856
ryukyu 27 130.327979412	27.2063535426	78.9074249625	361.196049498
ryukyu 28 130.327979412	27.2063535426	78.9074249625	361.196049498
ryukyu 29 130.431758618	27.2378114316	79.4196685488	305.396864939
ryukyu 30 130.535596432	27.2691927844	79.9221477506	251.588272065
ryukyu 31 130.508632053	27.3368497897	80.1239863601	286.235711826
ryukyu 32 130.481634735	27.404501612	80.3329317512	324.795477637
ryukyu 33 130.595630148	27.4563255374	81.0379582664	266.579171438
ryukyu 34 130.559356722	27.5828673483	81.5970868742	330.594905568
ryukyu 35 130.531788557	27.6495318586	81.8755593976	375.198920321
ryukyu 36 130.504186764	27.7161909097	82.2069584522	423.613637342
ryukyu 37 130.553323802	27.7719428486	82.7852000578	418.918141541
ryukyu 38 130.602511217	27.8276773962	83.2943649902	421.905552185
ryukyu 39 130.598480627	27.8754303268	83.5348563768	453.350602435
ryukyu 40 130.595724701	27.9203420482	83.5520131906	483.547450826
ryukyu 41 130.658768582	27.9865580613	83.7173786554	501.620656115
ryukyu 42 130.721889929	28.0527452935	83.8173488585	530.307338058
ryukyu 43 130.721889929	28.0527452935	83.8173488585	530.307338058
ryukyu 44 130.843378945	27.9724478764	85.0300160755	434.70004787
ryukyu 45 130.857095337	28.0498746382	84.9317975336	494.046439043
ryukyu 46 130.870831496	28.1273000354	84.658024128	555.678381946
ryukyu 47 130.884587514	28.2047240614	84.4488630083	618.066529188
ryukyu 48 130.884587514	28.2047240614	84.4488630083	618.066529188
ryukyu 49 130.950695658	28.282298429	84.2127665406	669.171690751
ryukyu 50 131.016900169	28.3598409239	83.853047118	716.023659455
ryukyu 51 131.056453484	28.3806727998	83.7044391363	722.040197465
ryukyu 52 131.137976236	28.3990737852	83.4203293676	713.441008011
ryukyu 53 131.235313376	28.4103020196	83.1105888703	692.240129147
ryukyu 54 131.285182217	28.4678128004	82.8025696535	711.670440068
ryukyu 55 131.320536334	28.53712962	82.4663347452	736.922181463
ryukyu 56 131.355342652	28.6140296284	82.1732718036	758.942978283
ryukyu 57 131.427415301	28.6758171937	81.855241003	750.643404073
ryukyu 58 131.47746641	28.7010469966	81.6868379555	735.539982561
ryukyu 59 131.560425668	28.770591524	81.3204601543	713.946509819
ryukyu 60 131.643495539	28.8400853076	80.9444413739	687.29085785
ryukyu 61 131.659724865	28.8711952138	80.822703834	683.960345257
ryukyu 62 131.70657843	28.9033373216	80.5488927674	666.724246108
ryukyu 63 131.803232478	28.9770985035	79.6179227474	633.544420502
ryukyu 64 131.900024375	29.0507904849	78.5653946073	604.906128688
ryukyu 65 131.913287275	29.091240015	78.2531375742	603.46398916
ryukyu 66 131.944805188	29.1708931409	77.6163954708	599.242114773
ryukyu 67 131.976316942	29.2492967479	77.0024155962	595.772017364
ryukyu 68 131.981325797	29.3070552141	76.6669369175	597.762205494
ryukyu 69 132.003339908	29.3565137618	76.2674755194	596.072466258
ryukyu 70 132.081548685	29.4128390537	74.7323431819	586.894584781
ryukyu 71 132.112031425	29.4958426313	72.3074223685	589.953521335
ryukyu 72 132.138214018	29.5812688745	69.6849856398	595.828689053
ryukyu 73 132.164441486	29.6666899714	67.0912424165	603.860856435
ryukyu 74 132.205735103	29.7392266541	64.4463409826	611.666676728
ryukyu 75 132.235533588	29.8369671856	61.5573221373	625.844967601
ryukyu 76 132.33918269	29.8927821985	57.7821949735	625.826013921
ryukyu 77 132.371317987	29.9931587336	54.8082249741	761.815538351
ryukyu 78 132.386641651	30.1040302334	51.9879387053	772.453026488
ryukyu 79 132.402	30.2149	50.5215847379	772.969344976
ryukyu 80 132.480128148	30.2713721553	49.5734713683	759.91067316
ryukyu 81 132.507333901	30.3589981302	50.377126277	756.528564957
ryukyu 82 132.619652566	30.3945892565	48.2220325316	733.721940321
ryukyu 83 132.647346974	30.4825974272	48.9397747913	743.338345584
ryukyu 84 132.668746183	30.5324562718	49.1151440429	749.186284782
ryukyu 85 132.77225166	30.5370670256	47.7221516868	744.74122244
ryukyu 86 132.875766877	30.5415959432	43.8172315705	746.665805149
ryukyu 87 132.979291663	30.5460430023	38.591079669	757.281921623
ryukyu 88 132.959602533	30.6227718146	41.137097956	770.027720777
ryukyu 89 132.939882164	30.6994976563	43.6187746013	776.400139839
ryukyu 90 132.920130411	30.7762205137	45.4907120218	776.143838398
ryukyu 91 132.827089701	30.7090674714	46.9272747124	767.617885119
ryukyu 92 132.734178507	30.6418481847	48.9485563581	760.219132361
ryukyu 93 132.734178507	30.6418481847	48.9485563581	760.219132361
ryukyu 94 132.698298726	30.5476440866	48.7648240903	749.664135221
ryukyu 95 132.662488511	30.4534301727	48.0083986581	735.355674759
ryukyu 96 132.630755662	30.4174210928	48.330144559	734.705057953
ryukyu 97 132.52919141	30.3759650727	50.1852286407	752.825429831
ryukyu 98 132.469740891	30.3008100374	50.2778608656	762.411719526
ryukyu 99 132.418017819	30.2195173089	50.2088719047	770.496675736
ryukyu 100 132.38927401	30.1198783114	51.6592974535	772.716849085
ryukyu 101 132.375834683	30.0080170166	54.368713343	773.332488831
ryukyu 102 132.305293213	29.9419498183	57.5427057283	675.699005715
ryukyu 103 132.234845884	29.8758447314	60.7225168403	624.295631423
ryukyu 104 132.164492372	29.8097019055	63.8792696145	623.615952628
ryukyu 105 132.094232359	29.743521491	67.0648779353	617.973807111
ryukyu 106 132.024065523	29.677303637	70.2598438478	616.507219129
ryukyu 107 131.953991546	29.6110484916	73.4063119589	619.536269088
ryukyu 108 131.88401011	29.5447562041	75.6936264487	627.482692088
ryukyu 109 131.772217795	29.511838288	76.7197963774	650.318594689
ryukyu 110 131.74432359	29.4120607934	77.4109654093	659.873341041
ryukyu 111 131.674617873	29.3456579641	78.0425340602	684.256175723
ryukyu 112 131.605003429	29.2792185803	78.6131005686	713.255359816
ryukyu 113 131.535479944	29.2127427886	NaN	745.779852452
ryukyu 114 131.466047103	29.1462307339	NaN	780.402264015
ryukyu 115 131.396704591	29.0796825606	NaN	815.429903659
ryukyu 116 131.327452098	29.0130984149	NaN	848.980824205
ryukyu 117 131.292870704	28.979788427	NaN	864.541270236
ryukyu 118 131.199967587	28.9320316159	NaN	903.531890128
ryukyu 119 131.107150095	28.8842110839	NaN	936.693506038
ryukyu 120 131.085985441	28.8402908796	NaN	938.642569783
ryukyu 121 131.036119427	28.7584690324	NaN	937.180832953
ryukyu 122 131.009324196	28.7190560637	NaN	932.647180953
ryukyu 123 130.919116987	28.7298644122	NaN	959.949662444
ryukyu 124 130.828891172	28.7406128846	NaN	979.779031954
ryukyu 125 130.738646842	28.7513014418	NaN	990.938219717
ryukyu 126 130.736731286	28.6620254435	NaN	957.348832632
ryukyu 127 130.73481899	28.5727494182	NaN	912.121475207
ryukyu 128 130.73481899	28.5727494182	NaN	912.121475207
ryukyu 129 130.721488895	28.4924982866	NaN	864.474929086
ryukyu 130 130.708179053	28.4122458568	NaN	811.534076238
ryukyu 131 130.610576517	28.4490335352	NaN	844.55420494
ryukyu 132 130.512906115	28.4857515253	NaN	868.201036746
ryukyu 133 130.415167825	28.5223996718	NaN	881.470846094
ryukyu 134 130.455992599	28.4298909034	NaN	840.38082602
ryukyu 135 130.496746061	28.3373699778	NaN	787.332772774
ryukyu 136 130.537428601	28.2448369629	NaN	723.21989788
ryukyu 137 130.503330356	28.211334589	NaN	710.465398417
ryukyu 138 130.435219872	28.1442957009	NaN	692.51118897
ryukyu 139 130.367195085	28.0772228086	NaN	685.771255915
ryukyu 140 130.299255694	28.0101160505	NaN	690.777225131
ryukyu 141 130.227602876	27.9459687646	NaN	710.250325269
ryukyu 142 130.19561738	27.9108851235	NaN	720.512499637
ryukyu 143 130.111569001	27.8866620978	NaN	770.11437411
ryukyu 144 130.02755826	27.8623881247	NaN	821.267623215
ryukyu 145 130.003462741	27.791026136	NaN	827.956593369
ryukyu 146 129.979398836	27.7196599732	NaN	832.927021535
ryukyu 147 129.938046089	27.6919918019	NaN	856.822381067
ryukyu 148 129.859222733	27.6336229813	NaN	896.156673991
ryukyu 149 129.788079441	27.5692473912	NaN	919.119815
ryukyu 150 129.758778563	27.4720591225	NaN	893.701992547
ryukyu 151 129.687799441	27.4076319938	NaN	890.444599808
ryukyu 152 129.616903482	27.3431685745	NaN	873.821997136
ryukyu 153 129.500544643	27.3143544884	NaN	878.096591953
ryukyu 154 129.46397709	27.2230504331	NaN	820.975613529
ryukyu 155 129.423677568	27.1347079901	NaN	764.075890446
ryukyu 156 129.356902181	27.0671412618	NaN	730.086059628
ryukyu 157 129.290207713	26.9995426715	NaN	702.895839207
ryukyu 158 129.223593865	26.9319123488	NaN	685.300840382
ryukyu 159 129.157060348	26.8642504249	NaN	679.073609029
ryukyu 160 129.086816613	26.7995190343	NaN	688.060510974
ryukyu 161 129.024233136	26.7288322869	NaN	701.987944203
ryukyu 162 128.957938858	26.6610763304	NaN	728.9420063
ryukyu 163 128.891723744	26.5932892866	NaN	763.097862536
ryukyu 164 128.825587505	26.5254712826	NaN	801.047189491
ryukyu 165 128.759529851	26.4576224457	NaN	838.847730857
ryukyu 166 128.693550494	26.3897429023	NaN	871.831388275
ryukyu 167 128.627649146	26.3218327798	NaN	896.208617482
ryukyu 168 128.561825521	26.2538922034	NaN	910.113594806
ryukyu 169 128.49607933	26.1859212977	NaN	913.3276085
ryukyu 170 128.42662522	26.1208645785	NaN	909.159098466
ryukyu 171 128.364818106	26.0498890009	NaN	892.138108228
ryukyu 172 128.299302506	25.9818278598	NaN	874.810756634
ryukyu 173 128.233863199	25.9137368873	NaN	860.292327073
ryukyu 174 128.168499902	25.8456162077	NaN	853.933515231
ryukyu 175 128.050241757	25.8185580257	NaN	888.149174464
ryukyu 176 127.985037251	25.7503544502	NaN	911.90100083
ryukyu 177 127.870702469	25.7202171928	NaN	975.127155766
ryukyu 178 127.823033166	25.6977860766	NaN	1009.04246539
ryukyu 179 127.818802458	25.6219986129	NaN	1036.56701668
ryukyu 180 127.814577115	25.5462110275	NaN	1060.8393492
ryukyu 181 127.810357111	25.470423321	NaN	1080.49395517
ryukyu 182 127.777900533	25.4362751451	NaN	1121.45823045
ryukyu 183 127.713061418	25.36794994	NaN	1206.77060614
ryukyu 184 127.648296066	25.2995960005	NaN	1291.52767817
ryukyu 185 127.576047953	25.2370579417	NaN	1377.86764623
ryukyu 186 127.503874535	25.1744843564	NaN	1450.14744936
ryukyu 187 127.454439808	25.0943629789	NaN	1469.62356371
ryukyu 188 127.389966732	25.025895301	NaN	1485.3699871
ryukyu 189 127.325566033	24.957399485	NaN	1476.49983587
ryukyu 190 127.261237438	24.8888756495	NaN	1443.64279887
ryukyu 191 127.196980669	24.8203239114	NaN	1389.26233442
ryukyu 192 127.132795455	24.751744389	NaN	1318.00941513
ryukyu 193 127.068681522	24.6831371985	NaN	1236.00756022
ryukyu 194 127.004638595	24.6145024569	NaN	1149.8264048
ryukyu 195 126.940666405	24.5458402804	NaN	1064.75416663
ryukyu 196 126.876764678	24.477150784	NaN	985.486128047
ryukyu 197 126.812933144	24.4084340835	NaN	915.780680235
ryukyu 198 126.749171531	24.3396902947	NaN	858.335000827
ryukyu 199 126.685479571	24.2709195321	NaN	814.663235818
ryukyu 200 126.621856994	24.2021219093	NaN	784.940637541
ryukyu 201 126.55830353	24.1332975409	NaN	768.304449439
ryukyu 202 126.494818912	24.0644465403	NaN	762.854658816
ryukyu 203 126.431402873	23.9955690208	NaN	765.111020311
ryukyu 204 126.368055144	23.9266650953	58.0568789206	768.516428401
ryukyu 205 126.304775459	23.8577348767	NaN	766.735662735
ryukyu 206 126.241563554	23.7887784773	NaN	757.444484335
ryukyu 207 126.178419162	23.7197960089	56.9460196895	739.212146132
ryukyu 208 126.111576996	23.653672987	56.5734615713	715.166798548
ryukyu 209 126.033507979	23.5961717203	56.1348033078	691.812228183
ryukyu 210 125.959272867	23.5357493908	55.7095451322	654.627682903
ryukyu 211 125.870044863	23.4868101493	55.2355876065	621.991567118
ryukyu 212 125.777116929	23.4406969851	54.8056986174	585.795327305
ryukyu 213 125.669184213	23.4067347417	54.4667544717	556.725596303
ryukyu 214 125.650932471	23.4067347417	54.444589215	556.507932821
ryukyu 215 125.650932471	23.4094474036	54.4496372459	558.872824708
ryukyu 216 125.753394348	23.4346445546	54.7180003548	581.034815056
ryukyu 217 125.800940987	23.4579255251	54.9130614421	600.481889485
ryukyu 218 125.893412196	23.4449698874	55.3165205703	581.264575352
ryukyu 219 125.985865233	23.431959784	55.7789990298	555.766057259
ryukyu 220 126.022441999	23.5073592442	55.9850130171	615.946579309
ryukyu 221 126.05906066	23.5827501539	56.2404899153	672.752317345
ryukyu 222 126.113674011	23.5816508672	56.4887284148	653.680988632
ryukyu 223 126.173380478	23.5728276885	56.7165018447	622.913771229
ryukyu 224 126.242481322	23.6310459602	57.0627013891	637.63576218
ryukyu 225 126.311643618	23.6892336001	57.3805294337	643.345396786
ryukyu 226 126.365025546	23.689967996	57.4782881606	611.097998038
ryukyu 227 126.417576071	23.7716696696	57.7854751651	631.833422606
ryukyu 228 126.501955346	23.8209862656	58.0768528725	601.942101945
ryukyu 229 126.57798138	23.8813353018	58.3622044423	580.27447099
ryukyu 230 126.660150814	23.9345707214	58.6483867314	547.424640985
ryukyu 231 126.73328203	23.9983815611	58.9389552083	530.191404326
ryukyu 232 126.769883891	24.0302696344	59.0905007102	524.746635579
ryukyu 233 126.875579294	24.0562148365	59.3427804835	466.592229713
ryukyu 234 126.981317377	24.0820874324	59.5750017422	417.730981686
ryukyu 235 127.014369013	24.1149120525	59.7266827459	429.647623466
ryukyu 236 127.072144316	24.1858077263	60.0341057544	476.93301807
ryukyu 237 127.162709368	24.2230436573	60.2738557218	479.757466475
ryukyu 238 127.19116177	24.3241687564	60.6394226531	610.01246746
ryukyu 239 127.255678324	24.3882652968	60.943587483	679.112877851
ryukyu 240 127.297342218	24.4759054418	61.2497191691	798.500274222
ryukyu 241 127.377592911	24.5224738883	61.5434892622	827.481785445
ryukyu 242 127.442355368	24.5948862206	61.8581733566	896.806904304
ryukyu 243 127.55709885	24.6235898975	62.1516400129	849.368762815
ryukyu 244 127.5863874	24.6632286617	62.3174972698	878.017504141
ryukyu 245 127.676993061	24.6696324885	62.4854646527	802.82827156
ryukyu 246 127.767607985	24.6759819647	62.7317668606	723.3478161
ryukyu 247 127.858232098	24.6822770689	63.0433728582	641.541450994
ryukyu 248 127.898136593	24.7123488158	63.2455218825	629.638923787
ryukyu 249 127.963990299	24.785145495	63.5974045421	620.926343911
ryukyu 250 128.029101292	24.8571716419	63.9554387556	600.358915681
ryukyu 251 128.097345461	24.9175149126	64.2829758143	560.734919219
ryukyu 252 128.163082988	24.9818366767	64.5922009282	522.281523899
ryukyu 253 128.249647623	25.0267856951	64.8500875315	454.682445
ryukyu 254 128.318983061	25.0878140866	65.1522441641	417.627663167
ryukyu 255 128.388387981	25.148809932	65.4544275245	387.888185845
ryukyu 256 128.461321271	25.2065440175	65.7612236753	363.85969503
san_cristobal 0 159.143837725	-9.74801437207	NaN	228.192919673
san_cristobal 1 159.17975394	-9.75533587226	NaN	226.224840879
san_cristobal 2 159.237245955	-9.8127128788	NaN	221.200679962
san_cristobal 3 159.260622041	-9.91227364491	NaN	220.608665019
san_cristobal 4 159.34339459	-9.96185497212	NaN	219.554182726
san_cristobal 5 159.416703537	-10.0034940077	NaN	221.169027956
san_cristobal 6 159.485531318	-10.0413846825	NaN	225.509308749
san_cristobal 7 159.571871909	-10.0899055763	NaN	235.457093155
san_cristobal 8 159.667803129	-10.0952598703	NaN	249.284551428
san_cristobal 9 159.741283712	-10.1201451117	NaN	268.44524944
san_cristobal 10 159.798009352	-10.1573775311	NaN	295.721301723
san_cristobal 11 159.859007062	-10.2112929954	NaN	331.53573806
san_cristobal 12 159.927432643	-10.2479335272	NaN	366.638999106
san_cristobal 13 159.968050602	-10.259050129	NaN	384.428498617
san_cristobal 14 160.076719	-10.2646062735	NaN	400.901239685
san_cristobal 15 160.185391203	-10.2701262782	NaN	344.015591498
san_cristobal 16 160.210849552	-10.2958043671	NaN	319.826542842
san_cristobal 17 160.288914845	-10.3523128588	NaN	235.023554264
san_cristobal 18 160.366236133	-10.4036166625	NaN	159.63577513
san_cristobal 19 160.46235095	-10.4079817451	NaN	100.959120399
san_cristobal 20 160.510801281	-10.4415252909	NaN	81.1496319331
san_cristobal 21 160.589144413	-10.4810716367	NaN	59.4105404169
san_cristobal 22 160.65717622	-10.5141552141	NaN	47.8897531578
san_cristobal 23 160.678024368	-10.5601531202	NaN	47.7319541942
san_cristobal 24 160.716924762	-10.6261293346	NaN	47.8597332106
san_cristobal 25 160.755841968	-10.6921007602	NaN	48.2369139067
san_cristobal 26 160.794776098	-10.7580673646	49.6699910309	49.0560624035
san_cristobal 27 160.794776098	-10.7580673646	49.6699910309	49.0560624035
san_cristobal 28 160.870967944	-10.8217800182	47.3093019012	45.9479966828
san_cristobal 29 160.947192183	-10.8854739789	46.4327855747	44.5197474332
san_cristobal 30 160.986280191	-10.9050569765	46.305158857	42.495446419
san_cristobal 31 161.061837761	-10.936722479	45.9861189332	38.5395079966
san_cristobal 32 161.123110121	-10.9769719541	45.4731114788	36.8719224
san_cristobal 33 161.20349357	-11.0365574449	45.1848384119	34.9995489958
san_cristobal 34 161.235993231	-11.0753674834	45.0706674369	35.4646719193
san_cristobal 35 161.333677373	-11.1177521345	44.9240973854	31.9031637145
san_cristobal 36 161.408691718	-11.1595967492	44.7291408246	30.0675414739
san_cristobal 37 161.474506577	-11.2018299295	43.944323185	28.7273291268
san_cristobal 38 161.565028225	-11.244500579	43.213451998	28.4163781009
san_cristobal 39 161.64217777	-11.2756224588	42.6045854511	26.0066787575
san_cristobal 40 161.724645359	-11.3082025108	41.9825635568	26.4538134263
san_cristobal 41 161.808821956	-11.334094391	41.5896493773	27.2574973585
san_cristobal 42 161.862638709	-11.339553117	41.2511477088	27.5834216629
san_cristobal 43 161.966369263	-11.3504947836	40.5124026539	27.5533857359
san_cristobal 44 162.070107756	-11.3614002098	39.7252152939	27.538138174
san_cristobal 45 162.108876184	-11.3632335173	39.4520439967	28.5559436636
san_cristobal 46 162.165290171	-11.3673905964	39.0881535221	31.0240323898
san_cristobal 47 162.259571394	-11.3718273901	38.5422807926	31.9737101227
san_cristobal 48 162.353855543	-11.3762341934	38.0865800137	34.2495567547
san_cristobal 49 162.431647333	-11.3672920243	37.7365428071	30.9493843862
san_cristobal 50 162.509434236	-11.3583294474	37.3493810766	29.6116508527
san_cristobal 51 162.540333654	-11.3495515067	37.2117290959	28.1692041012
san_cristobal 52 162.616617771	-11.3337002068	36.880694647	26.0101882712
san_cristobal 53 162.720664692	-11.3022782637	36.4208059597	22.963788862
san_cristobal 54 162.822164845	-11.2939505311	35.967474005	19.0228376604
san_cristobal 55 162.927900155	-11.2629167345	35.6342397211	17.4891790355
san_cristobal 56 163.040566889	-11.2472864826	35.1682810636	16.9698563982
san_cristobal 57 163.116257466	-11.2442622042	34.8714502482	16.4685084611
san_cristobal 58 163.148565315	-11.2337437667	34.749483169	15.6852560097
san_cristobal 59 163.248213175	-11.2104118414	34.3843606592	14.7967666233
san_cristobal 60 163.34784494	-11.1870468714	34.0125109708	15.08976975
san_cristobal 61 163.396581747	-11.1712561743	33.7090396443	14.2529273113
san_cristobal 62 163.488554425	-11.1450596659	32.2948624701	13.9349238308
san_cristobal 63 163.582494605	-11.1259475838	30.4615311128	13.1756723584
san_cristobal 64 163.684894634	-11.1098390988	28.2343191455	13.7469253384
san_cristobal 65 163.766490612	-11.084289466	26.4267728606	14.1660262051
san_cristobal 66 163.838265102	-11.0734501626	25.4062409537	14.97227373
tonga 0 -174.902	-23.5851961554	91.4047598239	31.7201925189
tonga 1 -174.859	-23.5554626536	91.2943748949	32.9777031728
tonga 2 -174.83198283	-23.4715533857	91.0604146289	37.7385381619
tonga 3 -174.805	-23.3876394694	90.8122791131	44.0892743396
tonga 4 -174.757	-23.3643707534	90.6985395013	43.854487872
tonga 5 -174.742	-23.2759129461	90.4877548507	47.452479982
tonga 6 -174.706	-23.1992934961	90.2310893379	45.0481314473
tonga 7 -174.646	-23.1296005777	89.9995054135	39.0393396419
tonga 8 -174.585	-23.0590959071	89.7197160127	33.9016379149
tonga 9 -174.559	-22.9722648376	89.3894623105	32.6838960289
tonga 10 -174.502	-22.8995874091	88.7896528763	35.5323521333
tonga 11 -174.465	-22.825164728	88.1215073219	37.8906302836
tonga 12 -174.41	-22.759266142	87.8456757219	40.4434839886
tonga 13 -174.364	-22.6891410613	88.4090669541	40.770933484
tonga 14 -174.319	-22.6189889643	89.152675373	39.4275215859
tonga 15 -174.277	-22.5351445879	89.9775904382	39.0194843043
tonga 16 -174.227	-22.4554501341	90.8018044966	38.0988135821
tonga 17 -174.176	-22.3757400893	91.7405135763	35.1178665373
tonga 18 -174.135	-22.2917865517	92.5285565744	33.5602820832
tonga 19 -174.071	-22.2281408905	93.3166791999	31.9264617774
tonga 20 -174.038	-22.151354587	93.8500825067	29.0682093323
tonga 21 -174.018	-22.0689003259	94.2106469481	28.4206790859
tonga 22 -173.976	-21.9958760324	94.4680219316	28.2221453742
tonga 23 -173.92	-21.9267302872	94.5843362077	27.9741928582
tonga 24 -173.879	-21.8512184399	94.7122488863	29.3439389167
tonga 25 -173.843	-21.776154258	94.8358411185	29.5804428344
tonga 26 -173.825	-21.6956079064	94.9850900259	27.6271002576
tonga 27 -173.812	-21.613691272	95.1401167321	26.9884993472
tonga 28 -173.759	-21.5458438032	95.2869053652	27.8118194126
tonga 29 -173.714	-21.460816242	95.4661778053	28.3639299342
tonga 30 -173.703	-21.3501797955	95.6851236546	30.1434441991
tonga 31 -173.654	-21.2656350993	95.8535634584	31.1039132763
tonga 32 -173.607	-21.1805541608	96.0282718207	30.7738746389
tonga 33 -173.569	-21.0917954312	96.2066570008	31.0742484273
tonga 34 -173.522	-21.0063597381	96.3674696398	30.8157852134
tonga 35 -173.493	-20.9153942469	96.5510936485	32.1765678476
tonga 36 -173.461	-20.8382287038	96.7058749045	35.2669294767
tonga 37 -173.416	-20.7653207741	96.8487783631	35.9359617748
tonga 38 -173.365	-20.6942491907	96.9937773165	35.0742732447
tonga 39 -173.342	-20.6121549684	97.1499415291	35.7504097613
tonga 40 -173.287	-20.543223558	97.2974039207	36.8491364682
tonga 41 -173.276	-20.4556349074	97.4735986577	35.2475869663
tonga 42 -173.257	-20.3717587636	97.6452968145	34.0100329019
tonga 43 -173.233	-20.2897364087	97.8161545253	30.2808939419
tonga 44 -173.182	-20.2175513901	97.9743146976	24.7388196687
tonga 45 -173.153	-20.1297619302	98.1487083245	19.6452578143
tonga 46 -173.119	-20.0478022545	98.3259010814	16.829519845
tonga 47 -173.111	-19.9488983019	98.5208952077	13.4438207279
tonga 48 -173.09	-19.8623128347	98.7033942345	11.4864302589
tonga 49 -173.053	-19.7788	98.8878060399	11.4992437498
tonga 50 -173.014	-19.7035988673	99.0576055898	10.9062729447
tonga 51 -173.007	-19.6208782242	99.2257629372	11.5330336751
tonga 52 -172.977	-19.5435220279	99.3929360778	12.1496302243
tonga 53 -172.951	-19.4649724055	99.5638524318	11.8583445125
tonga 54 -172.932	-19.366410731	99.7715251889	11.1523871914
tonga 55 -172.917	-19.266924448	99.9762964106	11.8258820634
tonga 56 -172.889	-19.1704897345	100.184786781	11.6127624272
tonga 57 -172.842	-19.0788557202	100.393600941	13.0622525758
tonga 58 -172.822	-18.9790948131	100.599956327	12.1539138572
tonga 59 -172.76	-18.889621121	100.808171979	12.0487631795
tonga 60 -172.745	-18.7879329719	101.016736202	12.6052935128
tonga 61 -172.725	-18.6876013939	101.223770874	11.9631538342
tonga 62 -172.677	-18.5946036901	101.440111295	11.81800028
tonga 63 -172.63	-18.5022415051	101.635851572	11.5619407659
tonga 64 -172.594	-18.4229084736	101.797404211	13.0444533988
tonga 65 -172.59	-18.3335845612	101.975603594	12.0311139308
tonga 66 -172.541	-18.2574371529	102.14572873	13.0280224745
tonga 67 -172.541	-18.2110705744	102.238201574	13.3040651008
tonga 68 -172.516985785	-18.1072886265	102.449833235	12.2721390593
tonga 69 -172.493	-18.0035037089	102.664316231	11.927635587
tonga 70 -172.476	-17.9517216667	102.790384642	12.6110864904
tonga 71 -172.473	-17.8606309806	103.028321238	12.2808352667
tonga 72 -172.387	-17.7923767238	103.25673835	12.4379416511
tonga 73 -172.387	-17.6913630257	103.550440754	13.083600151
tonga 74 -172.4015	-17.6444927837	103.681020693	12.9883423791
tonga 75 -172.347227153	-17.5682862904	103.918188814	13.01851627
tonga 76 -172.293	-17.4920650157	104.154955586	13.6384008993
tonga 77 -172.3	-17.4521981062	104.263900891	14.7238414492
tonga 78 -172.281	-17.3658302219	104.516785213	15.559955675
tonga 79 -172.2855	-17.325121827	104.633954168	15.9424118403
tonga 80 -172.299007432	-17.2233676507	104.914553096	18.3544027993
tonga 81 -172.3125	-17.1216125747	105.203305768	22.145006036
tonga 82 -172.297	-17.0714074495	105.351444061	23.6974097436
tonga 83 -172.274	-16.969198616	105.648574229	26.5284871496
tonga 84 -172.266	-16.8859011759	105.888884753	30.0463158954
tonga 85 -172.241	-16.8051563699	106.12212548	31.3669935451
tonga 86 -172.239	-16.7189410833	106.362248328	33.3830430489
tonga 87 -172.211	-16.6206707021	106.639445418	31.6996534822
tonga 88 -172.206	-16.5247630516	106.908055597	31.0859326803
tonga 89 -172.195	-16.4288977372	107.18163449	27.0287030762
tonga 90 -172.195	-16.3336602108	107.440708569	22.8309321077
tonga 91 -172.195	-16.2377015236	107.706723143	20.658533552
tonga 92 -172.195	-16.1403284808	107.973761319	17.4743629341
tonga 93 -172.203	-16.0375161394	108.247334163	16.2116730212
tonga 94 -172.206	-15.9280383403	108.541824106	16.0722888165
tonga 95 -172.218	-15.8254775994	108.814293826	15.4903617375
tonga 96 -172.234	-15.7212788978	109.084984157	14.892689492
tonga 97 -172.274	-15.6375006164	109.275730944	14.9850574533
tonga 98 -172.301	-15.5474805121	109.76312944	15.1122328024
tonga 99 -172.348	-15.4514662614	110.222094321	16.264289742
tonga 100 -172.3675	-15.4017014777	110.276424918	16.0548843437
tonga 101 -172.401265925	-15.3028991815	110.375104293	14.0832929257
tonga 102 -172.435	-15.2040918244	110.522107892	13.4546957008
tonga 103 -172.466	-15.1684587909	110.54324427	13.2485960404
tonga 104 -172.5065	-15.132330799	110.530334079	13.3110279209
tonga 105 -172.585278347	-15.055671483	110.514122699	15.083499571
tonga 106 -172.664	-14.9789850165	110.436057725	15.8308590579
tonga 107 -172.708	-14.9572968912	110.379714881	16.437696715
tonga 108 -172.772	-14.9247010045	110.333304015	16.4100085328
tonga 109 -172.84	-14.881803815	110.458916114	13.9630441382
tonga 110 -172.911	-14.8256679778	110.451666721	13.5601183984
tonga 111 -173.023	-14.801216972	110.34088444	15.3062771739
tonga 112 -173.113	-14.7529774309	110.538221423	22.1967741544
tonga 113 -173.184	-14.7142133208	110.455351495	27.7322816494
tonga 114 -173.253	-14.6715111927	110.074757828	31.0993283773
vityaz 0 169.647264987	-10.040266041	NaN	62.1947210603
vityaz 1 169.720388908	-10.0622767636	NaN	67.0265017526
vityaz 2 169.793522796	-10.0842714293	NaN	72.3095821557
vityaz 3 169.866666667	-10.10625	NaN	77.3226818195
vityaz 4 169.914583333	-10.1354166667	NaN	78.0104952346
vityaz 5 170.011983995	-10.1648491109	NaN	82.0085179843
vityaz 6 170.058646899	-10.1861198799	NaN	82.5917052583
vityaz 7 170.137640243	-10.2524444812	NaN	81.0111703068
vityaz 8 170.216666667	-10.31875	NaN	78.4886662272
vityaz 9 170.235416667	-10.3395833333	NaN	77.3196304352
vityaz 10 170.29777737	-10.4141835879	NaN	73.1111332325
vityaz 11 170.345650275	-10.4285807649	NaN	73.9707306249
vityaz 12 170.448291893	-10.4633607958	NaN	74.6928676535
vityaz 13 170.550956515	-10.4981079816	NaN	68.8666005226
vityaz 14 170.550956515	-10.4981079816	NaN	68.8666005226
vityaz 15 170.659858786	-10.4824058373	NaN	71.2958380418
vityaz 16 170.76875	-10.4666666666	NaN	80.8755168727
vityaz 17 170.802083333	-10.4515413667	NaN	87.4339485177
vityaz 18 170.903439366	-10.4515413667	NaN	97.9494492976
vityaz 19 170.999486723	-10.4853600603	NaN	101.604769123
yap 0 138.497343477	9.51464644393	143.795363254	108.871496469
yap 1 138.515225245	9.60130348922	143.754511512	103.006027641
yap 2 138.52455854	9.69107674191	143.686439763	98.5381366618
yap 3 138.546736894	9.77617361267	143.561892501	94.7493218277
yap 4 138.581769256	9.85659155913	143.201029171	91.0434972244
yap 5 138.613584316	9.94175509415	142.566350077	88.3156129946
yap 6 138.630372946	10.0320478834	141.501919128	85.845336042
yap 7 138.631328615	10.1225157455	139.801700679	84.8817166127
yap 8 138.660825233	10.2070457654	138.787511083	84.4098855072
yap 9 138.673341789	10.2949680319	136.972217462	85.294382761
yap 10 138.673341789	10.3845873487	133.98058995	87.3344901128
yap 11 138.676886815	10.4759040202	127.97706483	88.4611686178
yap 12 138.697458661	10.5612791689	120.361034429	86.7700900305
yap 13 138.723450128	10.6465082956	113.391213823	80.1871822189
yap 14 138.761901185	10.7370515641	108.526359691	69.5721007594
yap 15 138.827261578	10.822066438	108.50819512	56.5487897606
yap 16 138.870272187	10.9117851147	107.718847523	47.8957994775
yap 17 138.905668673	10.982085615	107.319082524	45.9242536588
yap 18 138.911728189	10.9913195708	107.503894168	45.9523135369
yap 19 138.873848005	10.9094957872	108.304611418	47.8774844535
yap 20 138.83598867	10.827667352	109.13811699	55.5465575509
yap 21 138.798150013	10.7458343035	110.52463015	68.3865525287
yap 22 138.760331863	10.66399668	113.512379731	78.3234781968
yap 23 138.722534051	10.5821545195	118.783808585	85.5725158215
yap 24 138.768642674	10.6591197472	114.346723509	78.9081829423
yap 25 138.814774617	10.7360782267	112.772571258	69.535958534
yap 26 138.860930062	10.8130299045	113.202483935	56.5917199139
yap 27 138.907109191	10.8899747273	113.701833493	47.769162839
yap 28 138.953312188	10.9669126416	114.575678193	44.8521423256
yap 29 138.999539235	11.0438435936	116.506934836	46.0591012138
yap 30 139.045790516	11.1207675298	120.506749866	47.0843243617
yap 31 139.09205711	11.1197712671	126.925219175	46.0508761123
yap 32 139.177294172	11.0964376212	139.000127088	43.3954968761
yap 33 139.253758616	11.0475067598	143.19886152	41.5718404023
yap 34 139.328737137	10.9942949273	143.959304867	39.8532117572
yap 35 139.402227363	10.9368032445	144.062248561	38.7355842837
yap 36 139.478447721	10.86490603	144.283683575	42.8639069514
yap 37 139.576301998	10.8398894457	144.505565098	47.3954768262
yap 38 139.667506755	10.8398894457	144.681154505	48.6320183107
yap 39 139.7532205	10.8439369871	144.842051787	48.7570675201
yap 40 139.838274635	10.8907640297	144.959463274	50.5687686011
yap 41 139.924374079	10.9241148698	145.099370277	55.5012913675
yap 42 140.012521969	10.9241148698	145.257123344	60.8549002002
yap 43 140.098765323	10.9099476092	145.420374476	65.9797490414
yap 44 140.186989366	10.8665409914	145.61724809	70.9905335779
yap 45 140.28238076	10.8495604884	145.817464034	75.078810981
yap 46 140.378366264	10.8422527355	145.997438537	78.5451608815
yap 47 140.476769514	10.8385529255	146.188993047	82.0266637921
yap 48 140.573960322	10.8385529255	146.366866377	86.6157250717
yap 49 140.671148725	10.8385529255	146.551697874	88.0624546627
yap 50 140.772477962	10.8488190533	146.737254416	91.0416921386
yap 51 140.861561773	10.8850371399	146.881665425	91.5414386052
yap 52 140.962036206	10.8932694113	147.042777769	91.7373643988
yap 53 141.057067317	10.8986118289	147.191433105	93.7979118842
yap 54 141.136896083	10.9733124929	147.298905644	92.2463788395
yap 55 141.226536211	11.0086758268	147.431340831	93.514147097
yap 56 141.318366412	11.0352752688	147.571084234	93.6258166075
yap 57 141.410213193	11.0618471691	147.722464468	93.2598416823
yap 58 141.496667463	11.1102389314	147.85458761	92.9403868232
yap 59 141.584229825	11.1261592982	147.981576409	93.5554330885
yap 60 141.665343757	11.1574932271	148.118956393	95.0004971757
yap 61 141.745339243	11.2076855435	148.187501996	93.2928284601
yap 62 141.829128805	11.2496572185	148.311007386	94.9461090952
yap 63 141.920471283	11.2752043875	148.405212392	94.7033662253
yap 64 142.017472472	11.288421044	148.522221052	95.141638761
yap 65 142.114319286	11.3111069627	148.64345294	96.316488535
yap 66 142.209942188	11.3340200003	148.809550028	97.5147455968
yap 67 142.30315008	11.3472093531	148.955872114	98.4812358031
yap 68 142.395713583	11.3648203436	149.112378268	99.7246941828
yap 69 142.489591624	11.3732486671	149.264043894	100.38488493
yap 70 142.58477554	11.3735005389	149.494359825	101.717849273
yap 71 142.679310699	11.377417705	149.791728691	101.59049833
yap 72 142.772554318	11.3904598607	150.078650333	100.727837745
yap 73 142.865806475	11.4034726699	150.367420221	101.250798183
yap 74 142.912213522	11.4052085171	150.515693494	101.219852925
yap 75 143.015287598	11.4104044039	150.840277845	100.014197921
yap 76 143.118365434	11.4155643302	151.153457727	100.013210783
