d_0,d_r,x_b,w_b,R,alpha,Te,rms,Te_trench,Te_sea,Te_ratio,x_break,trench,profile,segment
7143.444991189427,5526.681167400881,96.0,908.7147351697797,1.7791764139122028,72.92743642342506,29.35966178520185,147.34252135672915,6.078058257899418,69.56641921914073,0.08737057801915844,140.0,aleutian,0,aleutian_01
7052.380088105728,5511.442612334802,91.0,860.5108335598065,1.7907240858273619,70.51966050469318,28.074373214712196,127.44861928835769,4.083188241762094,27.04804265811119,0.1509605812654848,140.0,aleutian,1,aleutian_01
7139.022330396476,5525.144162995595,91.0,817.8214107728874,1.9733870330879142,72.04965473178218,28.889431157792963,119.29505109822995,8.43789148757665,28.066808448530434,0.30063594523225723,140.0,aleutian,2,aleutian_01
7063.541911894273,5579.673458149779,91.0,949.1157462795804,1.5634220162936703,70.42807087236257,28.02576710507721,153.8007967316679,30.596147593469805,42.48308236220836,0.7201960378629965,105.0,aleutian,3,aleutian_01
7183.034123348018,5562.529837004406,96.0,771.3819427196831,2.1007806854152618,73.96025593994663,29.915366352993086,153.7693060550123,10.720168434055088,25.196747598655914,0.42545842046006527,175.0,aleutian,4,aleutian_01
7148.433951541851,5582.441537444934,91.0,773.6880974200468,2.0240616591090146,66.79922324319399,26.117102998712692,188.5119025837618,12.114626754983442,33.41695300763456,0.36252936502665845,175.0,aleutian,5,aleutian_01
7185.816246696035,5535.146766519823,86.0,854.2454933442611,1.9323127754693243,84.77484639898695,35.88551092824242,272.63689752442946,15.296382107074775,46.79128861125165,0.3269066221740372,70.0,aleutian,6,aleutian_01
7257.349039647577,5603.453570484582,91.0,869.4046441279943,1.9023310725718963,88.5468568273468,38.030086912096486,127.34900107234948,20.986895271569495,29.180984299077895,0.7191976479091101,70.0,aleutian,7,aleutian_01
7232.297643171806,5634.8905286343615,106.0,839.1883501113011,1.9035144068975474,84.66168409066255,35.82165576828031,143.99230713309237,34.6624421869378,31.219232114335156,1.11029131209866,105.0,aleutian,8,aleutian_01
7225.66208370044,5563.95660352423,96.0,628.6293716881711,2.643378682281,71.05555472090695,28.35919056348362,200.3730684141753,27.306318933873836,27.805714242781185,0.9820398316494603,105.0,aleutian,9,aleutian_01
7219.668348017622,5540.544176211453,91.0,478.84488589811184,3.5066139813873898,61.354484455665016,23.318012646332896,216.72954734909828,20.17975424744469,23.41796815117841,0.8617209707166346,140.0,aleutian,10,aleutian_01
7234.241709251101,5616.628651982379,101.0,584.2662614605343,2.7686230815810817,75.66229158947924,30.836785944947035,209.0552705143737,22.827227902495544,21.269650465515326,1.0732300438836797,140.0,aleutian,11,aleutian_01
7231.474740088105,5624.892158590308,96.0,734.539654429348,2.1871965275256993,72.86385042749869,29.32553485785471,118.32571732080872,,,,,aleutian,12,aleutian_02
7211.774207048458,5649.479052863437,101.0,902.8488351896027,1.7304061248048594,76.09585032719879,31.072611212246798,146.54837371924012,38.77185007848692,69.96836134072866,0.5541340305181305,175.0,aleutian,13,aleutian_02
7211.74626431718,5646.070308370044,106.0,786.9552035311127,1.9895363153097656,81.12202618550143,33.83879098615678,160.52837840592156,40.92072471073036,32.32663178562394,1.2658517900070345,175.0,aleutian,14,aleutian_02
7113.766066079294,5646.604854625551,96.0,784.3628008524339,1.8705135045405705,85.08505077319593,36.060698518738064,153.74406959148777,3.510588331246726,58.68097833880511,0.05982497958670213,140.0,aleutian,15,aleutian_02
7209.226422907489,5657.719852422908,96.0,911.8327280452418,1.7015254254041219,77.31987596622737,31.74080839618442,141.10248027511392,41.376517993737465,22.66094210452459,1.8258957550346522,175.0,aleutian,16,aleutian_02
7169.190660792951,5668.05718722467,81.0,1066.6008506689077,1.407399471533199,62.78018284423174,24.04325265610396,224.98838911233682,24.79190651167052,20.714140823858646,1.1968590308662517,175.0,aleutian,17,aleutian_02
7259.679220264317,5656.075872246696,51.0,1357.6886999501005,1.181127417556439,32.83458096827918,10.131453516404267,342.65080509764306,10.853433625304126,28.383618766277788,0.38238371627929807,70.0,aleutian,18,aleutian_02
7224.042004405286,5672.8138325991185,86.0,653.9276910398466,2.372170796651039,58.573064882377494,21.919318696116267,195.58297211313152,35.044311486385816,28.249186385474598,1.2405423295449385,140.0,aleutian,19,aleutian_02
7405.406365638767,5672.307039647577,76.0,558.4217681886718,3.103566917910039,54.87044791544455,20.09159703155309,251.1024815242889,7.239985535006947,125.21529889098808,0.057820295116733686,105.0,aleutian,20,aleutian_02
7116.6214229074885,5632.519953744493,76.0,444.5637821104426,3.3383319309495643,59.932314747411986,22.600143016055135,310.97709560371413,2.433485736264725,90.5306844471869,0.026880231284281887,140.0,aleutian,21,aleutian_02
7096.464903083701,5693.347167400881,91.0,683.6768248051093,2.0523113915449698,78.61774939963074,32.45318020413723,138.37867310278457,,,,,aleutian,22,aleutian_02
7086.738757709251,5666.908154185022,101.0,680.7189120776361,2.0857810446175726,71.80450883351246,28.758445447419287,146.71076256031688,5.4521272517933115,27.053299916766747,0.20153279890318526,175.0,aleutian,23,aleutian_02
7059.20077092511,5656.7754427312775,86.0,532.4556519044056,2.633881945243427,86.59866684264361,36.918557770008356,120.68695291489188,14.54154795524852,40.42816584981633,0.35968854014470664,70.0,aleutian,25,aleutian_03
7049.511537444934,5673.1417290748905,81.0,570.6374751207453,2.411986363283988,90.29704655309008,39.03562878334256,122.82645721695653,,,,,aleutian,26,aleutian_03
7044.975061674009,5638.806929515418,91.0,558.9503577076259,2.515729908333157,85.96587121378398,36.55930044770328,181.77421318592008,,,,,aleutian,27,aleutian_03
7014.518317180617,5672.933755506608,91.0,654.4502053334621,2.0499413870462933,82.1966051225354,34.437765110278434,130.23653861628753,12.244885024598364,56.568423785464155,0.21646148513943242,105.0,aleutian,28,aleutian_03
7008.4585550660795,5635.642414096917,96.0,647.9381648744369,2.1187456078238567,86.32111562836133,36.76087538735144,113.84411637559094,,,,,aleutian,29,aleutian_03
6992.830427312775,5665.826530837005,86.0,729.5618869236558,1.8189051816719057,82.90745400753745,34.835433827654974,128.73071280007542,5.969148182650133,102.53439820545196,0.05821605516901294,140.0,aleutian,30,aleutian_03
6983.161964757709,5644.536365638766,96.0,665.4212118314807,2.01169661459177,79.16815955559204,32.75647677838581,125.6957464066502,3.1630407211159213,61.58209176734093,0.051362995805111465,105.0,aleutian,31,aleutian_03
6958.709713656387,5633.817400881057,91.0,693.02259492603,1.9117591871831285,84.33237714941794,35.635996559679185,141.07400607410753,,,,,aleutian,32,aleutian_03
6931.456008810573,5618.011220264317,101.0,685.5307900611322,1.915953021496131,81.12492425654477,33.8404028427439,199.22477769958715,7.34277297399358,68.63919947009666,0.1069763783767981,140.0,aleutian,33,aleutian_03
6930.147436123348,5578.738533039647,101.0,713.4094717332234,1.8942962725185883,79.43166107191097,32.901925249838044,134.12511689308212,,,,,aleutian,34,aleutian_03
6961.694193832599,5579.643561674009,91.0,649.8170548433477,2.1268303468762646,82.3369647161139,34.51619569517553,132.95962438898346,24.224911950049954,28.047845691431043,0.8636995588381663,105.0,aleutian,35,aleutian_03
6894.15059030837,5484.045837004405,96.0,741.7414069759079,1.9010732582032668,69.79722965004356,27.69155637526846,191.17904810780163,39.88186968099121,24.519174615109883,1.6265584101845787,105.0,aleutian,36,aleutian_03
6999.234731277533,5463.814660792951,86.0,640.8559408623397,2.395889579206383,67.36321544063075,26.411528201435576,178.55806632599527,22.62868345504055,12.419763343712022,1.8219899066351521,105.0,aleutian,37,aleutian_04
6886.338035242291,5465.987651982379,66.0,421.13351933273,3.3726842392180103,35.49978658831337,11.242531374291499,213.26027930715463,24.98044558126325,85.56860803946553,0.2919346960715066,140.0,aleutian,39,aleutian_04
6875.353343612335,5473.577920704845,81.0,575.9501956256898,2.4338483319458826,51.65311337611455,18.536388509511653,235.49383315780042,35.2420902885938,118.03401718332962,0.2985757083388599,175.0,aleutian,40,aleutian_04
7293.466784140969,5490.211022026432,71.0,848.0906810502825,2.1262534802072937,45.14128484451206,15.487988116022121,253.17254042724215,41.54082900978526,8.636128227630152,4.8101218410445625,70.0,aleutian,41,aleutian_04
6877.574462555066,5518.089136563877,186.0,1377.5357879727298,0.986896556779766,233.26868941466597,138.3688668478516,171.3915653362057,2.3497319862470945,64.90867410645436,0.03620058518516931,105.0,aleutian,43,aleutian_04
6895.879052863435,5440.585143171806,171.0,700.9388881320118,2.076206548576523,192.09514301631776,106.8033719187986,135.9047799612623,31.34364771044507,82.01442716720263,0.38217236641237334,105.0,aleutian,45,aleutian_04
6899.4700969163,5424.20363215859,146.0,644.6766359886149,2.2883820855325103,139.8499452743018,69.94867939279992,166.2883199398849,5.182172209694676,43.96488921495775,0.11787069869225546,140.0,aleutian,46,aleutian_04
6911.889925110133,5408.052019823788,116.0,457.55060813424336,3.286713816026937,88.35917981882685,37.92265075592886,130.1083726206999,,,,,aleutian,47,aleutian_04
6889.388101321586,5419.186814977974,131.0,383.757119152036,3.8310723449045674,110.64211668681834,51.18276606817689,126.25208008997366,,,,,aleutian,48,aleutian_04
6900.265603524229,5395.209193832599,131.0,393.3481399476273,3.8262705650318356,133.16913385348965,65.52915261786563,107.13695208073926,,,,,aleutian,49,aleutian_04
6886.096991189427,5401.1719383259915,126.0,379.21713088992544,3.915764694961689,98.77952718966391,43.9999695553011,109.68392637389898,,,,,aleutian,50,aleutian_04
7032.808273127753,5399.399343612335,136.0,488.9578861121127,3.3405922593932664,142.62502485528205,71.80545349408165,129.82227956482637,7.4106087630409405,21.781586075539003,0.3402235602742974,175.0,aleutian,51,aleutian_04
6893.583281938326,5406.614107929516,106.0,393.0211857208754,3.7834326189857337,67.9988512519897,26.744340105053478,205.81677731189416,6.391236904738303,100.13278613063845,0.06382761482737495,175.0,aleutian,52,aleutian_05
6914.864687224669,5371.642898678414,111.0,416.9363421134115,3.7013367093974288,87.08077465271418,37.192853283630306,162.4194291292895,5.569629074299191,18.42511119028577,0.302284692709787,175.0,aleutian,53,aleutian_05
6905.17854185022,5401.1961101321585,121.0,437.00108473444885,3.441598852396402,120.0898155396964,57.09148710459842,179.80855315069016,5.8369194124958925,20.461353281421907,0.28526556050403484,175.0,aleutian,54,aleutian_05
6919.3839691629955,5398.211920704845,111.0,373.7196358717691,4.0703562308406385,78.93700151627111,32.62901415872746,112.36339337404968,8.51900791138821,94.24252738217062,0.0903945187806995,140.0,aleutian,55,aleutian_05
6926.830969162996,5391.418343612335,81.0,335.548254039638,4.575832557809358,43.94060421904353,14.941165783366582,144.72771497691627,3.0337655104307473,112.00338265491456,0.027086373987273763,70.0,aleutian,56,aleutian_05
6912.585383259911,5409.853396475772,76.0,346.4840151783445,4.337088930381517,41.43436716154631,13.815843298020555,109.23825679755637,4.505691687119619,68.37366698539962,0.06589805528613457,105.0,aleutian,57,aleutian_05
6973.823656387665,5391.656096916299,86.0,296.105097882778,5.343263492537754,42.02531612937259,14.079193267714716,96.31853587317549,,,,,aleutian,58,aleutian_05
7023.34391629956,5396.331537444934,76.0,178.67688760634954,9.105891649731243,34.92244301652425,10.999407074906305,116.12592299557917,10.00612927977942,37.558745642797945,0.2664127650838664,175.0,aleutian,59,aleutian_05
7001.591991189427,5352.012852422908,96.0,152.1486314521648,10.841892713870013,43.872286389869515,14.910200243028322,110.15080782819038,,,,,aleutian,60,aleutian_05
7033.280392070485,5384.916825991189,81.0,136.3608015427115,12.088250783440781,31.091659700369586,9.420811760563916,108.66102345314728,,,,,aleutian,61,aleutian_05
7071.985334801762,5348.951321585902,76.0,95.29385797860604,18.081270396279788,24.93301601903907,7.0188000952075384,99.86225200028356,,,,,aleutian,62,aleutian_05
7142.626920704845,5341.001471365639,91.0,196.7026005528632,9.159133861349357,48.94432964715846,17.251742403787862,95.20512501275716,11.994378122975867,32.71652504702692,0.36661528404178256,140.0,aleutian,63,aleutian_05
7098.139656387665,5335.835334801762,111.0,267.9397260040978,6.577241635153987,75.6737747861355,30.84302619710859,110.69826936368929,10.542305623661864,19.030755906455628,0.5539614755967573,175.0,aleutian,64,aleutian_06
7142.019374449339,5339.389176211454,81.0,331.41603991819045,5.43917608418368,46.210320057577476,15.978956724381774,81.30945404931383,,,,,aleutian,65,aleutian_06
7056.965220264317,5283.12637444934,111.0,215.93579073781524,8.214658810167954,51.06359207513864,18.254849968409825,209.4451205593346,18.356915127958676,22.662292301503673,0.8100202258330536,175.0,aleutian,66,aleutian_06
7094.692555066079,5264.36291629956,96.0,175.09295455409372,10.453473947183017,47.85527211577441,16.74182656720708,197.35949460067832,11.24049022465619,27.084707867465543,0.41501242249536663,175.0,aleutian,67,aleutian_06
7071.264660792951,5260.533475770925,96.0,204.66116596400474,8.847458561535277,43.88501918374628,14.915970254258275,134.92142845436018,,,,,aleutian,68,aleutian_06
7043.302634361234,5243.796308370044,106.0,305.08783934440675,5.898322036886458,57.1543748924474,21.21431879054276,96.58484510888454,5.7673653215997085,10.52246571706899,0.5481001769617736,105.0,aleutian,69,aleutian_06
7034.697339207048,5234.311176211454,96.0,340.27043143315774,5.291044994455414,60.62017076802884,22.946651813637843,123.43523241272241,7.285928526184028,46.47410554238684,0.1567739376831874,105.0,aleutian,70,aleutian_06
7018.034299559471,5223.051343612335,101.0,333.1991302886086,5.3871177706627495,62.6268340318946,23.964979497099748,131.05162369402663,,,,,aleutian,71,aleutian_06
7029.8475374449345,5218.0637092511015,91.0,287.1813709321645,6.308848733164509,53.344819174154935,19.350229264806156,142.32105445013576,2.2077442029435597,17.116954506173887,0.12897996557432292,70.0,aleutian,72,aleutian_06
7012.676035242291,5199.078418502202,96.0,253.8594249454748,7.144101965604082,53.055467737097416,19.210410654593183,64.26349277600207,7.462713502811723,63.84412158828182,0.11688959479992996,105.0,aleutian,73,aleutian_06
7025.744176211454,5185.310392070484,76.0,117.71593333342577,15.634534187721327,28.522298688427494,8.397354416444688,100.57562189347112,7.988697841949708,30.54826533800985,0.2615106865662099,70.0,aleutian,74,aleutian_06
7075.907960352423,5173.4425748898675,96.0,171.25052889626303,11.109252612089717,46.99435154138879,16.341452915776607,119.39529836844675,13.74338028149406,12.096193403454087,1.1361739865675111,105.0,aleutian,75,aleutian_06
7010.865101321586,5169.657044052863,101.0,228.81258166165966,8.04679552102287,59.52635544933795,22.396260466533118,68.60995016583172,13.566507403649107,35.826774317596254,0.3786695191530526,105.0,aleutian,76,aleutian_07
7014.072863436124,5161.998759911894,96.0,264.68095454189995,6.997383346790976,56.20424405004342,20.745405734867344,118.46812495515385,,,,,aleutian,77,aleutian_07
7017.7570837004405,5131.546533039648,106.0,281.77367318377657,6.694062398904743,65.94906821436716,25.674855242268716,173.8214771954295,1.6697848582645394,15.352875451455013,0.10876039889363472,140.0,aleutian,78,aleutian_07
6994.229643171807,5112.3960660792945,66.0,179.91066423693007,10.45982229610506,25.925760568173537,7.393869703494214,76.71858069150774,2.996884747114136,102.96678565740959,0.029105354003040856,175.0,aleutian,79,aleutian_07
6979.288004405287,5105.56662555066,46.0,65.46605866909869,28.621264468133646,9.01619539337425,1.8082599844168814,194.8231366711653,1.794690022425144,98.34582123362036,0.018248767460712547,175.0,aleutian,80,aleutian_07
6985.161792951541,5096.795740088106,46.0,55.62465637787088,33.948363474559514,10.255905045152499,2.1471469754461445,104.15080548719459,,,,,aleutian,81,aleutian_07
6990.327718061674,5076.415449339207,76.0,202.92649701432512,9.431554266604026,42.14201262089512,14.131344447727631,89.3719131966368,,,,,aleutian,82,aleutian_07
6931.887568281938,5012.954154185021,66.0,195.0518328352871,9.838069123489722,29.403372427413824,8.744989887533254,71.68543446579083,4.45790458597028,88.0549859183843,0.05062637327660454,140.0,aleutian,83,aleutian_07
6955.811867841409,5016.3311938326,81.0,169.65755619978262,11.43173765703042,46.56589896055763,16.14310632454214,136.17537806542373,,,,,aleutian,84,aleutian_07
6949.068995594714,5010.658997797356,81.0,193.35802256520012,10.02497839024873,39.180195781754264,12.822870441688517,48.15219816016059,4.927077464474571,10.537030851548218,0.467596378324225,140.0,aleutian,85,aleutian_07
6927.57991629956,4990.061583700441,71.0,171.7568166734167,11.28059060551391,33.26048169248989,10.307052732778343,47.93141805109403,6.027551804003651,16.192585217449153,0.3722414749133667,140.0,aleutian,86,aleutian_07
6933.353889867842,4972.408255506608,71.0,180.1593265542524,10.884508017800139,31.90204122408647,9.749621318583898,47.77208015006242,,,,,aleutian,87,aleutian_07
6917.424999999999,4946.818151982378,71.0,255.02517539022102,7.72710711796332,35.66656054114459,11.313007964228115,92.2083237434487,4.196797472670181,14.873477402959288,0.2821665276363125,70.0,aleutian,88,aleutian_08
6912.619140969163,4938.610704845815,81.0,182.05848031589423,10.842716212385142,38.564847223314594,12.555054593880193,69.13183619174558,,,,,aleutian,89,aleutian_08
6828.99839647577,4908.384832599118,71.0,131.85043142689628,14.56660811111206,25.957763656585254,7.406041655497957,86.05545862041649,,,,,aleutian,90,aleutian_08
6890.368784140969,4870.866889867841,81.0,45.55544156116805,44.330640315746024,21.986007197161506,5.935057620067516,111.37461239457562,42.85390664349998,19.079631030220998,2.2460553128947804,105.0,aleutian,91,aleutian_08
6932.100022026431,4860.1117048458145,66.0,91.94206274146943,22.535804129246166,22.86386301519167,6.253108022217728,72.07397737081337,,,,,aleutian,92,aleutian_08
6861.144286343612,4856.033665198238,91.0,71.26354426914384,28.136554836124823,26.41550209667118,7.580681994188902,241.24144165610386,8.36664449089891,135.72325140113162,0.061644886963186554,175.0,aleutian,93,aleutian_08
6837.437066079296,4819.011568281938,71.0,48.94945958070029,41.234888292682584,19.096827037716974,4.918636611511067,92.03357103430658,25.66172828180021,99.86423657468805,0.25696614886359154,105.0,aleutian,94,aleutian_08
6771.967237885463,4805.993759911895,56.0,53.95452444499658,36.43760181739274,13.167515736713543,2.996182386626542,115.59470017326987,,,,,aleutian,95,aleutian_08
6847.999295154185,4753.126790748898,101.0,94.61348630322482,22.141373140943916,34.13000649178827,10.667883879862519,103.15909077837908,10.072835911770069,6.676504026603256,1.5086991442877529,105.0,aleutian,96,aleutian_08
6850.750533039647,4712.774444933921,76.0,67.85368825759124,31.508620135568485,18.6170269092217,4.754558776090569,93.36188085426419,20.56206902285031,65.6924969742044,0.31300483266642243,105.0,aleutian,97,aleutian_08
6873.639330396476,4742.330863436124,166.0,171.71823484536702,12.411660700330424,84.81724140718595,35.909440877337765,108.80452786879727,7.134713624817867,101.3446264328616,0.07040051235024725,105.0,aleutian,98,aleutian_08
6891.351030837004,4735.110171806167,101.0,88.4339246743126,24.3825078098921,32.296472657461344,9.910675161566408,119.07855311270882,46.08615845334435,69.9153524719233,0.6591707947385618,105.0,aleutian,99,aleutian_08
6865.835757709251,4727.363900881057,161.0,204.105567781514,10.477283300362163,82.62706858733166,34.678442101623226,95.47982117067515,,,,,aleutian,100,aleutian_09
6861.857929515419,4721.944997797357,131.0,172.88305697879207,12.377805952266156,61.97366810125451,23.63230344746077,101.76339292123832,,,,,aleutian,101,aleutian_09
6871.247982378854,4751.967162995595,146.0,190.47406221188368,11.126348620767946,78.83191033320495,32.57110704209276,81.16553853784961,9.221172927950233,93.94902215693787,0.09815081324153277,70.0,aleutian,102,aleutian_09
7039.609810572688,4750.714775330396,151.0,209.20357415063233,10.9409939315579,98.08967505102508,43.590733771866624,84.90787528935782,4.617657331900859,118.39520841565907,0.03900206261463976,70.0,aleutian,103,aleutian_09
6862.146616740088,4754.638079295154,71.0,61.346214149571296,34.35433737290635,17.38577676479119,4.339988550759025,112.30182392758296,5.811822579680463,81.23661349079994,0.07154191109084887,70.0,aleutian,104,aleutian_09
6848.189964757709,4755.2693436123345,151.0,216.43850746756357,9.66981636324132,87.11308831932571,37.211256301426594,95.5452252122447,8.641345791949728,54.32738554118953,0.1590605862194141,105.0,aleutian,105,aleutian_09
6843.062242290749,4755.939162995595,76.0,68.57857767216424,30.43403858960913,19.925519991049853,5.205262915324572,94.71342552280932,41.700505104241316,105.85777761486959,0.393929534927094,70.0,aleutian,106,aleutian_09
6758.21113215859,4760.634859030836,151.0,182.77385059522618,10.929223554804988,87.98776600856604,37.710258270310995,70.93953348376998,3.416618696912785,90.64323879267236,0.0376930341680265,70.0,aleutian,107,aleutian_09
6843.051488986784,4760.376251101322,141.0,217.500097902552,9.575514024911273,80.48838114203964,33.48683035079621,85.96021317109575,8.818166215489706,41.616275612991366,0.21189224853982214,105.0,aleutian,108,aleutian_09
6837.028823788546,4764.090396475771,151.0,253.0697569916657,8.19117405396269,91.04949286539205,39.46994247630712,89.41990489170479,8.189725019353384,47.50860531833488,0.17238403368142535,105.0,aleutian,109,aleutian_09
6835.982753303965,4719.458431718062,146.0,197.4404583912502,10.719810614457629,81.72036441971906,34.17198271967448,93.28870185433992,4.043202082313459,64.18838510803994,0.06298962149473093,70.0,aleutian,110,aleutian_09
6821.677493392071,4719.1013700440535,141.0,220.44488195424105,9.537876791280917,72.52001954112302,29.14117116643361,104.50152056182817,13.288812781195046,56.40702903231422,0.23558788699156993,70.0,aleutian,111,aleutian_09
6874.221070484582,4720.262689427313,141.0,220.9852166697978,9.747070023583403,74.53475362618663,30.225596395732644,119.92134491683932,13.46622233570142,57.84634771728112,0.23279295698176805,70.0,aleutian,112,aleutian_10
6787.3503876651985,4688.527810572687,136.0,192.67924962735975,10.892831382474341,69.76555526161445,27.674802190406492,83.15101138542882,10.622134381877405,32.9344554516869,0.32252345563932316,105.0,aleutian,113,aleutian_10
6697.0367488986785,4725.172810572687,136.0,243.76753009580193,8.089116452675377,77.44994794547229,31.812023321553283,77.44443645521739,9.449651767909623,43.62789405030597,0.216596559921355,70.0,aleutian,114,aleutian_10
6850.3639603524225,4726.614735682819,131.0,264.43256643952134,8.031345205566156,82.20337264653948,34.44154566544379,86.20096555012042,15.800246113187677,47.755727827576564,0.3308555189491598,70.0,aleutian,115,aleutian_10
6668.381986784141,4732.516524229075,126.0,178.38484481631195,10.852185703042672,61.14481150821569,23.211823839576162,191.65531426894333,,,,,aleutian,116,aleutian_10
6694.901629955947,4745.37108370044,131.0,273.6529726227933,7.124097822035226,75.26430277149076,30.620704302445162,158.32144957951894,34.73810036913735,48.41900374603364,0.7174476482693638,105.0,aleutian,117,aleutian_10
6675.012819383261,4737.725273127753,121.0,326.97794435070534,5.924826367425074,75.14640452994567,30.556766344906684,106.0500369855999,3.165992432273277,36.524045082409536,0.08668241497155693,70.0,aleutian,118,aleutian_10
6653.892140969163,4762.099013215859,126.0,368.7346770122144,5.130499640234918,82.83173013677843,34.793017500730095,54.05099122831766,39.37780383999806,33.99776157030695,1.1582469557169301,105.0,aleutian,119,aleutian_10
6658.389162995594,4763.217656387666,126.0,353.34684079516836,5.363487904244602,83.32328910500625,35.06859166234889,101.98180390477489,5.477700154765137,42.90517860889789,0.1276699068123479,70.0,aleutian,120,aleutian_10
6632.151757709251,4777.429874449339,126.0,405.8407718792371,4.570072826028941,89.40656611526497,38.52319850780219,77.1479912831893,31.388630435024194,40.56472344726959,0.773791308495583,70.0,aleutian,121,aleutian_10
6627.477546255507,4770.03372246696,126.0,395.11652736885486,4.701002603352401,86.78639432746144,37.0253050762818,65.45796118796949,9.821884259600012,37.17205801459427,0.26422761569305103,105.0,aleutian,122,aleutian_10
6603.653312775331,4770.336242290749,131.0,430.91843724806614,4.254441007891242,88.9392474487175,38.25495708248621,155.82258540042412,13.68559224688955,64.18103509374177,0.2132342089357175,70.0,aleutian,123,aleutian_10
6585.197519823789,4778.095436123348,126.0,475.66676895272025,3.7990925615408315,91.05272013934582,39.47180785107273,87.06334646856982,12.594813771083073,29.261066659271556,0.4304290721094518,140.0,aleutian,124,aleutian_11
6574.173682819383,4782.516502202643,131.0,798.8214782487873,2.242875572830731,108.94908203382485,50.141180251125064,395.5205809097151,12.557225293789532,66.2586712174947,0.18951821796380922,140.0,aleutian,125,aleutian_11
6530.603678414097,4767.959449339207,106.0,613.640286023938,2.872438901454605,80.22558425046995,33.341129112370346,162.86501388952735,24.137733829187976,35.44858634375121,0.6809223249446424,70.0,aleutian,126,aleutian_11
6526.906740088106,4755.916748898679,41.0,947.989362553643,1.8681538645315905,21.369787194818795,5.714304535288709,276.911327554104,8.468579031271124,30.282779200113456,0.27964999431886345,70.0,aleutian,127,aleutian_11
6475.542013215859,4763.405079295155,106.0,434.2755433015974,3.9425129052953656,80.78394033946093,33.65088538448746,87.34527721386964,9.162543249296032,38.11213577170484,0.2404101230164717,70.0,aleutian,128,aleutian_11
6486.307004405286,4765.682916299559,106.0,483.8831424781339,3.5558669791508173,71.9012817114482,28.810135097891337,101.02212810406596,15.653967818236318,53.21902543382507,0.2941423239270168,175.0,aleutian,129,aleutian_11
6411.789480176211,4756.499546255506,116.0,460.4542021695678,3.594906781437353,77.40817185167565,31.78914639494028,168.57155324501818,9.502406243685627,40.57254405191573,0.23420779903588393,175.0,aleutian,130,aleutian_11
6421.367123348017,4759.537616740088,116.0,517.408710695217,3.2118313284192865,80.98331091395944,33.761662425687,137.97830255530027,8.853370174706724,128.6313351712178,0.06882747631377871,140.0,aleutian,131,aleutian_11
6417.7540881057275,4754.535475770925,101.0,439.7322312341799,3.7823441044262545,71.77049728771786,28.740284248822817,63.969703537675024,13.793438580877265,49.76511583417863,0.2771708324127711,175.0,aleutian,132,aleutian_11
6367.034894273128,4748.712546255507,106.0,381.62522724996074,4.240606313370463,76.42691168420286,31.2529871043819,91.32212054910764,13.337113460801406,56.89840516594041,0.23440223714363528,175.0,aleutian,133,aleutian_11
6388.195528634362,4743.682145374449,111.0,376.2947665221276,4.370279710396156,76.99323340144923,31.562146405385114,55.73396447715204,,,,,aleutian,134,aleutian_11
6371.668718061674,4738.210603524229,116.0,358.55712117928965,4.555642652320007,88.94165223488278,38.25633623224293,70.7146540338561,10.56655180099017,35.62035075475841,0.2966436763562363,175.0,aleutian,135,aleutian_11
6260.235374449339,4735.40991629956,106.0,316.96079382205335,4.810769937072532,77.51148790636589,31.84573059420327,59.68444660641599,14.73104166347251,126.58016001132057,0.11637717681945618,70.0,aleutian,136,aleutian_12
6336.647110132159,4726.284607929515,101.0,301.14709843980387,5.347428251992731,69.0149748159736,27.278525847904664,64.9622865010963,6.343087953644811,111.08836443986607,0.05709948099090456,70.0,aleutian,137,aleutian_12
6274.549907488987,4724.209013215859,111.0,300.70556060031424,5.1556775045266905,80.82269265330632,33.67241035449953,77.08992206740804,,,,,aleutian,138,aleutian_12
6097.9341982378855,4723.729123348018,121.0,307.0046982585826,4.476169526670916,103.27419206799787,46.689460969827515,77.61362339886223,6.6012779548792615,134.37058247970052,0.04912740447394073,70.0,aleutian,139,aleutian_12
6208.177048458149,4697.409938325992,126.0,282.13152923300066,5.3548325996719,95.64481796242845,42.14813655577593,71.46193607585778,3.4152476998127312,121.08954166011107,0.028204316020941478,70.0,aleutian,140,aleutian_12
6212.525440528634,4716.472502202643,136.0,239.05495821494182,6.258196648575022,101.17903771804957,45.430813282297805,130.9392660325426,,,,,aleutian,141,aleutian_12
6193.6806740088105,4674.687268722467,156.0,334.5802963861207,4.539996591829654,125.49685434992595,60.5443431754421,82.49344714103222,,,,,aleutian,142,aleutian_12
6131.3531938326,4643.3567907489,141.0,229.2982042539279,6.48935044181974,98.1173339338988,43.60712323259505,91.68695049181296,9.707959501564638,45.369549207155735,0.213975225040003,105.0,aleutian,143,aleutian_12
6154.137528634362,4611.243383259913,156.0,271.0347355159187,5.6926066780242275,112.4057811918356,52.27346830460455,56.80676160458895,14.044098986049432,72.0746582500592,0.19485488141094165,105.0,aleutian,144,aleutian_12
6153.331837004405,4589.538788546255,156.0,280.15728042216125,5.581839765512122,112.15578559367259,52.11851434619093,55.10303390726355,14.18794811715568,31.163108659948552,0.4552802569209122,140.0,aleutian,145,aleutian_12
6085.368215859031,4569.174938325991,146.0,223.58859577071513,6.781174470489812,97.68371033781939,43.35035397875763,72.78556528253115,11.78875910672541,22.520426334663004,0.5234696240443895,140.0,aleutian,146,aleutian_12
6081.339823788546,4567.204343612335,141.0,252.05804500710136,6.00709047050473,96.13093142103332,42.43400132035719,63.61828319023489,11.829012375840511,23.64148661725181,0.5003497693418557,140.0,aleutian,147,aleutian_12
5970.177013215859,4558.750017621145,146.0,208.69747341542796,6.763028667746076,89.21378369409051,38.41248441305839,118.90778571954506,13.357103467890791,24.25556372866984,0.5506820462846149,140.0,aleutian,148,aleutian_13
5787.211484581499,4528.780484581498,151.0,237.47270135542237,5.299265948537482,98.94707803530349,44.09950860857766,62.83023218145792,19.655379652281837,25.147141339534965,0.7816148717222471,140.0,aleutian,149,aleutian_13
5851.744656387666,4508.075651982379,146.0,239.72524458781908,5.60503757839762,94.82492810198066,41.66708782287646,95.64913844457898,4.9315011161566655,39.140186845644955,0.12599585013747536,70.0,aleutian,150,aleutian_13
5827.70159030837,4497.040986784141,151.0,302.0324191497263,4.405687996243151,110.17235521546156,50.89322398879095,42.42081035134262,2.9846969846597258,49.53712262348324,0.06025172288155509,70.0,aleutian,151,aleutian_13
5605.125127753305,4493.710497797357,151.0,298.1610444673639,3.727564853220123,117.27766434755074,55.31592716358592,49.91113476338215,6.518599853604327,53.291722903720775,0.12231918013574308,70.0,aleutian,152,aleutian_13
5658.323577092511,4553.6582643171805,146.0,308.98956262911923,3.575089408768356,113.53750362392265,52.97637528581075,65.11557159512587,10.960445567222983,77.57614586565586,0.14128628645980904,70.0,aleutian,153,aleutian_13
5595.16881938326,4501.3180352422905,141.0,307.5410060015113,3.5567640177895297,105.66800717306592,48.13797398635134,51.663941954834954,10.625115396894444,77.7829364981788,0.13659956637331658,70.0,aleutian,154,aleutian_13
5567.2783832599125,4551.237233480176,151.0,395.6959294762126,2.567732124827977,132.46073122927135,65.06478256531977,55.87438573091037,,,,,aleutian,155,aleutian_13
5575.669955947136,4532.442647577092,151.0,521.9762256697541,1.9986107739513732,146.16843155925022,74.19384886279491,124.3388314347505,59.749009736291185,116.05188916968748,0.5148473683950808,175.0,aleutian,156,aleutian_13
5474.639559471366,4570.495449339207,156.0,537.8131341907014,1.6811491811049029,158.2158678842416,82.45743777876434,80.53259903852202,,,,,aleutian,157,aleutian_13
5387.946251101322,4561.045343612334,156.0,507.7895126478584,1.6284324250359739,154.3853697265414,79.80644671660734,140.410858693536,,,,,aleutian,158,aleutian_13
5372.985660792951,4640.1110484581495,151.0,549.4160354091118,1.333915585097696,154.26137506826151,79.72099606140817,79.78769164407205,11.920749405229595,59.54574424516657,0.2001948175531826,105.0,aleutian,159,aleutian_13
5267.2957092511015,4653.245616740089,126.0,424.6496511682111,1.4460157704633951,121.07041042073638,57.713906484403665,166.33400691864944,,,,,aleutian,160,aleutian_14
5203.94440969163,4658.246704845815,121.0,333.4037929542759,1.6367471407880907,101.05890546826403,45.35890608838683,222.46955697738417,2.83682391500807,22.47492510705534,0.1262217293937737,105.0,aleutian,161,aleutian_14
5182.582740088106,4754.200114537445,121.0,681.0377221103698,0.6290145342070154,150.19926955701908,76.93433650956544,74.50839948794719,,,,,aleutian,162,aleutian_14
5148.302797356829,4727.961370044052,116.0,680.583849161673,0.6176188691967096,135.37530434277866,66.98060200399472,183.97498038229685,23.58133935999733,75.46090448187675,0.312497438533364,175.0,aleutian,163,aleutian_14
5089.963286343612,4757.782590308369,101.0,664.966267312626,0.4995451835139053,134.73121652060465,66.55603274794147,97.96410967711684,,,,,aleutian,164,aleutian_14
5051.193744493392,4766.549140969163,101.0,586.3359912360767,0.4854632971176799,127.00573946989371,61.51687257561795,81.52175746623911,,,,,aleutian,165,aleutian_14
5032.474233480177,4796.824074889868,101.0,607.7641535775962,0.38773290132884125,129.26551870314884,62.980587787067975,108.40872928374472,,,,,aleutian,166,aleutian_14
5029.936568281939,4757.185691629956,121.0,861.6180096053477,0.31655661048323835,246.13796012505244,148.63961826224434,104.17030375046886,,,,,aleutian,167,aleutian_14
5034.40240969163,4737.927546255506,121.0,514.6205478947822,0.5761038198901074,163.8047254011357,86.36378878417545,128.38590734181622,,,,,aleutian,168,aleutian_14
4994.352559471366,4423.441356828194,71.0,612.2610600297171,0.9324636824289644,48.26937574941734,16.935266227147487,262.828292772338,33.2507289863477,86.84381844464957,0.38287962899213435,70.0,aleutian,185,aleutian_14
4984.359193832599,4315.284140969163,91.0,636.6150197027231,1.0509884815093913,70.95769466429839,28.307126235579183,108.81934567707759,,,,,aleutian,190,aleutian_14
4963.690568281939,4336.558171806168,96.0,672.8632026993222,0.9320355073065477,74.08424166821557,29.982251183805623,197.39305465292833,60.43601911131481,127.74889953499466,0.4730844596806831,105.0,aleutian,191,aleutian_16
4952.912797356828,4374.881555066079,106.0,624.2755271806668,0.9259232776611239,80.16369870897523,33.3068413220263,199.86109445506784,54.085432478299744,114.6500828034268,0.47174350995482384,175.0,aleutian,192,aleutian_16
4949.686607929516,4352.404581497798,121.0,849.2722087846166,0.703286908783323,99.00490976838529,44.13387848877078,415.7983151991351,140.90183254595,22.017541455777764,6.399526160945415,140.0,aleutian,193,aleutian_16
4926.876735682819,4284.294555066079,131.0,686.5889025834653,0.9359052821839411,102.34876579998277,46.13245837177824,243.5755759260952,10.626105232658553,102.58260908895787,0.10358583513355346,175.0,aleutian,194,aleutian_16
4913.292370044053,4258.500149779736,146.0,1163.2463454031933,0.5629007328085435,133.35479248127393,65.65099144767615,389.9287573637174,102.95239572512597,35.934954118596096,2.8649652754627786,175.0,aleutian,195,aleutian_16
4932.492039647577,4179.965748898679,166.0,1860.337874128098,0.4045105468282702,167.5603542777417,89.0139647212178,707.0695211110647,,,,,aleutian,196,aleutian_16
4935.57442290749,4209.450299559471,171.0,1955.633665491545,0.3712986415405713,176.28335768384534,95.24558870966098,623.7293411409786,,,,,aleutian,197,aleutian_16
4916.582088105727,4164.855193832599,181.0,1791.504604087013,0.4196064540153517,188.3969870862515,104.07067930988342,483.665531937243,,,,,aleutian,198,aleutian_16
4746.619198237886,4116.386674008811,271.0,45.26755776558999,13.922388468417548,132.61145104781988,65.16351282179461,78.39931415030517,45.31217933573485,29.541289898095094,1.5338592015461283,105.0,aleutian,217,aleutian_16
4379.158259911895,3451.1649515418503,186.0,120.21481356123365,7.7194588660020145,94.13642946886327,41.26419853018788,259.92696090545013,10.266581460647012,24.654400861753015,0.41641983182701536,175.0,aleutian,242,aleutian_16
4304.844290748899,3284.5517268722465,111.0,98.19358777224296,10.390623125444707,52.81986003758627,19.096749295423617,154.2911631226361,10.497293952550844,51.863838170163085,0.20240102396798443,175.0,aleutian,249,aleutian_16
8415.29296475771,5051.895114537445,86.0,453.14527441806604,7.422339015980197,44.66548380608688,15.27070808526562,1022.5500063197874,30.905250984146967,43.11830308730919,0.7167548064581226,175.0,izu-bonin,0,izu-bonin_01
8367.186559471365,4831.078863436123,81.0,589.2305384111431,6.001229511237379,47.92830747616891,16.775903098308486,1014.9614426689432,30.008810688628117,44.91396534920522,0.6681398637441648,175.0,izu-bonin,1,izu-bonin_01
7803.639281938326,5533.1542026431725,76.0,1170.7334287198191,1.9393698203167375,65.04220240137475,25.205197411960906,416.8508571588698,43.34728896264211,57.10069388068106,0.7591376919730891,175.0,izu-bonin,2,izu-bonin_01
7351.407964757709,4977.110484581498,71.0,1579.5849000275293,1.503114824745939,60.28855257454151,22.7794339656721,546.520297926449,30.353324814375167,60.637830228366255,0.5005674625899781,175.0,izu-bonin,3,izu-bonin_01
7356.25437444934,3669.156616740088,66.0,1116.4062386863882,3.3026488297375067,45.7602280694475,15.77177934022575,910.1136181077189,21.601330525218177,103.2112533754563,0.2092923961172919,105.0,izu-bonin,4,izu-bonin_01
7351.198634361233,3666.342889867841,66.0,1114.944028061878,3.30496926459961,45.7680505251066,15.775374239541687,909.5676376330061,21.739632175439183,103.49391322324934,0.210057108658594,105.0,izu-bonin,5,izu-bonin_01
5437.984436123348,5155.242211453745,46.0,2946.996819640913,0.0959424939942945,44.89515843232082,15.37549583210548,979.1019184386723,26.596531614537636,70.06224566622612,0.37961289081772376,175.0,izu-bonin,11,izu-bonin_01
5617.544845814978,3362.562920704846,16.0,1006.2985541090532,2.2408676986588993,160.0711646334548,83.74918541479045,890.7708538049745,,,,,izu-bonin,16,izu-bonin_01
5223.112356828194,2598.289246696035,16.0,318.9942920096286,8.228432846230772,140.55369083715735,70.41839534022343,1023.376148162204,12.759118126849918,22.22492575667465,0.574090472406553,140.0,izu-bonin,17,izu-bonin_01
6359.91350660793,5359.238255506608,101.0,2302.270144107999,0.43464719101807564,105.53086187164041,48.054688374757724,278.0041218575583,7.55923023189711,33.24135635872586,0.22740438597996052,70.0,izu-bonin,25,izu-bonin_01
7190.335625550661,5391.779502202643,91.0,1611.1233818693265,1.1163366776175887,79.32675138266086,32.843997539075175,327.41677407018364,14.735031563387814,17.470385655465865,0.8434290950399108,70.0,izu-bonin,26,izu-bonin_01
7865.083647577093,5497.110398678414,91.0,771.3647618672679,3.069848878196677,80.49304779760102,33.4894190973281,155.37800160660663,,,,,izu-bonin,27,izu-bonin_01
8228.383400881057,5470.057436123348,86.0,288.95389531643025,9.545903375820894,44.8711934264783,15.36455356647819,126.22914296942506,,,,,izu-bonin,28,izu-bonin_01
8690.303757709251,5569.030237885462,96.0,289.37266376991533,10.786345465947543,44.421374325416636,15.15953126121742,147.22142624428264,,,,,izu-bonin,29,izu-bonin_01
8879.905691629954,5636.6683083700445,116.0,357.6987373186944,9.066952283844163,59.65436345703293,22.46049929962231,139.81653233750146,,,,,izu-bonin,30,izu-bonin_02
8907.885713656387,5657.865370044053,151.0,1094.2220661612103,2.9701652380436583,110.37580428856879,51.01857140064004,331.68440423203725,42.36336161952746,23.585834708961716,1.7961357798980504,140.0,izu-bonin,31,izu-bonin_02
9203.585709251101,5696.214572687225,166.0,1240.8836713858286,2.8265108305009905,150.358278812588,77.0429515920423,427.8754759537523,,,,,izu-bonin,32,izu-bonin_02
9249.034145374448,5654.629207048458,156.0,1234.5907232106308,2.91141418022202,136.06326154134766,67.43483326865011,636.1272799235078,1.871699927253784,41.30055966518065,0.045318996701920286,175.0,izu-bonin,33,izu-bonin_02
9264.742682819382,5550.021511013216,116.0,1606.9530273625578,2.311655106623137,86.03237491101498,36.597015291844784,749.2082913949,27.85067774985046,42.50520017176368,0.6552298927497284,175.0,izu-bonin,34,izu-bonin_02
9213.666986784141,5525.394497797357,146.0,1809.5086773508963,2.0382728942678408,110.96072632635575,51.37937768618067,981.552230250774,43.16673282608208,46.875338720311404,0.9208836459538509,175.0,izu-bonin,35,izu-bonin_02
9256.7666123348,5583.228550660793,146.0,1208.4285777962134,3.0399298139517392,102.39942480341395,46.16290612061884,552.8588240505264,,,,,izu-bonin,36,izu-bonin_02
9230.820396475772,5607.023030837005,166.0,621.4858249971005,5.830860849731648,100.4644128980745,45.00348222504916,344.70413750809024,,,,,izu-bonin,37,izu-bonin_02
8934.588629955948,5643.85254185022,191.0,321.42416714488917,10.237985890533098,99.45903405975635,44.40400075087937,104.53053620029209,,,,,izu-bonin,38,izu-bonin_02
9081.066616740087,5660.492911894273,221.0,1322.1873551895549,2.5870567370200157,197.28858227217344,110.67063143411701,376.41321786231384,19.5181466028175,30.81852239660566,0.6333251916375855,175.0,izu-bonin,39,izu-bonin_02
8674.209973568282,5692.351253303965,216.0,1821.4731148339688,1.6370588706362106,194.80493156114085,108.81690796125899,1057.8338705398728,147.31367643316315,57.616649241760804,2.556790066271149,140.0,izu-bonin,40,izu-bonin_02
8849.998528634362,5728.833991189427,226.0,1838.410566172502,1.6977516311511827,204.3975121972181,116.01939397079715,924.4375816045875,57.87946446941944,59.37490914293527,0.9748135248524625,175.0,izu-bonin,41,izu-bonin_02
8737.197555066079,5726.274370044053,226.0,1610.6668035985656,1.869364401311926,205.4380349963894,116.80755186226233,817.6838023881241,25.890703606596773,52.19517731524987,0.4960363186472456,175.0,izu-bonin,42,izu-bonin_02
8616.260502202642,5717.686074889868,236.0,1335.840098384612,2.169851339855665,214.83665230548704,123.98646759938654,592.5359359768172,53.44489897115196,32.05330091223766,1.6673758224616166,175.0,izu-bonin,43,izu-bonin_02
8839.590775330396,5685.038643171806,236.0,140.26165462760804,22.490481383054156,94.5217307880424,41.48954503017156,348.9036079825111,52.439894899571534,18.91711401235055,2.772087479376333,175.0,izu-bonin,44,izu-bonin_03
9247.126480176212,5614.536966960352,196.0,101.39799375891636,35.82506298746596,62.93833711526722,24.124045428116993,663.1110994829282,39.134740525903275,66.46396562852154,0.5888113981135888,140.0,izu-bonin,45,izu-bonin_03
9285.529801762113,5625.078726872247,166.0,110.17178957497221,33.22493978732114,52.1104531604451,18.755540535726727,310.8462826029814,,,,,izu-bonin,46,izu-bonin_03
9624.140400881057,5927.274156387665,131.0,112.7798242062694,32.779499972725475,40.57323888383992,13.434330323653493,200.15108870080576,,,,,izu-bonin,47,izu-bonin_03
9611.859713656388,5934.083581497797,131.0,107.16417106664278,34.31908347307115,38.19250555168339,12.393690667893383,546.7076553143147,37.45436657722062,142.02959798900204,0.2637081784891123,175.0,izu-bonin,48,izu-bonin_03
9768.290585903083,5920.744427312776,121.0,105.0160864218562,36.63768370813661,35.33780885477451,11.17418716961924,278.89736682900457,12.428755874649173,148.2105314331363,0.08385879029289009,175.0,izu-bonin,49,izu-bonin_03
9668.683973568282,5926.925634361233,106.0,107.42250603837243,34.83216392168745,30.152284742606422,9.043226729742162,110.56439803177898,,,,,izu-bonin,50,izu-bonin_03
9678.037599118943,5968.465762114537,111.0,206.01939144695132,18.005935319732256,44.286524089668305,15.098202485804565,133.27527595353484,17.250792319925697,36.88065300165099,0.46774639047615163,175.0,izu-bonin,51,izu-bonin_03
9672.515233480177,6014.45308370044,101.0,190.41731218460598,19.210764545575113,38.60489345017598,12.572440705728178,145.38815822592923,3.3751006906801186,89.47847587107667,0.037719693566786575,70.0,izu-bonin,52,izu-bonin_03
9694.097237885462,6016.899515418502,86.0,121.89202138730263,30.167665451891587,22.55936277779893,6.142316951301302,163.285515099263,6.220731384442507,40.85991376697869,0.15224533805721946,175.0,izu-bonin,53,izu-bonin_03
9763.786233480176,6049.881176211454,101.0,188.71816896475812,19.679636982712932,36.1975250022234,11.538117417538126,191.7467520339185,9.289678079982796,41.55886824198845,0.22353058379479865,175.0,izu-bonin,54,izu-bonin_03
9759.08834801762,6079.877665198238,91.0,157.39259930835286,23.3760081413442,30.228146156335246,9.073575760960304,226.28719530782544,7.5244087898504635,38.826638070863154,0.19379501197393237,175.0,izu-bonin,55,izu-bonin_03
9741.057669603524,6091.511700440528,106.0,218.89499063859802,16.672587885706815,40.905623603505035,13.58127289149974,215.8110158092187,10.385028687772136,43.98135162380878,0.2361234546996124,175.0,izu-bonin,56,izu-bonin_03
9598.618202643172,6097.307475770925,101.0,212.07720221240064,16.509604475853077,38.28553337110765,12.433957758788077,208.77354020074887,18.19880050625194,45.7255948194625,0.3980003011028269,175.0,izu-bonin,57,izu-bonin_03
9715.055466960352,6099.876092511013,101.0,225.31493770741358,16.045005321146924,40.058120320575355,13.207396240240653,236.008608793575,15.06456323304114,43.66287191013745,0.3450199809129715,175.0,izu-bonin,58,izu-bonin_04
9705.384559471364,6130.793096916299,116.0,399.0673147895651,8.95736466024537,57.570053744004106,21.42028763988243,180.69622472806455,27.109531200486934,57.08651289588704,0.4748850442122577,175.0,izu-bonin,59,izu-bonin_04
9603.510378854626,6116.329788546255,111.0,446.43964888966406,7.8110907016912705,55.193266861011644,20.24935771840832,180.73733873989087,24.450267565669122,65.94680887315566,0.37075740257117823,175.0,izu-bonin,60,izu-bonin_04
9650.140713656388,6123.733744493393,111.0,520.9402003381324,6.769312421798263,58.32471022325125,21.795486708376945,161.1700984175331,30.77711083792398,100.65457776703172,0.30576960850363505,140.0,izu-bonin,61,izu-bonin_04
9603.165453744494,6129.159118942731,111.0,531.1953667937952,6.539978606685284,58.925162268769824,22.09517783873166,156.45023415807816,33.78086477961441,121.721217684506,0.27752651035066345,140.0,izu-bonin,62,izu-bonin_04
9627.519462555067,6184.807079295154,111.0,582.5110486433335,5.910123750061015,61.648251172458075,23.46699423846903,154.03703832247473,,,,,izu-bonin,63,izu-bonin_04
9333.68,6129.049374449339,116.0,600.4782595243173,5.3367970858583345,65.67522932541763,25.532808176664773,128.83728721880013,,,,,izu-bonin,64,izu-bonin_04
9162.433079295153,6121.796378854626,111.0,559.5385771565541,5.434185996419302,61.9751899903145,23.633077236122567,124.63635523038134,,,,,izu-bonin,65,izu-bonin_04
9300.174215859031,6148.131508810573,116.0,599.5329082769913,5.257497400946968,71.12723279749531,28.397340504450288,122.58840709461593,,,,,izu-bonin,66,izu-bonin_04
9331.715392070486,6140.989859030837,111.0,597.5724245603775,5.339479202687447,65.132280643107,25.251751058326825,132.96482647077468,23.37855380764125,47.94126600488098,0.4876499048911441,175.0,izu-bonin,67,izu-bonin_04
9351.777154185023,6132.717123348018,116.0,593.3562062724695,5.425172934584275,67.319150081419,26.388494729030775,130.84684315991203,27.573105289193006,80.81248729000943,0.34119857232264367,175.0,izu-bonin,68,izu-bonin_04
9330.178515418504,6127.364339207048,111.0,603.612704339895,5.306074827755691,67.04071199436214,26.243068208934186,115.50464988057749,26.14410017536545,70.70345279339354,0.3697711942267171,175.0,izu-bonin,69,izu-bonin_04
9298.940938325992,6121.265969162996,116.0,592.5203718606504,5.362980110176406,71.86372512788566,28.7900721075581,104.61733583284484,,,,,izu-bonin,70,izu-bonin_04
9118.346643171806,6071.157916299559,106.0,489.9755495283774,6.2190628283499,63.740717249198504,24.534980286784418,119.36970305011636,34.57731486923406,60.612252615594095,0.5704674117381036,175.0,izu-bonin,71,izu-bonin_04
9074.619757709252,6030.488037444935,96.0,494.9886058050673,6.149902613037387,56.30797473374028,20.796471790385244,135.80715429340322,,,,,izu-bonin,72,izu-bonin_05
9281.770101321586,6008.294196035242,106.0,422.19488447040806,7.753471265746198,62.568823004174455,23.93538582660875,129.72369082891362,,,,,izu-bonin,73,izu-bonin_05
8932.797982378856,5971.7126123348025,106.0,406.3600028519488,7.28685241968285,54.810013247074856,20.06209709483857,175.06217746970876,20.6749007794769,22.506034226853153,0.9186381114984963,175.0,izu-bonin,74,izu-bonin_05
9163.480872246697,5957.203118942732,116.0,381.33220583632266,8.40809589180144,62.14974008349444,23.721867411828107,198.92100896281625,,,,,izu-bonin,75,izu-bonin_05
9400.508955947136,5901.279933920705,116.0,300.4587910446799,11.646286034300378,57.49255495086568,21.38184927891887,195.13207543684075,67.99074547056885,53.902799330889664,1.26135833972552,105.0,izu-bonin,76,izu-bonin_05
9406.510784140968,5867.855515418502,116.0,164.29187414860988,21.53883317151512,45.030060252929864,15.43712743537264,171.79501499648154,83.21028089196957,64.39658997651686,1.2921535274199052,105.0,izu-bonin,77,izu-bonin_05
9444.938696035242,5896.292766519824,131.0,248.1201698900554,14.302125986322917,61.33905823615976,23.31019591355677,162.78148491247742,80.40620951282786,55.14716176633856,1.4580298774670075,105.0,izu-bonin,78,izu-bonin_05
9442.692718061675,5855.57931277533,91.0,70.02630874491584,51.2252247702087,22.10041751587832,5.9762729300404605,156.8542591696874,5.99382152352523,21.685046351967337,0.2764034453161983,175.0,izu-bonin,79,izu-bonin_05
9425.744885462555,5854.595229074889,96.0,82.73133757609315,43.165622133246146,24.901859696007406,7.007108264774253,158.72322420963172,7.059094595344147,20.21778613143603,0.3491526989875599,175.0,izu-bonin,80,izu-bonin_05
9378.57949339207,5846.35722907489,96.0,121.34464080296812,29.109009190217,29.277104260217133,8.694953777774755,153.14092302457215,28.64914487210134,27.31571416516791,1.0488155169171367,140.0,izu-bonin,81,izu-bonin_05
9394.112185022026,5836.133,96.0,144.23237366691933,24.66838126951018,33.85107913454109,10.551798178456206,145.48582846466675,24.440049803319802,30.70175917359481,0.7960472123154292,175.0,izu-bonin,82,izu-bonin_05
9371.692801762116,5819.630969162996,106.0,121.20227456213732,29.306890860188176,31.33441723923349,9.519013614535414,136.22924014019856,10.368263605889092,42.191865997248776,0.2457408166437858,175.0,izu-bonin,83,izu-bonin_05
9175.970008810573,5808.548295154185,101.0,138.83821852206546,24.254284947636414,34.29447265491289,10.73648093804599,119.39962419339106,30.733976818548555,40.20655695972211,0.7644021060877474,140.0,izu-bonin,84,izu-bonin_05
9193.25178414097,5803.17813876652,116.0,272.8646364552625,12.424012467919308,53.1913051322669,19.276017590917956,134.1507785339891,6.993300840509921,62.48972153012072,0.11191121786547048,70.0,izu-bonin,85,izu-bonin_05
9187.28008370044,5791.785850220264,121.0,289.14263491756105,11.743319121541111,52.792956222969366,19.08378114841111,168.9741244892984,16.213594232216224,130.49287652291102,0.12424888364974893,105.0,izu-bonin,86,izu-bonin_06
9229.990374449339,5792.318436123348,131.0,357.84472201628165,9.606602324484136,67.18569150055185,26.318765052748397,206.21154097442607,45.10605573212358,113.22150359756354,0.39838771168813764,105.0,izu-bonin,87,izu-bonin_06
9218.065964757709,5756.783581497797,131.0,425.6490392463912,8.131775392675827,68.55832292918228,27.03813293955515,138.35865773109228,18.742126346396407,39.98536133623847,0.468724696240535,70.0,izu-bonin,88,izu-bonin_06
9293.111281938327,5720.182105726873,126.0,418.90738524190806,8.529162535886497,62.68466052033995,23.994488122326697,132.81032217879408,27.40918938469087,23.952090046941986,1.1443339320691246,105.0,izu-bonin,89,izu-bonin_06
9205.903594713656,5695.262784140969,121.0,434.33450088000404,8.082804390302373,61.429152218483765,23.35585735393155,137.74991581883214,59.383663214148115,25.88751295323973,2.2939114823974025,70.0,izu-bonin,90,izu-bonin_06
9089.542154185021,5677.543616740088,111.0,442.0067685438787,7.719335494986247,57.43421385564759,21.352924270387092,140.96668093736452,,,,,izu-bonin,91,izu-bonin_06
9077.57657709251,5658.3014889867845,116.0,449.08109220466685,7.613936875675463,58.40614213931995,21.836070104593126,146.94518766396442,,,,,izu-bonin,92,izu-bonin_06
9095.494158590309,5641.215,116.0,444.7862444544984,7.766155544730839,57.75763615577195,21.513397382688847,137.4176631539942,,,,,izu-bonin,93,izu-bonin_06
8998.560475770924,5646.880722466961,116.0,833.6709279851277,4.020386990589357,70.11647128901824,27.860560791339083,305.31304371628806,,,,,izu-bonin,94,izu-bonin_06
9066.504162995594,5641.078563876652,121.0,1075.6135952959694,3.1846246775789315,86.18183570737608,36.68181131111579,630.3658885558112,,,,,izu-bonin,95,izu-bonin_06
8962.126392070486,5657.275017621146,126.0,694.6400829423546,4.757645657950891,101.94174827096647,45.88800972360991,486.66321698204894,14.709555150971818,18.61881051983176,0.7900373192639769,105.0,izu-bonin,96,izu-bonin_06
8651.856096916299,5657.293753303965,141.0,365.1372809679274,8.201195823319306,89.79570924666027,38.74692409500079,460.1748623281858,12.300321594314992,23.738828261073948,0.5181520106653539,140.0,izu-bonin,97,izu-bonin_06
8257.941237885463,5657.923281938326,111.0,93.98990498738294,27.662736293819634,26.262313403615988,7.5221228999718175,530.8457963733184,7.929183074362747,33.9000116261414,0.23389912551676817,175.0,izu-bonin,98,izu-bonin_06
8794.303537444934,5704.060176211455,121.0,412.621253398293,7.48929759624026,60.029421387436,22.6489806956107,181.64221823918217,9.675554510879497,64.56656633476956,0.14985394237495855,105.0,izu-bonin,99,izu-bonin_06
8821.62988105727,5715.672268722467,116.0,534.8588393860032,5.807060449632504,67.88023888554841,26.682156958855014,134.52136871289989,,,,,izu-bonin,100,izu-bonin_07
8856.161273127753,5744.541103524229,106.0,592.827651127044,5.24877704959936,60.79795089096339,23.036422840779654,194.46195385595925,,,,,izu-bonin,101,izu-bonin_07
8779.263797356827,5759.073211453745,126.0,655.4612576895927,4.607733180979793,75.16039389826722,30.56435123867616,155.14003655562578,28.719885237731784,117.5536328238129,0.24431303863468506,175.0,izu-bonin,102,izu-bonin_07
8775.151127753305,5752.3972555066075,141.0,1286.9444365785273,2.3487835110294237,104.30693391212728,47.31302231727536,481.06672839339205,32.8714086901494,25.980009245381602,1.265257774917569,140.0,izu-bonin,103,izu-bonin_07
8774.005140969164,5710.308400881057,161.0,1117.3888317783026,2.7418358345431937,117.27072817398238,55.311565127080854,417.337814341095,10.41340078160673,32.93104099295423,0.31621839054024237,175.0,izu-bonin,104,izu-bonin_07
8814.811770925111,5681.022303964758,176.0,1617.9972968442635,1.9368323254139457,143.21930469451812,72.20465543551565,754.440717619253,11.425694587380333,38.41074579858565,0.2974608888693082,175.0,izu-bonin,105,izu-bonin_07
8849.331237885463,5683.043781938326,166.0,1212.837653318578,2.6106440934477178,123.80401741494195,59.45788209524086,562.1004246090424,10.471382520765468,32.91925746602999,0.3180929135953655,175.0,izu-bonin,106,izu-bonin_07
8837.327220264317,5705.274052863436,151.0,1169.5639377911787,2.677966604644147,105.81548064683098,48.227571903481255,648.5792566003856,36.29481775110851,40.07316423332897,0.9057137973876793,175.0,izu-bonin,107,izu-bonin_07
8814.810696035243,5709.57555506608,131.0,923.228292236862,3.3634531860430568,91.21827030759499,39.56752593307539,389.15601862024346,10.306839052353805,33.45861503125384,0.30804739056670877,175.0,izu-bonin,108,izu-bonin_07
8831.380008810573,5691.481345814978,111.0,649.1628425019316,4.8368428650262,67.23896081168355,26.346591765738438,182.2050740188919,33.485674183654865,17.59321374861923,1.9033290143640142,140.0,izu-bonin,109,izu-bonin_07
8769.081872246696,5711.672837004406,111.0,526.2830664643345,5.809438361341399,56.819571331883495,21.048786148193646,115.04439769871614,37.179333360072526,50.45272420324785,0.7369142885188178,140.0,izu-bonin,110,izu-bonin_07
8774.199286343613,5680.125555066079,111.0,449.08798894164255,6.8896826623425875,58.14813178425301,21.70754982885901,174.97553189480388,8.744726501521658,41.19336045852105,0.21228485377703066,105.0,izu-bonin,111,izu-bonin_07
8827.165066079295,5661.157801762115,106.0,465.22059140340605,6.805389363283459,64.11604113490269,24.72779454755605,146.50102260779983,8.794389061077062,35.53032675633989,0.24751782108245957,105.0,izu-bonin,112,izu-bonin_07
8771.231189427313,5623.201185022026,101.0,515.7502126439413,6.103788088166227,54.89549511676249,20.10382648176196,81.04154543831534,9.55798970935995,15.463335466906257,0.61810659995157,105.0,izu-bonin,113,izu-bonin_07
6987.956308370044,5272.208429515418,161.0,381.54289417901737,4.496867600028239,113.85902486348137,53.176497869896465,83.67619949925961,11.930912996845297,47.205891918692394,0.2527420309607781,175.0,japan,0,japan_01
6947.54059030837,5253.694572687225,161.0,436.904027896362,3.876929278443141,115.10598489630308,53.95441550995343,87.01886260782824,77.33811760472477,47.80382076361484,1.6178229348477,175.0,japan,1,japan_01
7079.592753303965,5219.258762114538,176.0,624.6891953691571,2.9780153154242917,140.45083565784176,70.34969548971729,71.51171313927975,15.520942392737785,74.7353591329612,0.20767870219402543,175.0,japan,2,japan_01
7035.860409691631,5224.112174008811,176.0,708.032566091844,2.5588487344349136,148.781820886044,75.9678108016982,64.75204146763,15.229633351372412,66.54973583258953,0.22884588737787945,175.0,japan,3,japan_01
6999.32898678414,5237.191737885462,171.0,690.478158026464,2.5520535710141035,144.23056673924498,72.8852305597862,56.971527816915845,81.64138381002839,59.154299331193776,1.3801428591510088,175.0,japan,4,japan_01
6968.8707444933925,5284.134438325991,171.0,661.5841344644408,2.5465186034595777,140.85829810122777,70.62194933296053,63.982028759866374,91.07122292874153,40.85028437013383,2.2293901825399502,175.0,japan,5,japan_01
6890.335334801763,5326.953863436123,166.0,626.2733137047813,2.496324587291294,137.92386298534748,68.66714671325057,70.29983248909421,24.044359470692633,31.72503064091748,0.7578986996999564,175.0,japan,6,japan_01
6927.0205947136565,5327.88613215859,166.0,628.1458237423462,2.5458013125484085,141.29333231461104,70.91291567435555,77.51599168164947,85.38164112769113,28.67253831491708,2.977819409984736,175.0,japan,7,japan_01
6894.644709251101,5382.913651982379,171.0,773.2999361905345,1.9549090676457064,156.25582770411148,81.09823769221548,111.12798400318805,38.85567288857595,29.24173571774566,1.3287745044831922,175.0,japan,8,japan_01
6829.2579647577095,5427.1633480176215,171.0,778.5971899762685,1.8007958862307525,155.09240776234196,80.29413730383612,115.37761576222218,50.820915222303185,29.385449452678834,1.7294584962582646,175.0,japan,9,japan_01
6789.203022026431,5449.490202643172,166.0,708.617552607297,1.8906006695062834,147.66076446234757,75.20555753275929,91.45092345917865,20.40532977539321,27.343281031767333,0.7462648594251131,175.0,japan,10,japan_01
6719.964149779736,5459.101810572688,166.0,587.366322552481,2.1466370998728648,137.55462559754818,68.42215011097015,117.83387002929035,23.92248720585797,34.89538311131839,0.6855487767405729,175.0,japan,11,japan_01
6760.4535110132165,5475.356614537445,176.0,492.3095878077176,2.610343020533848,138.38489035534073,68.9733548560146,318.41692000379595,,,,,japan,12,japan_01
6742.191502202643,5508.366088105727,156.0,558.7001862223624,2.2083855429499617,123.98344532989618,59.572805451691295,72.32020296711265,50.81824628695089,22.784753451817167,2.230361912601602,175.0,japan,13,japan_01
6733.49185462555,5520.763762114538,151.0,558.0963131415117,2.1729727718224714,123.69447449111311,59.38774727292972,80.26948470681602,17.315194105500908,22.14897047172245,0.7817606749535914,175.0,japan,14,japan_01
6776.858414096917,5500.164140969163,151.0,552.5116211380986,2.310710262524321,124.12119173475762,59.661069481425045,115.90710660622624,89.02541536119485,22.188427834079214,4.012245303133225,175.0,japan,15,japan_01
6728.9148458149775,5513.759418502203,146.0,532.4811742452825,2.28206270209475,121.41919247652491,57.93569735412129,69.71701511013002,90.84368770476829,21.898573255944203,4.148383853277266,175.0,japan,16,japan_02
6758.248775330397,5513.737079295153,151.0,538.5683543556974,2.3107776124798187,123.30275928877288,59.13712118644099,65.84413299502398,97.08774020247888,21.880991091673614,4.437081473856261,175.0,japan,17,japan_02
6736.6947973568285,5504.233528634361,151.0,530.2268398186017,2.3244037762104046,125.12251338079052,60.30366831734492,59.28515473933036,97.26722407406747,25.47750878680049,3.8177682475949193,175.0,japan,18,japan_02
6700.490092511013,5507.902795154185,151.0,544.6905593388046,2.189476716476416,127.34621304188617,61.736854464480835,50.94138050451975,29.12128492504283,41.70115735764563,0.6983327746826584,140.0,japan,19,japan_02
6695.167189427313,5536.75868061674,146.0,525.2408201904861,2.2054807324199586,123.12754566667402,59.025102342168,53.2674065019046,19.737485395926967,59.37959791333815,0.33239506647944866,105.0,japan,20,japan_02
6834.676211453744,5574.547198237885,151.0,513.8596906010815,2.452282279121442,121.64946680073872,58.082245506411184,53.12765643152296,71.34895620235201,60.80033204727943,1.1734961602984302,105.0,japan,21,japan_02
6947.046374449339,5603.599321585903,151.0,501.96286952108153,2.6763873075815487,117.96719989958059,55.74999249309344,65.5764072248484,18.703653978671348,53.501776118326006,0.3495894031126337,140.0,japan,22,japan_02
6943.745524229074,5622.1502466960355,151.0,506.86770531083806,2.6073771591397144,122.13666670498274,58.392607585932886,64.02468776634811,36.57990208735248,57.9427019154192,0.6313116385347256,105.0,japan,23,japan_02
6979.192215859031,5611.041162995594,146.0,531.5954657971184,2.5736695304801325,122.03088211138127,58.325184246868645,56.3478225029872,28.823708935181706,50.188058911766205,0.5743140810816297,140.0,japan,24,japan_02
7008.799198237886,5612.447070484582,146.0,552.6953367274385,2.52644094307225,126.25860644871076,61.03483488214587,50.041702171168964,63.07195544273523,54.646384478607324,1.1541835026144558,140.0,japan,25,japan_02
7083.760378854626,5586.722779735684,141.0,502.60053276894473,2.978583390812201,119.18642002038168,56.51956605375435,56.87991171674208,58.90199162691623,45.674444366744844,1.289604995606739,140.0,japan,26,japan_02
7036.811057268723,5592.914766519823,141.0,508.54962968953413,2.839243618425969,121.85421797858807,58.212628245302376,64.45195251396437,26.255396932689965,58.11179820865478,0.45180837182869454,105.0,japan,27,japan_02
7074.4170396475765,5586.523757709251,141.0,464.24045683281395,3.2050056388647694,113.0054970629205,52.645656418067915,74.9442527095899,20.168565139569274,35.40573562811503,0.5696411833215462,140.0,japan,28,japan_02
7051.162431718061,5571.776392070485,141.0,536.2662107587865,2.7586784510520035,114.35361920906847,53.48471314772342,261.78370271918595,54.95773540529541,18.736679219435764,2.9331630627633922,140.0,japan,29,japan_02
7183.6400969163,5542.457268722467,121.0,252.36263377910052,6.503271913188233,74.77044373917785,30.35310069332384,61.482599419882085,49.474774318642595,18.06398729638072,2.7388623290581755,140.0,japan,30,japan_02
7261.098947136564,5536.107810572687,121.0,216.4813397450574,7.9683132901678215,72.9103377721188,29.350483876750502,64.2034039006669,33.06928034113361,15.865337397633242,2.0843729643005777,140.0,japan,31,japan_02
7253.563488986783,5551.044330396476,151.0,390.9677285509659,4.35462835999358,110.10884902059041,50.854112853038984,320.00543511387156,,,,,japan,32,japan_03
7243.667660792951,5546.768480176212,156.0,360.89109610426016,4.701970203572192,113.35496517561835,52.862842953204755,330.0880474905957,,,,,japan,33,japan_03
7189.758237885463,5553.945110132158,141.0,156.72154381222498,10.437704274488548,76.95467638706096,31.541073721512987,84.04855408267262,12.878202322922958,15.798863212710348,0.8151347441607262,175.0,japan,34,japan_03
7162.359859030837,5515.437678414097,141.0,68.76213410322612,23.95100446045451,56.531709022117646,20.906721713120202,54.39747695702403,2.967238560160071,18.05317382029839,0.1643610475197334,70.0,japan,35,japan_03
7257.971176211453,5503.969665198238,151.0,55.16059499266212,31.798089038860912,55.941792861839005,20.616342774610494,68.31298706936235,4.047879249432088,14.562426906525861,0.2779673522425106,70.0,japan,36,japan_03
7287.636960352423,5513.026546255506,161.0,51.51623225931573,34.44759712170162,60.021753343779324,22.645123261013165,75.76148977907242,4.443898994977227,12.167064107773218,0.3652400411154353,70.0,japan,37,japan_03
7263.875537444935,5503.328484581498,181.0,50.12923322434914,35.12016720830852,67.22375751757728,26.338649150665052,83.84193955626407,7.21275632802052,10.477141416832302,0.688427887060176,70.0,japan,38,japan_03
7375.695118942731,5508.380022026432,236.0,113.30426378501559,16.480536870698504,121.47012616110327,57.96810392581485,73.38319133066545,15.159952127050484,78.08844478969213,0.1941382258012601,105.0,japan,39,japan_03
7539.85913215859,5499.756418502203,191.0,208.86940730751652,9.76736009334657,112.8510377186743,52.54973470578135,173.6317055225396,13.940620905352239,14.169858451426588,0.9838221710640116,140.0,japan,40,japan_03
7567.936753303964,5500.577365638766,161.0,323.3392569046396,6.393777877317602,102.73673511257996,46.365768805126145,346.108398132469,,,,,japan,41,japan_03
7517.452277533039,5514.21417400881,96.0,47.4439724096124,42.223237258235194,25.978284273831065,7.41384903410494,132.07077137655753,27.929100326620347,102.2234319960635,0.27321622627281644,105.0,japan,42,japan_03
7496.983546255507,5530.031162995595,111.0,291.1324770580958,6.756210791513323,61.43608345952289,23.35937117140322,290.01645830030736,,,,,japan,43,japan_03
7463.937317180616,5539.241365638766,106.0,962.403244047444,1.9998851452821658,73.7681274452898,29.811795331911128,661.4463301580284,,,,,japan,44,japan_03
7387.701118942731,5549.123030837005,106.0,1000.0744286215329,1.8384412554573133,72.88028362401175,29.334353687090285,687.3572797271854,,,,,japan,45,japan_03
7366.359519823789,5533.709022026432,101.0,661.0262644796876,2.7724321956252194,64.84476381939204,25.103233685229387,470.85229472256424,,,,,japan,46,japan_03
7318.365748898678,5565.083775330397,96.0,496.9526088780803,3.5280667456932946,57.00805866754459,21.14193765532861,442.70190346832567,,,,,japan,47,japan_03
7244.616427312775,5592.8569911894265,101.0,525.1750464748663,3.14515978474312,59.109006495329886,22.187140400781054,448.5638532157173,,,,,japan,48,japan_04
7260.481259911894,5606.751519823788,96.0,354.9132182600513,4.659532682934308,50.586862352451426,18.027967899361997,268.2347941568325,5.5353506507004235,8.141183490658836,0.6799196525973975,70.0,japan,49,japan_04
7236.333766519823,5625.681356828193,91.0,42.54114287075525,37.86105170199522,22.472458752560666,6.1107883386590185,145.66154596092028,40.30907840930122,11.067703986845522,3.642045220689894,70.0,japan,50,japan_04
7227.754797356829,5612.013854625551,116.0,39.83460981173137,40.561234322808374,32.520999282106416,10.002647424866865,69.68390905800447,9.25288151637325,49.265665588658365,0.1878160257415337,175.0,japan,51,japan_04
7326.785387665199,5757.405321585903,101.0,276.3170599243724,5.679635077576582,56.11868577702785,20.703309492475583,165.38444284939257,8.156584214187253,34.156445167389364,0.23880073509449096,105.0,japan,52,japan_04
7429.3773876651985,5761.068612334801,96.0,424.3335066770642,3.9315980215534827,56.32137854326473,20.80307270275748,287.9956730427251,,,,,japan,53,japan_04
7492.176621145374,5753.670127753304,121.0,367.2133183701662,4.734323093476648,74.69051535862704,30.309845779213344,190.8223693986756,6.252780439359,14.881990321245826,0.42015753970975284,140.0,japan,54,japan_04
7528.00272246696,5745.888299559471,121.0,719.6153624707209,2.4764819038726373,88.4946833892087,38.000212476770024,545.9192697277559,,,,,japan,55,japan_04
7542.645185022026,5705.708647577093,96.0,749.6577587037325,2.450366872239493,72.50806969352432,29.13476883334887,600.8881713566165,,,,,japan,56,japan_04
7542.141488986785,5779.492030837005,166.0,361.02276767833615,4.882377556088829,218.05308760000077,126.46764729491784,169.77075488993128,9.272478129823025,58.41532422751333,0.15873365854666835,70.0,japan,58,japan_04
7547.344436123348,5782.847519823788,171.0,219.13041594788893,8.052268365698588,136.2493901784244,67.55785853654966,170.96140480165866,10.922260439646942,39.71656406270366,0.27500516969199834,70.0,japan,59,japan_04
7513.56711894273,5817.417370044053,121.0,354.75362936174747,4.781204781330336,71.63145146447506,28.666067577219167,219.37333316861665,,,,,japan,60,japan_04
6612.022845814978,5850.563295154185,101.0,272.21922824443755,2.7972291140912544,71.75477194696684,28.731888333598814,109.98258933483919,,,,,japan,63,japan_04
6804.080365638766,5642.332022026431,196.0,1523.9772138629946,0.7623134604929702,225.0062391793772,131.87299397244985,680.273086660701,54.99616832933481,38.10902668546172,1.4431270780871293,175.0,japan,73,japan_04
6898.514405286343,5684.984189427312,186.0,1810.5671256408848,0.6702486743922731,203.43769791924177,115.29355455864757,712.1312247616758,59.64932294975422,38.678215950139304,1.5421942683873813,175.0,japan,74,japan_04
6949.177475770925,5697.626625550661,156.0,1546.3882596806957,0.8093380445598377,161.58804308990204,84.8090269726982,681.3640884836985,,,,,japan,75,japan_05
7142.8947533039645,5737.297484581498,151.0,1403.7715697520207,1.001300566993794,157.86911270511084,82.21656775971319,690.6058097637454,,,,,japan,76,japan_05
7634.765718061674,5745.877845814977,151.0,666.181172850123,2.835396659688637,121.6228645782574,58.065310942527034,238.3427588454522,22.96674015700588,34.63414928540602,0.6631241312655397,175.0,japan,77,japan_05
7496.872977973568,5762.381881057268,141.0,541.7697315848679,3.2015282430827203,102.38429656236148,46.15381301778165,160.08499996764533,51.66927005393203,26.599200889998112,1.9425121178494058,140.0,japan,78,japan_05
7636.826030837004,5762.132303964758,146.0,592.9656572778587,3.1615553175177906,108.83470939693352,50.07100954649506,165.17268812036266,57.075599297489944,30.613384776621018,1.8644001541795445,140.0,japan,79,japan_05
7618.846044052864,5758.963647577093,161.0,838.9995394575881,2.2167859563763077,134.33264403807,66.29364054679623,361.0580978783137,17.656516669317597,22.782117082471,0.7750165011180133,175.0,japan,80,japan_05
7544.0936431718055,5681.5463656387665,136.0,587.9450832221293,3.167893278953329,98.7387818902013,43.97577198150645,195.53129812945744,35.599805308607024,18.0488744954184,1.9724113721131933,175.0,japan,81,japan_05
7635.120365638766,5675.003385462555,126.0,608.7853039230275,3.2197179655047004,92.61474228146264,40.37723870073606,218.20257407681652,33.41047716825325,20.99147295302698,1.5916213808824426,175.0,japan,82,japan_05
7921.147092511013,5633.4626167400875,106.0,474.1983126535348,4.824320151983301,63.62472033186522,24.47546587369416,303.0025663994895,5.96485878015046,19.13744328450631,0.3116852492505942,175.0,japan,83,japan_05
7889.040854625549,5741.057378854625,106.0,453.885912931834,4.7324303631637825,59.2343644268232,22.249901657963058,195.3057210125238,,,,,japan,84,japan_05
8431.428696035242,5751.720568281938,111.0,564.3248267857123,4.748520711052916,71.32189315725503,28.501011183816374,192.49098982288444,46.627244065244646,99.51797799893633,0.4685308624914285,175.0,japan,85,japan_05
8521.419405286344,5741.477603524229,121.0,625.8875223177348,4.4415996527102255,79.81373966157275,33.11311204779478,192.67859027093215,,,,,japan,86,japan_05
8423.958162995596,5792.488920704845,121.0,736.3965011202378,3.5734407188079342,83.44569810362775,35.137300134314614,129.94545876164705,3.232919195481321,38.68513383409498,0.08357006620026221,70.0,japan,87,japan_05
8761.90631277533,5829.480960352423,136.0,696.9426579707424,4.207556129454212,84.12050337100544,35.51667236188605,163.55414344495009,7.800596119987063,60.11723001383844,0.12975641289845585,105.0,japan,88,japan_05
8725.99067400881,5858.850268722466,146.0,897.6123913720535,3.1941854110366616,100.04528430710974,44.75332241753381,354.0206374595508,50.9726795703079,25.240125454530094,2.019509754899389,175.0,japan,89,japan_05
5205.163458149779,4418.671110132159,136.0,1490.3568537055417,0.5277208247555804,184.87496528884049,101.48470473813151,167.852128504516,,,,,kermadec,1,kermadec_01
5721.171625550661,4622.52212555066,126.0,1001.2316564016512,1.0972980058865311,124.92069744589199,60.17401439614575,229.55887289587463,12.031839423918042,23.92848118295724,0.5028250364877972,140.0,kermadec,6,kermadec_01
5824.880471365638,4664.906733480177,111.0,894.3625589676678,1.2969837861106124,99.28289266781402,44.29917939656457,253.36643212371223,5.383579664729602,20.830289983808736,0.2584495784222988,140.0,kermadec,7,kermadec_01
6093.68627753304,4685.292594713656,106.0,778.8524837871265,1.808293241835923,96.30792846572993,42.53820637439262,255.707499096457,24.129008000480795,19.272995754813508,1.2519593895751508,140.0,kermadec,8,kermadec_01
6138.636744493392,4859.271171806167,71.0,402.13450428439785,3.1814369546922316,46.63986013744364,16.177302424316675,143.9772719235568,9.44668758703878,29.979111002788727,0.31510899659966657,105.0,kermadec,10,kermadec_01
7207.982414096917,4978.576493392071,186.0,68.22902143352495,32.67533190223079,59.46458218452715,22.365276974093113,116.40962665865928,20.351978128503706,19.353242720054233,1.0516055848054116,175.0,kermadec,13,kermadec_01
7439.75981938326,4996.372669603524,286.0,153.3533838411368,15.933050113265917,140.83627013753465,70.60722420651521,111.56132405890463,52.302673218470616,41.77245987256266,1.2520850670042656,140.0,kermadec,14,kermadec_01
7515.564889867841,5034.286105726872,286.0,159.61040077258266,15.545846461950584,141.0139223114925,70.72600197319089,107.18651118161779,,,,,kermadec,15,kermadec_01
7523.314801762114,5045.258973568281,296.0,164.72155678618785,15.043907285373724,146.2909298234147,74.27676587239819,113.52796605891999,29.75858187638027,76.68443478706827,0.38806547846393763,105.0,kermadec,16,kermadec_01
7512.799982378854,5063.378030837004,306.0,174.5210097645028,14.035112189913866,158.29783862644342,82.51440367006764,105.48127507092337,,,,,kermadec,17,kermadec_01
7515.2709030837,5070.906966960352,316.0,177.4824579592311,13.772425535625805,167.19727301341254,88.75688222760239,101.5394479641251,,,,,kermadec,18,kermadec_01
7403.1471718061675,5106.746784140969,321.0,159.23361507909783,14.421580434033874,167.11237658141062,88.69679747675778,80.49761588845075,,,,,kermadec,21,kermadec_01
7319.152352422907,5126.188158590308,296.0,158.7032052000951,13.818020821114986,145.25499437343004,73.57628974322783,94.9924041826734,39.503382004668346,73.03000478311674,0.5409198879554344,140.0,kermadec,22,kermadec_01
7308.272264317181,5151.359462555067,301.0,154.56718424653903,13.954532537267273,149.00835546384226,76.12207428640636,94.98779538917182,53.94085144021644,78.3766642250002,0.6882259148637083,140.0,kermadec,23,kermadec_01
7308.272264317181,5151.359462555067,301.0,154.56718424653903,13.954532537267273,149.00835546384226,76.12207428640636,94.98779538917182,53.94085144021644,78.3766642250002,0.6882259148637083,140.0,kermadec,24,kermadec_02
7552.92732599119,5179.728845814978,191.0,56.77435616350658,41.80053532164327,64.18469010510142,24.763102206484827,108.3243134031742,20.452273390726923,54.21395358020824,0.377251095706722,105.0,kermadec,27,kermadec_02
7123.118286343612,5189.218502202643,306.0,101.64924086994591,19.025226037991544,152.67347847542814,78.6287284767094,85.8075595725294,6.940049539177477,56.55121276806749,0.12272149790386605,105.0,kermadec,28,kermadec_02
7039.063982378855,5201.648330396475,151.0,59.37716285414105,30.94482059535177,46.299066008349556,16.019886150432388,97.9669580474831,30.19180153648472,34.98500581509243,0.8629926116364991,140.0,kermadec,29,kermadec_02
7065.550453744493,5282.519511013215,181.0,97.35233294338371,18.315235894431193,77.14245138108673,31.643732108827795,118.04089778833311,32.83173072706176,15.651673100752046,2.097649913572769,175.0,kermadec,30,kermadec_02
7495.737881057269,5296.154334801762,186.0,116.49113731072498,18.881981900377568,82.5231414971539,34.620296929359505,109.40148929203389,10.005956279845998,131.33738239587584,0.0761851355441678,105.0,kermadec,31,kermadec_02
7533.173634361234,5296.590237885463,216.0,144.00088037717356,15.531734185357838,107.26163622421379,49.10838764956366,128.80508489998252,86.93849853822901,19.459164638063918,4.467740530247085,175.0,kermadec,32,kermadec_02
7747.980136563877,5312.917524229075,106.0,52.20499776542223,46.644243205918805,27.179591754934055,7.87445231715213,188.63943121236477,20.870161247722354,5.156443269268904,4.047394717227518,70.0,kermadec,34,kermadec_02
7786.574837004406,5344.625295154185,151.0,251.38391570257855,9.71402460266941,85.95113671606069,36.5509456974177,208.8138638798914,,,,,kermadec,35,kermadec_02
8066.452259911894,5362.674731277533,176.0,252.40008294585613,10.712268780095306,100.10712198840828,44.79020873702963,153.93984584365828,44.84651216632764,14.361598854815895,3.122668486962313,140.0,kermadec,36,kermadec_02
8237.92675770925,5367.560647577093,181.0,240.1959559620596,11.95010173520802,100.83925256214917,45.227502797047656,126.56129953140801,11.334701867031194,15.967903146805071,0.7098428492972849,105.0,kermadec,37,kermadec_02
8338.835101321585,5378.268149779735,221.0,350.6982463392054,8.441921174245921,150.66019508322913,77.24928809954125,160.56892212586223,15.00131622479988,55.751525665903365,0.2690745418286269,70.0,kermadec,38,kermadec_02
8312.433674008811,5385.290647577092,231.0,288.25582731275665,10.154670778800172,142.0315549938856,71.40734858667692,165.60754114639855,19.004384896715305,28.421361094421368,0.6686655446788418,140.0,kermadec,39,kermadec_02
8242.56501321586,5433.570744493392,216.0,356.5714691710571,7.877787516911278,141.09101029755737,70.77755831747625,203.1857406924558,9.024037028992312,26.582222914711586,0.33947638833462934,140.0,kermadec,40,kermadec_02
8221.465687224669,5416.554198237885,211.0,171.18066705564738,16.385679161274464,104.95433802576902,47.70497181373478,174.78889560185246,23.36403948233203,21.60551259087587,1.0813925096226968,140.0,kermadec,41,kermadec_03
8437.510691629956,5447.62463876652,196.0,157.69422174391187,18.960022883519933,91.39748365311999,39.67120910350177,128.28565045669356,62.82815130474398,17.95193928768555,3.499797447947145,175.0,kermadec,42,kermadec_03
8310.65259030837,5462.771718061674,171.0,205.1380889730376,13.882750329320888,83.45396848802733,35.14194353372495,175.1449566136642,83.59811769191842,14.196660140096524,5.888576388175059,140.0,kermadec,43,kermadec_03
8334.23088105727,5495.514475770925,151.0,495.8763899178211,5.724645220065409,93.2311316071028,40.735938469469566,501.24654360716875,,,,,kermadec,44,kermadec_03
8564.368114537445,5493.09440969163,151.0,309.2728531489341,9.930628160780753,81.52653047976618,34.06395464551464,266.25897988101894,,,,,kermadec,45,kermadec_03
8554.58404845815,5529.175255506608,146.0,136.08133358083617,22.232357027529886,59.974163883516304,22.62118690017021,182.72509308269244,,,,,kermadec,46,kermadec_03
8550.976581497798,5563.007374449339,176.0,118.57571912198081,25.198828471575073,72.65742027447578,29.214811193147344,142.73268357578755,50.62474854968671,13.58682785573049,3.7260167779585727,140.0,kermadec,47,kermadec_03
8551.34949339207,5588.892885462556,196.0,172.72342424406207,17.15144671832986,99.7030086430181,44.54929171577346,169.58180128024708,37.97942094639038,19.31975035335687,1.9658339394531217,140.0,kermadec,48,kermadec_03
8450.118110132158,5567.071837004405,171.0,107.67414943079436,26.775658673587014,70.68416550480539,28.161727944714098,131.185960107944,6.83524376377792,12.32466907296422,0.5545985635242674,140.0,kermadec,49,kermadec_03
8338.047907488988,5592.1439030837,191.0,196.62352904606357,13.965286950790091,100.27255277664146,44.88892591700093,189.5407064871941,5.853591252024755,21.881332396074132,0.26751530236225396,140.0,kermadec,50,kermadec_03
8458.95706167401,5602.375185022026,156.0,150.3877502557573,18.994777645080333,68.2538197857552,26.87813105223489,128.55072769957144,14.186904248115251,6.697939834945245,2.1180996840398203,105.0,kermadec,51,kermadec_03
8623.113251101322,5591.755806167402,141.0,110.91364700342699,27.33078865254749,51.89464062521516,18.652045387566474,168.3631243379027,15.9372356816093,9.75110284988929,1.634403403076632,105.0,kermadec,52,kermadec_03
8794.569775330396,5594.676486784141,126.0,124.10142723655257,25.784500305922066,48.23831243673931,16.92073640626174,203.4659127522558,17.980840836163615,8.659584814939086,2.0764091143427525,105.0,kermadec,53,kermadec_03
9094.19340969163,5599.745832599118,136.0,293.89321769430285,11.890194692166427,71.7501308425501,28.729410519181414,287.6983894440375,18.50823866854389,10.775605144973527,1.7176055005298136,105.0,kermadec,54,kermadec_03
9024.553101321586,5613.852709251101,166.0,319.9032713610323,10.661661500239179,91.77892788748566,39.89211773772246,358.4321509075612,144.63725032094104,25.55276552029878,5.6603364597089545,175.0,kermadec,55,kermadec_04
8977.64701321586,5606.5674625550655,196.0,404.39535794174105,8.336098534411086,122.62766625358769,58.70580795296044,407.36621290752026,30.46863886994537,23.620410005381295,1.289928450141377,140.0,kermadec,56,kermadec_04
8986.32213215859,5614.485444933921,196.0,330.828744676063,10.1920910485764,115.65493432662196,54.297771681378414,342.4452216870451,17.467238217934568,19.02771998516174,0.9179890302966373,140.0,kermadec,57,kermadec_04
9079.338356828193,5624.531845814978,196.0,278.979458876937,12.383730776885603,109.74123965097473,50.6278635419506,306.6450806218291,9.826454140681726,33.388901044225406,0.29430301188008723,105.0,kermadec,58,kermadec_04
9039.512995594714,5646.327660792951,186.0,204.27970411638074,16.61048682970787,95.34814801438388,41.973913952933195,177.30303988732564,2.0291610887532423,44.23993186632238,0.04586718385744034,70.0,kermadec,59,kermadec_04
9031.004964757709,5650.9463348017625,161.0,156.80920522300758,21.555230926328377,74.76591758853664,30.350650860417968,160.81281562603834,,,,,kermadec,60,kermadec_04
8763.87024229075,5693.288299559472,151.0,148.5961921986762,20.663934232082113,73.28825940470013,29.553505004706007,236.26449523454795,96.60847831731944,128.98060033346871,0.7490155734082969,140.0,kermadec,61,kermadec_04
9448.167925110132,5717.165162995595,176.0,301.0195545428656,12.394552798340673,100.75828380684773,45.17908878685488,195.58654150681556,7.316300844186655,66.86994904605481,0.10941089306270828,70.0,kermadec,62,kermadec_04
9756.06975770925,5716.767057268722,156.0,238.01092720079183,16.971080899293646,74.34885349948286,30.125122368209734,253.5919202650675,10.402020110600441,64.05693387138228,0.16238710599989534,70.0,kermadec,63,kermadec_04
9836.02824229075,5721.134475770926,151.0,225.0548601570598,18.28395869188583,71.03181122908158,28.34655615445975,248.72455626778736,9.84261534816403,59.95410856568166,0.1641691551027087,70.0,kermadec,64,kermadec_04
9836.02824229075,5721.134475770926,151.0,225.0548601570598,18.28395869188583,71.03181122908158,28.34655615445975,248.72455626778736,9.84261534816403,59.95410856568166,0.1641691551027087,70.0,kermadec,65,kermadec_04
9863.974788546255,5686.405718061674,141.0,232.1595230115689,17.994390306687553,61.843949662480114,23.566372745445815,251.87637035716125,3.3975203792963664,38.21177328573688,0.08891292099664325,70.0,kermadec,66,kermadec_04
9909.027488986785,5673.918674008811,126.0,178.8676753329,23.67732910429898,52.910431952956735,19.14042285003117,198.2570226003925,12.380483039389619,31.886584364659644,0.3882662030465416,70.0,kermadec,67,kermadec_04
10008.568634361234,5659.136092511013,51.0,87.79123692095875,49.542900799611175,10.938840969578285,2.3398689261271888,184.26665441788603,,,,,kermadec,68,kermadec_04
9947.990854625552,5672.197365638766,46.0,721.5359677987858,5.925960284462455,21.344774884032837,5.705388516257817,261.78889698968504,8.003006840286742,9.507095969618378,0.8417930002875514,105.0,kermadec,69,kermadec_05
9292.931621145373,5739.795819383259,76.0,136.87313063952487,25.95933756435958,23.84547998356671,6.613599272855659,269.2686361557966,,,,,kermadec,71,kermadec_05
9292.931621145373,5739.795819383259,76.0,136.87313063952487,25.95933756435958,23.84547998356671,6.613599272855659,269.2686361557966,,,,,kermadec,72,kermadec_05
8885.380414096917,5679.080295154185,86.0,149.54202409326743,21.440796581320875,24.96031009192381,7.029046567052213,311.76769140886586,26.792218495158842,108.5306291015249,0.2468632008950771,105.0,kermadec,75,kermadec_05
8961.61054185022,5669.614918502202,81.0,321.85036125320795,10.228342172833914,35.76785606209027,11.355867872177612,246.85746038051713,37.783623447463164,6.650914222553995,5.680966884121684,70.0,kermadec,76,kermadec_05
8988.110973568282,5614.132255506608,191.0,1131.6040461212567,2.9815894787814643,228.57061587949585,134.6656969914511,366.14087174943825,,,,,kermadec,80,kermadec_05
8966.21650660793,5579.3549603524225,196.0,1055.8612635418253,3.207676674201,233.09550245791473,138.2319105206161,362.0481065593177,,,,,kermadec,81,kermadec_05
8894.672709251101,5620.630088105727,111.0,426.0234947996604,7.685122208306865,55.35811680076191,20.330038235771518,258.70868420657456,,,,,kermadec,82,kermadec_05
8982.039365638766,5584.25949339207,136.0,713.8394084395471,4.759865919526974,90.36302107794073,39.0736613394883,323.4692510283599,36.81659468077907,138.56211136767453,0.2657046310667585,175.0,kermadec,83,kermadec_05
9204.318251101322,5519.339544052864,156.0,924.3043742951063,3.98675891787129,116.45343984445402,54.79818999032216,413.78658077862076,20.094203179013533,86.89461661358104,0.23124796405250433,175.0,kermadec,84,kermadec_05
9275.377744493391,5636.624101321586,126.0,839.0187041015331,4.336916001256945,83.63141806081832,35.24160936326568,380.370217341228,,,,,kermadec,85,kermadec_05
9043.45983259912,5615.4423788546255,91.0,720.3424861499395,4.7588716751478,51.48335208823232,18.45520498741897,433.30513307225954,29.720153673159654,29.574483817838313,1.0049255248618567,175.0,kermadec,86,kermadec_05
9375.998515418503,5616.0941541850225,116.0,477.9138640324827,7.867326403776244,61.28122442751577,23.28089635450819,266.3976854626651,8.491430911030116,49.665473732653396,0.17097251416022,105.0,kermadec,87,kermadec_05
9375.52821585903,5570.456149779736,121.0,213.38999656551292,17.831539094247553,48.366370904031356,16.98065563136875,238.38166496830576,10.13736761768443,34.570143054368025,0.2932405458010839,70.0,kermadec,88,kermadec_05
9300.626986784142,5629.743418502202,121.0,250.95606917259295,14.627594305190206,49.44757149788306,17.488654901123386,317.41877486008053,14.554676603954128,98.75786742180775,0.14737738859618346,140.0,kermadec,89,kermadec_06
9295.774466960353,5620.95126431718,101.0,132.0034306419243,27.838846193411342,29.759617340413083,8.886544268816117,785.795239103833,9.496744592293437,43.12503417235626,0.22021419285925994,175.0,kermadec,90,kermadec_06
8907.89877092511,5657.034321585903,161.0,81.7365045401699,39.77249171135708,47.27615317677503,16.47223868752471,1057.8609325183982,89.19304655803946,35.34534271839069,2.5234738072473415,175.0,kermadec,91,kermadec_06
9126.124718061674,5603.136779735683,126.0,50.381253317393885,69.92656407596148,38.395041036747216,12.481399956334924,670.9688367429216,33.22127834846477,39.83642543416302,0.8339422522577737,175.0,kermadec,93,kermadec_06
8977.005665198238,5519.736797356829,106.0,195.2308930452142,17.70861575191754,42.14745411925795,14.133777406752893,381.44237309587265,14.227470400231065,62.05030929829829,0.22928927447943034,175.0,kermadec,94,kermadec_06
8908.774497797356,5458.589303964758,116.0,119.98984899461554,28.753975629950354,38.731575742812815,12.627479533380098,375.0703672784069,16.984765305898485,37.31412104593552,0.4551833147828781,175.0,kermadec,95,kermadec_06
9346.927339207048,5656.713176211454,96.0,97.06513248702396,38.01791712888164,30.437283254486214,9.157374310563712,292.27125254400903,14.610906180376384,83.4455182237606,0.17509515779142248,175.0,kermadec,103,kermadec_06
9361.815339207049,5661.719612334802,86.0,111.69515833254319,33.12673335272221,28.06199551807027,8.217149462422666,238.24104285006226,10.302855172667174,83.51776828118456,0.12336123659315104,175.0,kermadec,104,kermadec_06
9393.513436123349,5639.860374449339,66.0,118.88936118989281,31.572657335407737,19.671121119922486,5.116841155361265,268.0914674347636,,,,,kermadec,105,kermadec_06
9476.523140969164,5642.523176211454,216.0,615.7869149099316,6.2261796604081665,177.57180628251945,96.17491292455455,434.22456018440727,12.636798007369904,40.531944871620944,0.3117737884869608,175.0,kermadec,106,kermadec_06
9352.435343612335,5613.9576123348015,231.0,1253.443789254012,2.982565124442071,232.2430498382646,137.55828520955183,743.0126707642207,14.981760334345546,53.17370076609685,0.28175131913891166,175.0,kermadec,107,kermadec_06
9321.105,5605.17723568282,196.0,300.7808817760202,12.354268470707812,115.20481427672657,54.016190975523195,413.60815926325444,5.153871191598738,34.58036949504999,0.1490403736818512,175.0,kermadec,108,kermadec_06
9496.619810572687,5592.771334801762,76.0,176.84920531866504,22.07444737304061,24.1655805701401,6.732237517258391,327.4313642589519,11.70520238440941,29.014945328786418,0.4034197635656546,175.0,kermadec,109,kermadec_06
9170.030114537445,5514.497114537445,91.0,104.39032988293326,35.017927466073104,28.210346248525198,8.275120770067225,207.68211791797094,12.233676202146151,15.771658103626118,0.7756747021629554,175.0,kermadec,112,kermadec_06
9280.119427312775,5494.5660264317185,76.0,88.29121071739493,42.875767249335446,18.84903635454554,4.83372554612295,188.12617954846056,4.547151917421303,14.508456059648365,0.3134139083253708,175.0,kermadec,113,kermadec_07
9120.975687224669,5409.879436123348,181.0,109.98925243818198,33.740535268999075,72.76866003791838,29.27446424540833,187.14150076926975,4.046735394141206,29.458475811268787,0.1373708341214722,70.0,kermadec,114,kermadec_07
8722.849185022025,5351.573744493392,231.0,261.27587445843915,12.903125661779761,126.64783950052066,61.285843228593706,290.82815683400185,5.1387862165791915,25.135972188458656,0.2044395250778762,175.0,kermadec,115,kermadec_07
9072.580837004405,5380.633400881057,236.0,1062.8138998891716,3.473747790190115,220.20960339183853,128.138054201277,391.4424381163401,5.381864720611777,29.2152754382101,0.18421406746598523,175.0,kermadec,116,kermadec_07
9319.443753303965,5412.41959030837,216.0,1491.2976977357725,2.6198821126912515,205.0152518318338,116.48714822523847,684.634289797786,14.337068485290857,40.45678050101956,0.35437986680451616,175.0,kermadec,117,kermadec_07
9566.843753303965,5347.360814977973,221.0,1566.2906087364163,2.6939336255932753,202.72007524009328,114.75161246493599,694.7042923931507,5.563140887427259,47.463046434658075,0.1172099413190003,175.0,kermadec,118,kermadec_07
9516.058669603524,5314.2760484581495,221.0,1594.9435377924374,2.6344397287950803,200.4457899744764,113.03832251497339,768.5519280719672,19.29938887576455,49.50955849169195,0.38981137105076635,175.0,kermadec,119,kermadec_07
9609.273859030838,5292.430229074889,221.0,1515.747664577084,2.847996227103152,196.39175182089463,110.00036105695786,499.9346816920033,34.117523410805106,41.073386955718505,0.8306479192375208,175.0,kermadec,120,kermadec_07
9299.603079295155,5253.232969162996,211.0,1123.9110380403008,3.6002583595829636,168.56586667339448,89.72689425433988,259.57140098438634,43.695292567567535,26.308133136958205,1.6609043423983396,175.0,kermadec,121,kermadec_07
9374.831017621145,5212.414096916299,201.0,1251.6277421698733,3.3256029572248926,156.3398281502539,81.15637225727424,422.96956695450206,30.89439099959329,32.132707489668206,0.961462429193896,175.0,kermadec,122,kermadec_07
9091.084088105727,5231.47859030837,181.0,1635.457422775793,2.3599547405193895,157.11214040884133,81.69135735879885,662.0145374951236,78.72527348713554,31.13489829859209,2.5285219412679267,175.0,kermadec,123,kermadec_07
9364.692678414098,5222.144127753304,176.0,1515.831472869914,2.7328556140991935,146.7426352320332,74.5827175921581,564.474595684198,,,,,kermadec,124,kermadec_07
9277.107969162997,5194.183872246696,161.0,1246.1232674639837,3.276500971870592,125.72358904822856,60.690234059779485,414.9955739678774,,,,,kermadec,125,kermadec_07
9610.717471365639,5166.053436123348,141.0,1504.587815246639,2.954074192415084,106.74213955288494,48.79151724649336,648.3053362056853,,,,,kermadec,126,kermadec_07
8995.539859030836,5165.534136563876,136.0,1564.0417973437634,2.4487873207554416,101.53705596643287,45.64527990499717,772.451748903965,,,,,kermadec,127,kermadec_08
8641.866775330396,5170.14322907489,131.0,1542.0374888521321,2.251387253133386,97.45767846727938,43.21666016527687,778.0010452128781,,,,,kermadec,128,kermadec_08
8683.012792951542,5177.079264317181,131.0,865.2752799604392,4.051812885252719,89.27655164243562,38.44852302232489,368.4690450896866,,,,,kermadec,129,kermadec_08
8486.641797356828,5142.587035242291,116.0,811.3266843964569,4.121711791843957,73.34136810607046,29.582063245229428,460.98713007564373,,,,,kermadec,130,kermadec_08
8565.474079295154,5173.858621145374,116.0,346.9479290446017,9.775574875138606,58.785631418973914,22.025445509929447,193.73350411751818,9.123565740411584,10.006370931564211,0.9117756879901487,70.0,kermadec,131,kermadec_08
8625.349585903085,5142.75578414097,101.0,234.49883509878896,14.851220051029157,43.58174134508821,14.778688331377223,221.41750154978362,,,,,kermadec,132,kermadec_08
8590.861008810572,5145.661528634361,96.0,205.1038613772088,16.79734090349526,39.67641310049832,13.039861832308485,173.5061768693269,,,,,kermadec,133,kermadec_08
8507.079268722468,5121.303709251101,91.0,413.28595790852677,8.192331470939415,44.912104562015024,15.383234499873826,259.8423145661446,,,,,kermadec,134,kermadec_08
8518.149929515417,5124.640894273128,76.0,922.0881152784149,3.6802437630569123,46.759127788329366,16.232484142537587,292.33003069666637,45.636330520525746,134.64283047540826,0.3389436359841006,105.0,kermadec,135,kermadec_08
8331.649634361233,5096.441550660793,71.0,1706.6344560473626,1.8956655142152221,48.13266926974274,16.8713453087015,609.8816254709446,,,,,kermadec,136,kermadec_08
8306.09888986784,5160.063775330396,76.0,1821.3512982883205,1.7273082449794515,52.79563475316851,19.085072151858473,717.8569453178907,133.04068804686972,84.7783675563955,1.5692763600144766,105.0,kermadec,137,kermadec_08
8212.937969162995,5177.573345814978,71.0,1694.919362917087,1.7908607865119435,55.23971474300417,20.272082028215763,635.5010951996809,,,,,kermadec,138,kermadec_08
7967.191528634361,5207.874572687224,66.0,1574.0266004143043,1.7530307017815638,47.698950252714354,16.668948838321384,507.32702358973046,,,,,kermadec,139,kermadec_08
7566.464198237885,5225.587004405286,66.0,1415.5683567385693,1.653665951693012,46.78825311356109,16.245966728035764,386.92219650770716,,,,,kermadec,140,kermadec_08
7355.431898678414,5281.145057268723,61.0,827.9721413538683,2.5052616359988837,51.01470296334195,18.231550368191357,398.2643734438456,19.00827592618545,86.3523870839686,0.2201244987900787,175.0,kermadec,141,kermadec_09
7109.4371718061675,5307.099286343613,51.0,1136.145155251551,1.5863623385900048,36.43973577532179,11.641173023124106,251.01257603149338,,,,,kermadec,142,kermadec_09
7252.215083700441,5301.540017621146,41.0,2496.838568337187,0.7812579839225973,27.115019267384234,7.8495183379372815,277.0358954372839,,,,,kermadec,143,kermadec_09
7117.174039647577,5285.850986784141,41.0,2741.069684709157,0.6681052521500377,26.089170898096704,7.456073068824965,242.247271727427,8.463452606178116,111.42957260759358,0.07595337941376397,70.0,kermadec,144,kermadec_09
6584.901762114537,5285.675264317181,31.0,2316.4361357843045,0.5608730056170792,27.81668487684379,8.12151304150226,298.57266832867776,,,,,kermadec,145,kermadec_09
6460.854515418502,5367.8111057268725,36.0,1727.4706727044816,0.6327420933753917,28.528350343507956,8.399730087027482,369.18592476371975,4.1544190398327485,133.22240139857382,0.031184087632556538,70.0,kermadec,146,kermadec_09
7004.053383259912,5379.32898678414,76.0,712.3843181839816,2.2806852354885327,56.79336888604415,21.035844896392653,162.54692665306183,,,,,kermadec,148,kermadec_09
7100.633603524228,5455.364810572687,86.0,615.0762647075215,2.674902101341681,76.93164594301166,31.528488500651743,142.00525799181636,,,,,kermadec,149,kermadec_09
7228.795665198238,5407.309563876653,91.0,453.9563362411909,4.012469825630573,77.9086521520481,32.06348368505376,140.72640866263652,10.085043949404584,14.291401620095133,0.7056721389191112,175.0,kermadec,150,kermadec_09
7473.760841409691,5454.786044052864,111.0,532.4157675840123,3.792101812683908,102.86564135740169,46.44335334416133,177.75261415854814,4.6556316465359115,20.15849244817146,0.23095137984677097,175.0,kermadec,151,kermadec_09
7724.066550660793,5522.024453744493,131.0,573.399382420836,3.840328686123612,129.3744321621627,63.051350630329566,215.92753791144833,4.748872970671424,144.03037588244015,0.03297132942670043,175.0,kermadec,152,kermadec_09
7927.09904845815,5510.772209251101,161.0,1268.9773070120827,1.904152915781055,230.00015943140016,135.78984772741254,253.60909393473918,26.874701027073257,93.10517326201733,0.2886488482379197,175.0,kermadec,153,kermadec_09
8109.4390792951535,5359.339475770925,126.0,442.9087278134192,6.20917907195259,86.81984819302858,37.044336003245796,170.48884802135424,19.695703064017138,30.894577666237556,0.6375132645215327,105.0,kermadec,154,kermadec_09
8441.4311938326,5527.999198237886,121.0,499.10843166042025,5.837272646151033,88.82162534131523,38.187515741491765,189.96582766456874,16.328481462240596,66.70102570581714,0.24480105499811755,70.0,kermadec,155,kermadec_10
8234.321740088106,5506.098497797357,101.0,367.5952909290018,7.421812274569329,57.56280347022633,21.416690869690694,172.41476612287533,,,,,kermadec,156,kermadec_10
8516.010801762113,5545.400845814977,111.0,409.76572989380037,7.249532450449269,68.46219632032157,26.987597349608972,163.46230793571317,5.026993790278646,54.52755117371019,0.09219181280054167,70.0,kermadec,157,kermadec_10
8738.506837004405,5564.663581497797,131.0,381.9508431822137,8.309559494786852,75.70819001555608,30.861730171707773,145.43515967292944,3.4567246242916676,110.46048794355706,0.031293765659065165,70.0,kermadec,158,kermadec_10
9172.457264317181,5525.4803480176215,116.0,284.6323689922139,12.81293806889308,56.651051584545876,20.965589895223037,126.10816359801497,14.409863779962434,43.41340436623933,0.33192199483826573,70.0,kermadec,159,kermadec_10
9198.167030837005,5520.565735682819,96.0,186.49145179971794,19.71994565790467,34.81134220356594,10.95277442096972,139.52050730367276,13.329995663653781,51.10194411789287,0.26085104771946255,70.0,kermadec,160,kermadec_10
9397.673911894271,5520.7988854625555,91.0,164.35333198711086,23.588660963294334,30.375628115570173,9.132649875000732,146.8270156132305,8.392616343296684,58.12997648248117,0.14437673729019992,70.0,kermadec,161,kermadec_10
9747.75418061674,5532.849555066079,111.0,228.1140858132349,18.477178252821933,47.436058020591595,16.546567196726095,151.63912386196867,10.31279712796763,24.464448270668303,0.42154219109581054,70.0,kermadec,162,kermadec_10
9873.9927092511,5615.886982378855,111.0,172.9863724767845,24.615266890134375,41.113766481116194,13.67349296966103,184.56191615203429,4.830162189814702,28.813755097520232,0.1676339017065636,70.0,kermadec,163,kermadec_10
9986.442317180617,5640.137273127753,126.0,167.129892180664,26.00555165412658,48.22893003633511,16.916348414795973,164.01883450117046,4.00081149666785,23.15995917107755,0.17274691492824884,70.0,kermadec,164,kermadec_10
9988.697925110131,5649.350480176212,116.0,202.80837408488264,21.396293247327872,44.14351684269355,15.033231946856015,147.40253953080523,9.783978158670662,27.17433525605588,0.36004480207074335,70.0,kermadec,165,kermadec_10
9707.394268722466,5697.589488986785,121.0,171.84582371385005,23.333734233848055,44.70616830601282,15.289257096501158,104.95323603272365,,,,,kermadec,166,kermadec_10
10200.476189427312,5690.611061674009,106.0,140.26226286591418,32.15308975917904,35.92928851234201,11.424256396641434,120.17221540155438,11.078445727654765,76.71454899667943,0.14441127364425088,70.0,kermadec,167,kermadec_10
6184.564171806167,5384.472286343612,16.0,1708.3915065341828,0.46833052166461725,21.69069651417436,5.829005286079183,164.45139869492226,,,,,kuril-kamchatka,1,kuril-kamchatka_01
6552.348334801763,5380.722629955947,16.0,1187.654406540927,0.9865039007923226,32.10909526601016,9.834083166786836,207.05688836250008,1.9824241237375266,147.93721156407187,0.013400442679554867,70.0,kuril-kamchatka,2,kuril-kamchatka_01
6609.12454185022,5437.993427312776,156.0,679.196399861758,1.7242893436652698,136.5212672481209,67.73766155210691,64.8561423582806,13.560445051872543,37.06275073086039,0.36587799838022833,175.0,kuril-kamchatka,9,kuril-kamchatka_01
6822.176894273128,5531.768678414097,131.0,596.0382790209361,2.164975407248474,120.71793174875353,57.489981208252,101.75500999224471,14.402736364440807,29.16863476991018,0.49377478507490524,175.0,kuril-kamchatka,20,kuril-kamchatka_01
7022.416621145375,5428.237563876652,116.0,482.88321943139726,3.301375970666147,89.22812024372286,38.42071508796831,135.0227102700973,8.448543580796002,26.298517769745125,0.3212555040085015,175.0,kuril-kamchatka,25,kuril-kamchatka_01
7342.157471365638,5333.914162995595,116.0,381.1362740845303,5.269095189624079,71.9533539316953,28.837958222689693,99.2618823369365,3.1874437307373498,44.153734231084044,0.07218967514854956,70.0,kuril-kamchatka,29,kuril-kamchatka_01
7462.6629383259915,5308.422797356829,101.0,261.6697689583377,8.232667264334056,50.307070857463685,17.89514246056432,296.52441777035006,25.543150705110207,45.730541993477765,0.5585577951110497,175.0,kuril-kamchatka,30,kuril-kamchatka_01
7681.226718061674,5350.91626431718,76.0,414.9817099655178,5.615453398989866,38.53924890285099,12.543944207989504,174.4688754490896,10.257335528889639,137.94344471063513,0.07435899219717558,175.0,kuril-kamchatka,33,kuril-kamchatka_01
8211.993955947137,5305.538986784141,116.0,343.5060408016289,8.461146599868508,61.07729729277718,23.177657089741217,195.35964117465485,45.045057848038034,11.043971798594693,4.078700912091233,105.0,kuril-kamchatka,34,kuril-kamchatka_01
8407.76533920705,5236.928154185021,91.0,190.7173859835974,16.625842309388275,35.68375386451345,11.320279904739563,148.6747140564492,4.472143647775822,9.929623671742892,0.4503840020143333,70.0,kuril-kamchatka,37,kuril-kamchatka_03
8290.054224669604,5193.604634361233,111.0,391.9864242344545,7.899379669476323,59.02143789049482,22.143324922423684,109.28676288291436,8.66480250340787,128.82361822039982,0.06726097763054258,175.0,kuril-kamchatka,39,kuril-kamchatka_03
8745.505634361234,5246.693519823789,131.0,542.2142903256379,6.452821655504804,75.7103961725711,30.86292926968596,114.47536914198255,26.805816454221805,38.39152682404591,0.6982222034845568,105.0,kuril-kamchatka,43,kuril-kamchatka_03
9112.580766519824,5395.64086784141,151.0,594.0132083065005,6.257335437498451,95.93063418548346,42.31615565412135,156.13408895264513,8.659826161743961,96.73481587697792,0.08952129678684723,175.0,kuril-kamchatka,49,kuril-kamchatka_03
9266.914502202644,5395.177057268722,146.0,669.0568565430611,5.786858631026874,90.49830022249662,39.151675108906296,157.62206638191287,53.079226811685636,85.81778877087096,0.618510772322559,105.0,kuril-kamchatka,50,kuril-kamchatka_03
9122.348916299561,5310.5922290748895,151.0,481.8000538923658,7.91149078633399,81.69965462095902,34.16043659735517,157.27823409316704,,,,,kuril-kamchatka,61,kuril-kamchatka_03
8989.054678414097,5309.527806167401,121.0,399.46349411635197,9.2111718002821,57.94949333906568,21.60873330734276,104.38615605240831,19.132855514090537,12.816778390209487,1.492797560477896,140.0,kuril-kamchatka,74,kuril-kamchatka_03
8773.217488986784,5287.951281938326,111.0,413.56724388539794,8.427326531726596,55.77976518788683,20.536764714503335,82.99192222686477,6.989908451335717,23.79533728068881,0.29375118195985406,105.0,kuril-kamchatka,83,kuril-kamchatka_03
8209.337092511014,5279.7705947136565,131.0,342.0439842667213,8.564882391011214,70.76911882339044,28.2068660381632,105.04204504758135,8.838384399943301,16.625312965160273,0.5316221365856313,105.0,kuril-kamchatka,86,kuril-kamchatka_03
8423.61436123348,5302.646788546256,121.0,500.0827212423413,6.240902634935861,70.10534056427038,27.85466393576439,108.60171667703095,34.03338562809651,20.883631417288626,1.62966798963526,105.0,kuril-kamchatka,87,kuril-kamchatka_06
8399.142651982378,5307.799892070485,121.0,566.7353264925202,5.454649843418033,73.77360032398744,29.81474436265857,103.21251230039317,34.17495882427873,23.01806545061064,1.4847016095947418,105.0,kuril-kamchatka,88,kuril-kamchatka_06
8302.600370044052,5258.972669603524,116.0,714.2403343709535,4.261349512165419,75.40396638640723,30.696489151145062,116.1002961488917,8.827976331470913,23.432656939563206,0.3767381716140752,105.0,kuril-kamchatka,90,kuril-kamchatka_06
8390.205383259912,5283.347392070485,116.0,569.8970045104545,5.451613127635651,76.26341366337013,31.163874012661108,153.46045013220404,,,,,kuril-kamchatka,91,kuril-kamchatka_06
8373.990647577091,5324.1630220264315,136.0,611.9023758174933,4.984173531727396,105.19550561673529,47.851185200787604,175.21959327055512,42.876841321049746,32.19444708479073,1.3318085944487483,140.0,kuril-kamchatka,93,kuril-kamchatka_06
8186.8647400881055,5305.969,116.0,744.7074010888641,3.868493499427885,85.66545001392723,36.38905014259448,147.4309113745811,5.212856845801334,118.28036900874793,0.0440720373929151,175.0,kuril-kamchatka,96,kuril-kamchatka_06
8193.403198237886,5306.310145374449,116.0,718.9745306566335,4.0155706909766025,88.89052977462555,38.22702007424004,193.57090960640608,24.237420618139524,22.886698878637855,1.0590177616555445,175.0,kuril-kamchatka,97,kuril-kamchatka_06
7797.166823788546,5305.4621850220265,146.0,957.6170209703794,2.601984492967353,138.2792442948693,68.90315609470787,191.4504771468991,9.218092911634757,34.749525833242735,0.26527248043242,175.0,kuril-kamchatka,99,kuril-kamchatka_06
7803.619493392071,5308.397462555066,151.0,1121.0733328344556,2.2257438097543827,150.59484352028528,77.20461364339351,184.81064199356473,12.612806857680217,77.15402529652883,0.16347568139452173,105.0,kuril-kamchatka,100,kuril-kamchatka_06
7821.500647577092,5303.893127753304,146.0,1033.0541822700238,2.4370527345348147,141.75276395144476,71.22052424746563,239.9718854015897,14.22442899448004,28.183325000268088,0.5047108172774054,175.0,kuril-kamchatka,101,kuril-kamchatka_07
7509.257488986785,5315.778740088106,116.0,835.2635307286783,2.6260918479046995,100.87496217060351,45.248858921631324,240.9000654360794,15.232015547267618,34.04352948028752,0.4474276251552451,175.0,kuril-kamchatka,103,kuril-kamchatka_07
7625.11022907489,5265.17418061674,106.0,799.3731080330053,2.9522334748853107,84.8110687489664,35.90595645973396,162.57648368874592,,,,,kuril-kamchatka,104,kuril-kamchatka_07
7790.58554185022,5288.360691629956,131.0,979.2199098298397,2.555324728492376,116.07154587862814,54.55871629364657,155.77571170640385,32.31164552149227,75.93088750675298,0.4255402061330918,105.0,kuril-kamchatka,105,kuril-kamchatka_07
7646.853405286343,5255.935823788546,121.0,1011.9088505669446,2.36277959240917,108.74762060624546,50.017594699537135,199.53651292379732,17.669941016349426,31.61003438720775,0.558997842264299,140.0,kuril-kamchatka,106,kuril-kamchatka_07
7439.009149779736,5281.968779735683,156.0,1222.967360089734,1.7637759113095073,160.00855284267936,83.70551030222262,177.38056791596807,17.240635121528012,100.74300235753743,0.17113481550153636,70.0,kuril-kamchatka,108,kuril-kamchatka_07
7635.218762114538,5240.708629955947,181.0,1639.1343042420665,1.4608382766205414,227.12322789745332,133.52989913747305,381.7884160109188,11.448305004425226,77.34642318326607,0.14801337325320651,175.0,kuril-kamchatka,109,kuril-kamchatka_07
7537.230484581498,5167.908929515419,176.0,1553.6242150001483,1.5250287245721468,223.050693601177,130.34705478356875,342.55277145940227,7.1128981582066775,80.95252101954738,0.08786506051478182,175.0,kuril-kamchatka,110,kuril-kamchatka_07
7673.435268722466,5054.930273127754,166.0,1326.9869187842883,1.9732711442202018,230.9476229668409,136.53619027926538,211.3746583635438,9.274600762719347,95.17494067166223,0.09744792796577811,175.0,kuril-kamchatka,111,kuril-kamchatka_07
7795.776973568281,5162.102823788547,146.0,812.5402356194626,3.241284596536786,192.90544881265785,107.40449194494809,144.8361859931524,,,,,kuril-kamchatka,112,kuril-kamchatka_08
7744.092026431717,5165.255585903084,131.0,585.7928220126698,4.402301195272853,110.4975354413218,51.09360826642815,191.7972830321041,6.6745084209780625,37.85339619807364,0.1763252202273393,105.0,kuril-kamchatka,113,kuril-kamchatka_08
7798.997643171806,5191.351753303965,131.0,740.4480250479676,3.5217136134557356,118.70597792228689,56.21599545966576,212.54196667137552,6.8521360314286825,105.34089696835173,0.0650472535228869,175.0,kuril-kamchatka,114,kuril-kamchatka_08
7713.691612334802,5151.07063876652,126.0,669.9905217741892,3.8248615320441464,104.51272392241196,47.43752343674404,197.29043405877044,,,,,kuril-kamchatka,115,kuril-kamchatka_08
7772.893898678414,5206.184123348017,141.0,704.28285477771,3.644430299443421,129.42985252142236,63.08736576253386,152.12842299899842,,,,,kuril-kamchatka,116,kuril-kamchatka_08
7757.737907488987,5276.709837004405,141.0,971.0474508671466,2.555001888186845,183.42347867347408,100.42373107472294,153.02457702270368,9.832269857938586,136.5588699639521,0.07200022862326001,140.0,kuril-kamchatka,117,kuril-kamchatka_08
7836.940066079295,5368.315101321586,136.0,1003.6244464416886,2.4597098780426516,170.27897600535135,90.94479011097248,219.41934792292693,,,,,kuril-kamchatka,118,kuril-kamchatka_08
8056.39418061674,5383.602731277533,116.0,896.6705647040037,2.9807953495401196,93.73480443074578,41.02963202781201,222.40467458583512,,,,,kuril-kamchatka,119,kuril-kamchatka_08
8115.674506607929,5414.518101321586,121.0,848.535376927666,3.1833161925040225,100.96826330156242,45.30466953821147,212.51106789399617,,,,,kuril-kamchatka,120,kuril-kamchatka_08
8114.396704845814,5478.415522026431,121.0,835.4457490562977,3.155179358799699,101.30300122407992,45.505043580148914,202.64714967967495,,,,,kuril-kamchatka,122,kuril-kamchatka_09
8111.160977973568,5477.773286343613,101.0,745.8988231574347,3.530489135889324,68.74537769907214,27.1365388902617,233.9706149698403,9.027921978197586,132.36080233629392,0.06820691487846996,175.0,kuril-kamchatka,123,kuril-kamchatka_09
7826.27422907489,5471.179312775331,126.0,707.6046562284603,3.3282637353635267,101.30716010006584,45.50753447216712,200.9157586811046,,,,,kuril-kamchatka,127,kuril-kamchatka_09
8085.875484581497,5470.031171806168,141.0,690.8069342600614,3.786650340412721,113.77387006116638,53.12347710281463,185.05521058598902,9.996229716800217,88.24761693029954,0.113274783665779,140.0,kuril-kamchatka,128,kuril-kamchatka_09
8110.663140969164,5458.795863436123,141.0,650.1176244238231,4.079057662654968,109.1092061918916,50.23946200695911,187.97952154030202,9.06109021692304,82.86223003728655,0.1093512715364492,140.0,kuril-kamchatka,129,kuril-kamchatka_09
8178.590766519825,5433.743933920705,131.0,519.0582179320652,5.288129034031338,91.67296422085637,39.830719454570826,169.743478081384,10.994683270002682,104.37663034829336,0.10533663745720312,140.0,kuril-kamchatka,131,kuril-kamchatka_09
8244.494246696035,5434.232977973568,141.0,449.0074973883589,6.25882927360519,111.34893218229088,51.61919102392874,150.0935864206257,,,,,kuril-kamchatka,132,kuril-kamchatka_09
7654.487092511013,5434.560444933921,71.0,117.11031327890765,18.955859526138894,25.400824779397286,7.194935031985755,134.45512560416284,,,,,kuril-kamchatka,136,kuril-kamchatka_09
7664.51214537445,5438.780757709251,71.0,102.21254464659589,21.775520757855677,23.783044811309555,6.590520634240832,124.07485967683841,,,,,kuril-kamchatka,137,kuril-kamchatka_09
7594.197814977973,5488.998114537445,176.0,330.1401866876956,6.376684164269874,139.59979953581487,69.78190877992803,113.27272169488305,5.966039279467306,48.159812147918174,0.12388003634946076,175.0,kuril-kamchatka,140,kuril-kamchatka_10
7448.138832599119,5520.028154185022,201.0,255.94116322762787,7.533413750641129,155.5883116430009,80.63663744633376,184.09243058086855,8.142243541384886,87.60372985806069,0.09294402823461168,140.0,kuril-kamchatka,142,kuril-kamchatka_10
7386.651286343612,5539.127440528634,211.0,521.6254739068147,3.5418589356412973,214.34073863562503,123.60501241071616,197.12880181678582,8.161131747369502,84.70134680401175,0.09635185336843974,140.0,kuril-kamchatka,144,kuril-kamchatka_10
7490.662088105727,5553.052405286343,171.0,348.5297107776643,5.559381662171788,144.1307211293491,72.81796390749867,100.04186581338553,8.113852885489688,63.18323316973773,0.12841781717140588,140.0,kuril-kamchatka,145,kuril-kamchatka_10
7464.630110132159,5588.678334801762,146.0,259.90857029898154,7.217737272658716,102.59217857417799,46.27880344660272,101.12284855189556,5.81333492361223,37.4867382035793,0.15507710732370847,175.0,kuril-kamchatka,146,kuril-kamchatka_10
7289.634704845815,5652.349530837004,121.0,265.59420249123184,6.164611872741699,86.74685493538797,37.00281542388412,96.29927921221608,6.664335941398377,100.65720521329641,0.0662082354390468,70.0,kuril-kamchatka,149,kuril-kamchatka_10
7455.014801762114,5683.550211453745,111.0,304.1383798572523,5.824534842132743,80.74752782904812,33.6306631942751,108.88388673535805,,,,,kuril-kamchatka,150,kuril-kamchatka_10
7224.17322907489,5602.854718061674,86.0,314.4990458670773,5.155241430202825,54.181706073213924,19.756045597688907,75.52968340237258,19.853892831877783,11.171583371216844,1.7771780572331919,175.0,kuril-kamchatka,153,kuril-kamchatka_10
6874.668066079295,5652.326744493393,96.0,276.1146827971395,4.426933436509614,63.54091909607004,24.43249255780196,96.53961820307319,,,,,kuril-kamchatka,154,kuril-kamchatka_10
6889.1118061674015,5676.420158590308,106.0,379.6157445886983,3.1945241072416697,83.89291358452967,35.38860869973033,120.56564755373829,6.72724949134087,24.800916364794634,0.2712500373933895,175.0,kuril-kamchatka,155,kuril-kamchatka_11
6916.767885462556,5652.428676211453,116.0,388.9212014663013,3.250887852049004,97.7734510818513,43.403462643382596,77.60770780463176,8.266479900426097,43.31353982135304,0.1908520969313809,70.0,kuril-kamchatka,156,kuril-kamchatka_11
6678.699920704846,5656.851848017621,116.0,443.388831605189,2.3046319614949593,100.8900919986189,45.257908072536026,83.17391247772353,30.65758084593453,43.127857099403684,0.71085333025643,70.0,kuril-kamchatka,157,kuril-kamchatka_11
6967.704550660793,5665.09295154185,111.0,559.6725393571398,2.327453122168848,100.411883423859,44.97211054285421,87.91628371773741,,,,,kuril-kamchatka,158,kuril-kamchatka_11
6904.919,5667.86786784141,116.0,521.0698945963726,2.3740598813846763,104.45556639502821,47.40293543928972,96.20416364918019,40.686025679994664,140.76887153217282,0.28902714951931574,105.0,kuril-kamchatka,159,kuril-kamchatka_11
6919.034519823789,5679.448035242291,106.0,609.553990794203,2.0335958804344973,96.4653751776637,42.630955054509464,163.83948222787018,21.959091023094608,75.59194156669179,0.2904951317293652,105.0,kuril-kamchatka,160,kuril-kamchatka_11
6889.634167400881,5665.730960352423,121.0,580.65243008821,2.10780691447813,139.35970491660368,69.62193284407061,135.34046517482847,,,,,kuril-kamchatka,161,kuril-kamchatka_11
6850.173621145374,5648.672088105726,111.0,552.9224863635184,2.17300175462519,145.8500418200784,73.9784445756408,120.31763503598087,46.70959548751022,23.291329206563542,2.0054499712428333,175.0,kuril-kamchatka,162,kuril-kamchatka_11
6779.170255506609,5632.110063876653,111.0,582.9180302587871,1.9677898642468084,127.69193655593268,61.96042906424563,167.62254978532584,6.108038011519181,17.524555646361073,0.3485416768776958,140.0,kuril-kamchatka,164,kuril-kamchatka_11
6711.496453744493,5628.813105726873,101.0,554.8461067547223,1.951321879773477,125.5805873375296,60.59821036782945,143.67465331052972,83.90000074735224,60.545833167101385,1.385727082420277,70.0,kuril-kamchatka,165,kuril-kamchatka_12
6818.246524229075,5555.329887665199,116.0,527.417711039288,2.39452830295606,158.118375038337,82.38969754797567,100.8095183762147,,,,,kuril-kamchatka,166,kuril-kamchatka_12
6810.2745726872245,5499.893885462556,111.0,347.2503495012778,3.7735906935922228,104.54291032759782,47.45579281968438,260.36768759516934,56.62695665902915,25.35351942052977,2.2334949132614703,140.0,kuril-kamchatka,167,kuril-kamchatka_12
6872.290612334802,5404.867392070484,71.0,116.09583973110733,12.639757149464236,29.349039276614757,8.723450568628495,250.76606330686144,,,,,kuril-kamchatka,168,kuril-kamchatka_12
6957.258480176211,5387.8682246696035,56.0,177.64156049603034,8.83458944587282,24.72112193440949,6.939380278815829,206.60213531008904,6.058347922388383,24.739741739070446,0.244883232261907,140.0,kuril-kamchatka,169,kuril-kamchatka_12
7009.41003524229,5357.449781938326,56.0,153.00969809880309,10.796441492468292,27.50488312944912,8.000359889537632,161.46257048172677,7.3787637333067675,9.822388335107442,0.7512188972343308,105.0,kuril-kamchatka,170,kuril-kamchatka_12
6978.197004405287,5379.298535242291,71.0,208.8577368931367,7.655442852859608,41.80793189833954,13.98217387540576,152.4339524313579,,,,,kuril-kamchatka,171,kuril-kamchatka_12
7061.784643171806,5403.745303964757,56.0,179.77907882293067,9.222648987094306,28.491311410205412,8.385192515445349,107.12964795947283,,,,,kuril-kamchatka,172,kuril-kamchatka_12
7050.840616740088,5376.676145374449,86.0,225.01630551504454,7.440191800916865,65.35675101952562,25.367853721024794,124.5536626653614,,,,,kuril-kamchatka,173,kuril-kamchatka_13
7050.822259911894,5335.795920704845,66.0,290.65609330433716,5.90053461363804,41.20537999516261,13.714132779279497,154.39895356043863,5.037888136273679,139.70553338936185,0.036060763049613746,175.0,kuril-kamchatka,174,kuril-kamchatka_13
7027.161876651982,5300.6667312775335,71.0,214.88607122941409,8.034467452900792,47.18525088184906,16.430021935112133,159.97761621360493,,,,,kuril-kamchatka,175,kuril-kamchatka_13
6912.516220264317,5287.548938325991,76.0,202.19070674060612,8.036804995310808,43.94761202121102,14.944343027401253,136.29175462612454,2.707050164435131,49.76886663099038,0.05439244145353892,70.0,kuril-kamchatka,176,kuril-kamchatka_13
6765.42616740088,5252.415209251101,71.0,123.92601774231824,12.208985535997872,34.26271261289914,10.723225606925727,119.98249988671631,,,,,kuril-kamchatka,177,kuril-kamchatka_13
6647.3369603524225,5185.407301762114,191.0,27.55179302696188,53.06114404821785,79.4976423482289,32.9383710278785,155.61708600329806,,,,,kuril-kamchatka,179,kuril-kamchatka_13
6627.558916299559,5169.660303964758,291.0,144.31949301193796,10.101882856629807,243.97865006760506,146.9035251035594,167.75329111150253,,,,,kuril-kamchatka,181,kuril-kamchatka_13
6530.752171806167,5080.272145374449,161.0,42.07921750544201,34.47022336487438,61.54730824322597,23.41577504128014,241.75945154744417,2.7722406043576617,39.68489274352163,0.06985632094999719,175.0,kuril-kamchatka,182,kuril-kamchatka_13
6730.607612334802,4820.108057268722,151.0,33.9391157811277,56.291966101498694,46.14901509140982,15.950698311088434,331.7865676812031,138.53769064484436,29.408222329770833,4.710848860272607,175.0,kuril-kamchatka,183,kuril-kamchatka_14
6918.082114537445,4444.530616740089,66.0,45.74226059555781,54.07584727103696,14.81930121341031,3.5075194330586013,334.5917830796784,,,,,kuril-kamchatka,185,kuril-kamchatka_14
6796.537911894274,3279.500995594714,116.0,301.8909629210137,11.650023843939152,50.319558170524814,17.90106532552308,287.79762908093267,10.27445553379392,113.9525307940964,0.09016434705043176,105.0,kuril-kamchatka,206,kuril-kamchatka_14
6648.739665198238,3243.8607709251105,121.0,430.4300608812341,7.910411478469238,61.63853226406133,23.46206157463008,293.4284989182324,12.534850225499635,46.63811863419528,0.2687683507093493,175.0,kuril-kamchatka,207,kuril-kamchatka_14
6453.587427312776,3150.129376651982,121.0,457.22150391181515,7.225071485915797,69.32975276504006,27.444541975269658,237.79112113825605,8.792524795689886,22.318280448807396,0.3939606734424616,105.0,kuril-kamchatka,208,kuril-kamchatka_14
5998.592744493391,3197.2560528634363,111.0,600.5829279476407,4.6643628402873585,70.78003288239539,28.212666295261634,214.05790636396662,9.176801364989574,17.5368746874013,0.5232860203752437,175.0,kuril-kamchatka,209,kuril-kamchatka_14
5717.073325991189,3326.394356828194,101.0,809.9040862771128,2.9518050466348833,64.15317494429051,24.74689170986559,174.05189081720837,12.953180745370647,36.530775257122905,0.3545826951166329,175.0,kuril-kamchatka,210,kuril-kamchatka_14
5799.485770925111,3468.7142555066075,96.0,1026.8937075882804,2.2697300589098512,73.1025165810975,29.453679439393905,151.32755838973117,22.588481777212778,78.09956734048525,0.28922672104872676,175.0,kuril-kamchatka,211,kuril-kamchatka_14
5696.312753303964,3540.2540837004403,91.0,1093.9191708667777,1.970948793131717,75.88100427510317,30.955694026588798,213.02060511314346,50.86481175072711,67.64434352017109,0.7519447910017718,175.0,kuril-kamchatka,212,kuril-kamchatka_15
5549.996986784141,3750.1432555066076,91.0,987.420201474393,1.8227839865844686,72.95032124869304,29.371946615174764,284.2182310546099,38.90880070194849,58.71487456927038,0.6626736578657737,175.0,kuril-kamchatka,213,kuril-kamchatka_15
5593.463867841409,3935.4639691629955,101.0,1070.1384421578384,1.5493321549454906,83.72875581418596,35.29630976830138,123.73314731901267,42.47951212483801,18.093301401740675,2.3478032660612866,140.0,kuril-kamchatka,214,kuril-kamchatka_15
5703.760286343612,4173.435748898678,106.0,919.5988414533588,1.6641218632097972,89.59950314471637,38.634081093365076,144.46703037571277,18.480081924122167,18.631083768415376,0.9918951658330689,175.0,kuril-kamchatka,215,kuril-kamchatka_15
5504.790634361234,4327.54537444934,106.0,788.5936262849767,1.4928414593684138,95.84272209346959,42.264458112542684,128.38313772668818,8.708476569994254,18.3168402405076,0.47543552575926834,175.0,kuril-kamchatka,216,kuril-kamchatka_15
5427.459202643172,4491.326286343613,106.0,690.1405003458227,1.3564381685040536,106.8900995223376,48.88171416059611,130.38538261450321,6.965107774040663,17.48539731384761,0.39833854781924954,175.0,kuril-kamchatka,217,kuril-kamchatka_15
5655.251453744493,6559.042524229075,46.0,2150.786060591273,-0.4202143053856879,73.88439228935842,29.87445968313546,261.72599040873786,18.895299932859015,38.1714367763408,0.49501149363522495,175.0,kuril-kamchatka,225,kuril-kamchatka_15
5588.768603524229,6108.890167400881,46.0,1818.9353863907875,-0.2859483452618407,59.85321365011807,22.56038032135365,540.3694141065826,23.073355279870356,42.85541043674107,0.538400053685846,175.0,kuril-kamchatka,226,kuril-kamchatka_15
4397.104850220264,3226.3234581497795,96.0,868.021900824247,1.3487924566865723,91.60841247466145,39.79332797684641,199.88258769770215,,,,,manila,5,manila_01
4615.04773568282,3054.3831718061674,96.0,656.6133780916866,2.3768394247653113,74.6648007559274,30.295933063747842,232.87146193855455,47.85841391445669,15.113394966274544,3.1666223255100836,140.0,manila,6,manila_01
4682.409845814977,2619.796563876652,101.0,400.11279573048836,5.155079527443255,62.924691559363836,24.117071954714834,386.32712449496853,26.683050293647597,35.105603553468626,0.7600795198694473,175.0,manila,9,manila_01
4655.519030837005,2144.8354537444934,96.0,193.87602180826389,12.949943751040463,46.81095515761696,16.256477812908766,583.0137107048126,35.19836363222176,38.40394004948498,0.9165300119432354,175.0,manila,10,manila_01
4338.590607929515,1961.1521409691632,106.0,240.47131119254863,9.886578382968537,48.08678941991963,16.84990645912675,526.4507949291047,34.629298619628315,53.76282809069083,0.6441122956034462,175.0,manila,11,manila_01
4284.908885462555,1476.6685352422905,96.0,314.1488445975831,8.939203178727432,50.456630066896714,17.966112168625287,674.5978852228964,29.031448179105126,54.85541809720332,0.5292357470990678,140.0,manila,12,manila_01
4176.860859030838,1091.0641057268722,101.0,94.65675227459786,32.599858743854995,35.42827841390625,11.212346671665088,1139.6555217146913,3.6903695270967005,50.18574530870998,0.07353421782213163,140.0,manila,13,manila_02
4168.032594713656,1079.8446916299558,106.0,68.80537601712638,44.88294493609072,31.14675495072242,9.443076904758659,1193.562633240971,3.7945498634400012,48.84634359735109,0.07768339621731232,140.0,manila,17,manila_02
4240.4884273127755,1338.8978281938325,96.0,284.2064150330413,10.209447942199366,48.04952062255214,16.832496421256774,769.6733565333714,24.39750815257889,53.93033929676635,0.45238929461068234,140.0,manila,18,manila_02
4307.297074889868,1577.9769427312776,96.0,328.67506474669574,8.304007285316976,51.17338868165383,18.307203995591063,614.5899373776325,27.656649707961463,58.35248253483098,0.4739584077070419,140.0,manila,19,manila_02
4337.894572687225,1996.8473524229073,106.0,237.40390413707394,9.861030840135752,48.043941814853774,16.829890680562507,528.1272150282464,35.303507705002524,53.1771970580192,0.6638843274587128,175.0,manila,20,manila_02
4424.818167400881,2306.305797356828,96.0,247.55694297486687,8.557677052342395,50.83029974983113,18.143734392641967,504.49904444642954,10.302167805335662,35.078046941605216,0.2936927424290693,175.0,manila,21,manila_03
4668.60396475771,2621.2213744493392,101.0,396.87275811357864,5.158788423876759,62.73436376777992,24.019858742977913,386.769518850593,25.604569473611406,35.25636998745832,0.7262395272888181,175.0,manila,22,manila_03
4420.839969162996,2867.3663215859033,101.0,515.9191036305926,3.011079908933567,68.32121285981923,26.91352243711259,349.1804594906238,22.521873418870722,28.32957104437032,0.7949952148444652,175.0,manila,23,manila_03
4445.780030837005,3176.2227885462553,96.0,776.7182668345375,1.634514464896962,90.18377177686712,38.97035049669793,227.12212364331117,17.956647738099253,145.77489750803844,0.12318065761019707,175.0,manila,24,manila_03
4521.817321585903,3326.113383259912,96.0,929.3796688691629,1.2865613251265573,89.63797323470783,38.65619971187867,192.53790455495215,,,,,manila,25,manila_03
4418.741947136564,3480.0096255506605,91.0,836.6372016565863,1.1220303373160592,76.39625115133745,31.236271017659245,228.00626671304332,,,,,manila,26,manila_06
4364.997823788546,3629.8288149779737,96.0,836.6195287504889,0.8787375665358479,91.83863259469172,39.926722709456705,173.3752945849405,,,,,manila,28,manila_06
4343.523832599119,3647.152436123348,96.0,805.515505565764,0.8645040246452681,94.03221925490773,41.203303119847206,236.21852302128545,,,,,manila,29,manila_06
4335.487396475771,3638.4021277533043,101.0,924.2794082328087,0.7541932261103492,98.72411005227306,43.967059573438384,314.14206954380813,,,,,manila,30,manila_06
4286.610158590309,3647.961933920705,91.0,633.1084176525715,1.008750171159582,97.52756275946655,43.25798444939022,210.61898902442283,,,,,manila,31,manila_06
4255.042343612335,3599.972314977974,66.0,264.08433442915646,2.4805334631088867,58.02610386158218,21.646831333870217,120.07160149607259,3.9779463016793555,75.53308739222172,0.05266495040806446,70.0,manila,46,manila_07
4145.247810572688,3526.309691629956,71.0,98.7844319660554,6.265543128854688,41.41970208537953,13.809323800466824,432.4580382203154,32.455921707001465,59.69060989467003,0.5437358030730988,175.0,manila,49,manila_07
4289.318585903084,3651.0974339207046,51.0,258.3491492947699,2.470382247143321,83.61488468243667,35.232320291814645,74.8821643331735,16.254435663161807,10.746009772099892,1.5126019804452036,140.0,manila,53,manila_07
4257.880726872247,3528.673669603524,61.0,240.66914747147393,3.029914988813238,55.19213735944951,20.24880519683057,136.4161476663494,,,,,manila,54,manila_07
4020.318057268723,3655.3272995594716,41.0,1628.1232879388363,0.22417882012566784,33.20148183831085,10.28268207947475,219.5501928336505,,,,,manila,68,manila_07
9879.543171806168,3172.2739317180612,111.0,162.30052536107962,41.326232463918686,28.635364727753874,8.441767963767202,880.431587149487,7.405797826023732,51.49377813818287,0.14381927475102665,175.0,mariana,7,mariana_01
9632.983185022025,3312.0860748898676,141.0,176.31805408744984,35.84940375417899,39.889110503047206,13.133150502651523,1058.769792603784,11.48586700381697,48.68878905119295,0.23590373118009492,175.0,mariana,8,mariana_01
9639.606356828193,3205.2985903083704,166.0,135.98408343958852,47.31662415019542,46.35299942849373,16.044772900206482,1025.7365847254096,23.56110560766691,49.79181913694826,0.4731923037972171,140.0,mariana,9,mariana_01
9650.196052863437,2991.141101321586,176.0,145.17508550854524,45.869130562006035,52.776018485946395,19.075617968971017,992.9647925787921,36.96533578566926,51.40152060391949,0.7191486818164396,140.0,mariana,10,mariana_01
8784.107929515418,2616.2261629955947,211.0,165.66028092466684,37.232109785716446,69.38174934079451,27.47198955718968,1000.9675144318963,37.22113827184955,55.49414218458668,0.6707219322003972,175.0,mariana,12,mariana_01
9349.088202643172,2345.0193259911894,171.0,222.1884918037132,31.523094737235763,56.39073333360887,20.837235900086046,996.4635562311644,30.163736869863765,61.75234815256445,0.48846299407662486,175.0,mariana,13,mariana_01
10722.99903524229,2246.086964757709,176.0,234.37107644544824,36.168763650567826,58.36648294512468,21.816302710451076,856.8498413088741,23.78969740703297,67.79318447439786,0.35091576817751,175.0,mariana,14,mariana_01
10462.577167400881,2147.4680396475774,186.0,205.06876520148205,40.54790655019368,61.29064829929182,23.285670014675393,767.5755102709804,32.12266446905917,73.88485534374907,0.4347665610172554,175.0,mariana,15,mariana_01
10303.496634361232,2048.5262775330393,186.0,158.3939416660619,52.116705159291676,57.48067913924584,21.375960561165826,770.3670734158375,38.83376815390565,68.34168660860965,0.5682295840356594,175.0,mariana,16,mariana_01
10660.799361233481,1952.1321696035243,141.0,227.68294038529632,38.24909840365167,41.86155430586638,14.006090168091518,1053.1155914683943,29.61749857577195,83.27282271618726,0.35566824336812897,105.0,mariana,17,mariana_01
9776.606444933921,2280.1755330396477,131.0,222.43936519780164,33.70100838593996,36.49821341547145,11.66608832771076,955.1957043007092,12.103637781343517,62.650466923056385,0.1931930977658713,175.0,mariana,18,mariana_02
10270.519281938326,2712.92304845815,161.0,168.04317353730175,44.97413417274319,44.032460867345286,14.982825758681766,776.5863469002182,33.38961177561083,80.83994718897912,0.41303356739652625,140.0,mariana,19,mariana_02
9412.652074889867,3259.7474977973566,161.0,146.2535737844853,42.07011437655014,44.774413587809185,15.320384345887618,705.5785677223043,,,,,mariana,24,mariana_02
9461.546396475771,3494.649832599119,156.0,148.16304417930803,40.27250247811775,44.546722575859214,15.216594296424534,621.5634471701785,,,,,mariana,25,mariana_02
9297.899202643172,3744.638876651982,166.0,138.4199902019352,40.11891864671979,49.97330011754496,17.737013317567577,583.3180133357278,,,,,mariana,26,mariana_02
9187.660114537444,3368.946193832599,226.0,136.5305353968215,42.61840696510085,68.4821561752988,26.998088681194382,616.9823227964214,,,,,mariana,27,mariana_02
9307.712524229075,5142.516748898678,126.0,578.9163555587259,7.194814475936628,62.55314513845899,23.92738950992053,905.6516574943548,8.450579331547257,14.342498224647267,0.5891985621462461,70.0,mariana,33,mariana_02
9864.841110132158,5245.222678414098,101.0,911.9562148873983,5.065614287511004,55.39634862130145,20.348761026456117,696.0457186824716,,,,,mariana,34,mariana_02
9847.800074889867,5353.7007224669605,106.0,150.500225129926,29.86108059667801,30.832227348577817,9.316146688492477,371.28379663652294,,,,,mariana,35,mariana_02
10118.661581497798,5412.056704845815,121.0,326.5295758440366,14.414023184533958,49.72720899768202,17.62064891078159,398.94712218034533,65.32848266993743,16.94967118843931,3.854262536638195,105.0,mariana,36,mariana_02
10085.743740088104,5462.017718061674,121.0,201.80193779776766,22.912198329136057,42.63687790434993,14.353031777541457,274.39993625823786,66.7630515579765,53.23886089442889,1.254028550504972,105.0,mariana,37,mariana_03
10042.335211453745,5504.558281938326,116.0,218.26068065082296,20.79062942525607,48.893440625673335,17.227830280863238,172.48944628136047,12.170925822116665,8.457534380828005,1.4390631210091651,70.0,mariana,38,mariana_03
9321.896370044053,5617.900008810572,101.0,447.8217909412073,8.2711391811654,72.88838819023505,29.338703224101785,296.0383305378441,,,,,mariana,39,mariana_03
9127.883079295156,5596.5774669603525,131.0,987.8289067978915,3.5748150191127217,94.41552088914433,41.42739671232366,569.3224712221606,,,,,mariana,41,mariana_03
9530.490167400882,5608.849823788546,136.0,863.10759607117,4.543628582882922,82.60512703453156,34.6661642011982,345.8811687146315,101.68453156947167,18.55273884548545,5.480836679497334,175.0,mariana,42,mariana_03
9692.316775330395,5616.36018061674,131.0,1217.0500284164455,3.3490460536096878,90.3847522921398,39.086190832577174,495.6247685609755,106.67641797663963,30.660629687731188,3.4792637680016747,175.0,mariana,44,mariana_03
9223.922453744493,5618.689266519824,136.0,1482.0208436877022,2.432646748917372,101.99569964214328,45.92039343862952,756.4791606676223,,,,,mariana,45,mariana_03
9111.347651982378,5612.554524229075,136.0,1500.3792690697087,2.3319391302458383,108.24730400450392,49.71100807034725,761.3618662400755,,,,,mariana,46,mariana_03
9133.420828193834,5810.753233480176,111.0,1117.5865667602889,2.973074027138281,110.82906961207235,51.29811046989996,767.6015381670932,3.264797005951472,21.072269011364423,0.15493333936609976,105.0,mariana,47,mariana_03
9365.103555066078,5798.038233480176,116.0,901.617978629665,3.9562934703313584,131.2217460815844,64.2545966444879,981.8804433651408,3.395859499080562,18.508368894621835,0.18347697295288573,105.0,mariana,48,mariana_03
9539.788713656388,5808.7803127753305,96.0,920.8038546056259,4.05190354299616,171.77918484237654,92.01469026983635,662.3011906518656,3.3593640334440593,18.80561941560897,0.1786361809840591,105.0,mariana,49,mariana_04
9538.385797356828,5821.781167400881,76.0,591.8776036683624,6.279346619843407,170.35611089788978,90.99972385438566,381.1525254204523,2.8250945354297365,21.796470221238753,0.12961247884425475,70.0,mariana,50,mariana_04
9533.049039647578,5818.318303964757,141.0,274.2700649041412,13.544061897462774,135.41744906746402,67.0084064399956,214.96539074334984,,,,,mariana,51,mariana_04
9490.087726872245,5820.126889867842,131.0,370.0777566208294,9.91672904233619,83.57399224045378,35.20934801564587,254.73968736040723,84.20337533634846,16.268718872880644,5.175784030340114,140.0,mariana,52,mariana_04
9391.756511013216,5831.498524229075,131.0,319.8723558922337,11.130245928421544,69.20882118333522,27.38073201387829,185.69324198397612,60.674346325541215,32.989877583720855,1.8391807054016323,140.0,mariana,53,mariana_04
9227.807325991189,5817.975502202643,126.0,497.6792509626938,6.851464707826745,75.40059614256595,30.694659824160546,267.5010409541142,,,,,mariana,54,mariana_04
9212.718929515418,5794.856859030837,116.0,445.5620504394676,7.670900309201534,65.85011028544893,25.623500564003916,197.71982044868818,56.20611121693843,15.060760332284309,3.731957084295059,140.0,mariana,55,mariana_04
9353.970198237887,5810.368189427313,96.0,921.402601336995,3.8458780164812363,62.97653159904354,24.143567152283694,465.7633402055643,30.51157111229764,16.094808340256872,1.8957399471468748,140.0,mariana,56,mariana_04
9381.51767400881,5792.960273127754,86.0,1444.4746058261032,2.4843340176470186,60.06075303372521,22.664743889921958,685.2360617423489,13.622765658704841,25.53061627250176,0.5335854612086862,140.0,mariana,57,mariana_04
9319.999612334801,5669.39822907489,76.0,1606.9602557200444,2.2717434175894753,49.862693806753086,17.68468933498182,941.3291433377218,76.51126916717344,31.269046079293272,2.4468693088095224,70.0,mariana,58,mariana_04
9256.59683259912,5761.559823788546,76.0,1876.5578869266724,1.8624722600668404,52.3554069192378,18.873183873454245,837.5353433073353,12.266725054298028,27.042105077343166,0.45361576028249095,140.0,mariana,59,mariana_05
9269.950696035241,5789.098881057268,66.0,2053.2984613225194,1.6952488303799602,44.37082696887731,15.136535458504541,529.1186740045933,15.78142637013351,14.137902506063675,1.116249483497636,105.0,mariana,60,mariana_05
9123.232013215858,5775.179850220265,51.0,2468.563844588312,1.3562752976129553,34.91798329979488,10.997534231679529,240.5097783155187,,,,,mariana,61,mariana_05
8650.663881057268,5821.141819383261,46.0,2981.3660487782863,0.949068988973527,28.92590060480247,8.556161458195758,264.36996696094576,10.877676743389681,17.013606907586887,0.639351596782161,105.0,mariana,62,mariana_05
8491.250136563876,5925.494427312775,46.0,1026.6143494295807,2.4992400609602976,25.160782143527737,7.104420112289959,274.9850922413793,14.114600442678547,52.52511183730081,0.2687209974230847,70.0,mariana,63,mariana_05
8623.961524229075,5932.92859030837,61.0,570.5794904056634,4.716315568944597,30.374998944685824,9.132397656235511,236.24143185946505,17.94116974839714,36.3856633660153,0.49308348642488775,70.0,mariana,64,mariana_05
8770.281396475772,5948.502079295154,91.0,976.6857741192334,2.889137317194236,65.34485328480757,25.361696523153228,419.9288835945617,15.252493002333878,13.521049987810388,1.1280553667122328,70.0,mariana,65,mariana_05
8477.689008810574,5958.60249339207,91.0,1036.113157613982,2.4312851322336204,80.21176617653072,33.33347242004677,512.9915182145313,,,,,mariana,66,mariana_05
8315.262612334802,5964.972149779735,61.0,1044.3003912781728,2.250588510915356,41.61085526052431,13.89436302123349,547.4318178331768,17.577390779146235,29.03098255077901,0.6054700611114716,175.0,mariana,67,mariana_05
8209.60340969163,5975.045762114538,46.0,2089.142325742862,1.0696052729593342,36.08076392922304,11.488519986799702,327.35519191644727,48.42243824929781,8.409531122346264,5.758042576312854,70.0,mariana,68,mariana_05
8013.126365638766,5979.138026431718,51.0,1465.0415231020986,1.3883485943116851,52.7463185539195,19.06130612989237,261.32744931594647,42.91572885951058,85.350850001206,0.5028154829026797,105.0,mariana,69,mariana_06
7561.132057268723,5965.24701321586,61.0,1852.185944665645,0.8616224783743033,59.17329480948038,22.219321223610102,592.7866234943267,,,,,mariana,70,mariana_06
7635.74654185022,5937.980444933921,71.0,2162.9317286985734,0.784937441339324,53.494960751504344,19.422879517171335,802.7881931985788,147.26567260857868,59.580570573934246,2.4717063161695463,105.0,mariana,71,mariana_06
7733.376475770925,5881.8359449339205,66.0,1721.9461861851426,1.0752603918122259,46.984006351942746,16.336656616708495,552.6198245743498,36.15345915239054,43.17260122174241,0.8374167441683611,105.0,mariana,72,mariana_06
7825.32645814978,5797.8762929515415,101.0,1000.2073195786966,2.0270299222087607,82.52904080102661,34.62359682126633,820.7849128111982,26.43685291488581,65.01574089075511,0.4066223433384728,175.0,mariana,73,mariana_06
7781.346488986785,5716.421550660793,106.0,1322.0655443140029,1.561893014462793,88.36534835637232,37.92618074217024,609.5783136982429,54.01204803469049,22.90754099674721,2.3578282820648453,140.0,mariana,74,mariana_06
7359.480114537445,5673.640643171806,91.0,1926.6031695042707,0.875032024264456,76.7163849646001,31.410917702116212,546.595199748784,,,,,mariana,75,mariana_06
7271.377678414097,4769.20585462555,281.0,224.07361594054237,11.166740061232801,126.05796299560217,60.90554473481237,1044.393527609561,15.107364751484962,34.562974229958314,0.4370967802415071,175.0,mariana,85,mariana_06
8173.563625550661,4617.483,246.0,1757.0547205515309,2.023887238090356,208.02828181678254,118.77534338992626,1037.2092274445781,36.72633026416729,61.2761683195914,0.5993574871166518,175.0,mariana,89,mariana_06
8352.061233480177,4615.937202643172,291.0,126.16070160986902,29.614008032313794,94.14862216882138,41.27132482344936,759.5981213219774,19.780457628373345,58.95062811340829,0.3355427798041441,175.0,mariana,90,mariana_06
8672.204127753303,4208.422202643172,336.0,139.66965284768483,31.959569126860064,112.91268501194745,52.58801341231948,596.0121523177412,48.841982865113394,36.12008629861572,1.3522111343068757,175.0,mariana,91,mariana_07
8452.75843612335,4392.145264317181,396.0,141.59207144341883,28.678252464360746,121.61043542973894,58.057399161756734,881.0234975740266,30.68908989066461,86.25658293530729,0.35578837981190986,175.0,mariana,93,mariana_07
8435.96504845815,4673.388504405286,426.0,340.1079913866496,11.062887786648341,201.38549760413147,113.74545225777416,955.4616304495851,23.250412347628156,87.33224249879706,0.26622942091459995,175.0,mariana,94,mariana_07
8502.703599118942,4473.9263986784135,391.0,142.6303041968356,28.24629186011307,124.20523935605544,59.714940881629964,1076.722904492689,41.22344652126724,86.90076398135074,0.47437381022465996,175.0,mariana,97,mariana_07
8454.272594713655,5232.283533039647,281.0,608.2688860055288,5.296981541884623,186.58386083783407,102.73739565605382,407.2744499987514,,,,,mariana,101,mariana_07
8168.629365638767,5354.794722466961,191.0,64.97838837902496,43.30416178927751,53.95042150605421,19.643682590493842,140.24139718190781,,,,,mariana,102,mariana_07
7266.105647577093,5378.407850220265,136.0,62.05220731902041,30.421122453418445,30.570235742786103,9.210746625256107,194.22607684017973,,,,,mariana,103,mariana_07
7959.177185022027,5364.084303964757,161.0,79.23874252716145,32.75030368090109,48.147354025797895,16.87820867727027,318.31789753356475,10.623258527386358,149.27921415173168,0.07116368201529098,140.0,mariana,104,mariana_07
7951.588224669604,5383.318546255507,161.0,71.61510247219405,35.862123906214855,45.186170405031405,15.50852518352735,499.0127528349707,,,,,mariana,105,mariana_07
7661.083766519823,5262.84632599119,176.0,49.64651271336612,48.306261798786245,45.99867107676148,15.881450491751812,839.0422104692138,,,,,mariana,106,mariana_07
7022.7745110132155,5545.583925110132,226.0,2322.535539109176,0.636024965400387,237.575979355067,141.78593653977242,961.4832439680146,,,,,mariana,125,mariana_08
7027.677660792951,5635.535986784141,211.0,2478.0921095628023,0.5617796322568572,222.3769328783571,129.8223400895119,994.9795906449807,80.38804131166128,101.39051670526625,0.7928556232269985,140.0,mariana,126,mariana_08
7002.014528634361,5656.349973568283,206.0,2565.594609925572,0.5245039687330479,223.62718041645752,130.79643369620365,1048.8031411126344,,,,,mariana,127,mariana_08
6673.45781938326,5649.314735682819,166.0,3471.8624314195404,0.29498377425101474,235.19417641636488,139.8938225669153,1016.9122997788972,3.5562136443856702,128.438167816378,0.027688137450464265,105.0,mariana,131,mariana_08
6531.723462555066,5675.809700440528,141.0,4041.4626572642223,0.21178316730852337,205.82353679044795,117.0998936889685,961.3894814616787,9.076913878387213,89.51450790024238,0.1014015950185728,105.0,mariana,132,mariana_08
7482.7062378854625,5544.831696035242,166.0,1304.9929411440737,1.484969367076657,185.27124218786943,101.77484969659142,441.9930194367263,,,,,mariana,135,mariana_08
7185.132563876652,5546.311436123348,141.0,889.8396159355757,1.8417039412549083,138.42597688737794,69.00066049771489,335.17655857528575,,,,,mariana,136,mariana_08
7105.090334801763,5543.440321585904,101.0,1131.3920782205437,1.3802907438348218,101.48905460031492,45.616510596834495,346.5620146093237,149.66991663360147,87.82987584531683,1.7040889013346134,105.0,mariana,137,mariana_08
7182.693546255507,5564.756850220265,76.0,1787.7104035436223,0.9050328805091401,80.68396766701018,33.595371464936115,493.30997672985336,,,,,mariana,138,mariana_08
7200.806977973568,5569.787581497798,91.0,2240.945840226018,0.727826334397831,76.49695415528362,31.29118256356613,502.5635698021876,,,,,mariana,139,mariana_09
7064.796933920705,5577.621356828194,86.0,2897.9295390178227,0.513185554399832,73.66875131024183,29.758259733584044,581.2454758210498,,,,,mariana,140,mariana_09
6421.9493303964755,5565.537207048458,81.0,3314.9311308069196,0.258349899154481,66.1871527137723,25.798515520626587,601.7830289552926,123.26477440859271,22.79183898629994,5.408285592166852,105.0,mariana,141,mariana_09
6717.109938325991,5562.415224669603,71.0,3140.794801229536,0.3676441113581683,64.77054549633799,25.06493165845332,554.6597055425179,30.56610430123836,24.567018693151912,1.24419265858086,140.0,mariana,142,mariana_09
5978.44250660793,5585.9813127753305,61.0,2002.9431402853693,0.19594225414540917,94.70679272220914,41.59788893193231,402.91118478796017,15.5856567634821,22.564685592135348,0.6907101231188568,70.0,mariana,144,mariana_09
5025.684572687224,5604.745903083701,76.0,1601.41144251744,-0.36159435047259586,98.30494102522762,43.71833173807773,392.261591233809,,,,,mariana,145,mariana_09
6653.808599118943,5595.128546255507,101.0,557.5548292532628,1.8987909301787118,72.36882358598439,29.060191311661807,202.0657504247121,27.051346842663133,25.256654511728186,1.071058196963559,140.0,mariana,148,mariana_09
6653.808599118943,5595.128546255507,101.0,557.5548292532628,1.8987909301787118,72.36882358598439,29.060191311661807,202.0657504247121,27.051346842663133,25.256654511728186,1.071058196963559,140.0,mariana,149,mariana_09
6600.407722466961,5624.485339207049,111.0,723.2710553928749,1.3493176257824928,103.6167641170858,46.896073936454954,213.42107137070096,71.16629054724109,18.331274758265526,3.8822335863550563,175.0,mariana,150,mariana_09
6371.1200484581495,5639.227718061674,101.0,481.45425900203514,1.5201700197097683,88.35810567644592,37.92203607927348,68.9635528414627,26.455556175177787,27.165369581025278,0.9738706516128797,140.0,mariana,151,mariana_10
6371.1200484581495,5639.227718061674,101.0,481.45425900203514,1.5201700197097683,88.35810567644592,37.92203607927348,68.9635528414627,26.455556175177787,27.165369581025278,0.9738706516128797,140.0,mariana,152,mariana_10
6209.0996079295155,5640.288118942731,91.0,596.934528590983,0.9528875642851814,79.90982792965326,33.16627615810211,204.01599326197308,,,,,mariana,153,mariana_10
7061.096748898679,5644.815814977974,146.0,621.6593298452481,2.2782267810140726,129.5954132038583,63.194986616515074,343.0585374007292,58.717639011875306,21.29095260129244,2.7578681006650183,175.0,mariana,154,mariana_10
7317.744171806167,5648.669374449339,146.0,755.0571154042681,2.210527870415714,135.06356492958335,66.77502560584557,385.51613838322805,40.44156541322776,25.84489784898714,1.5647794643851787,175.0,mariana,155,mariana_10
7246.56518061674,5648.1519030837,136.0,850.8294855373367,1.8786528966183755,126.87811726208695,61.43446575949795,559.6711975745648,24.37761660458075,38.2980309764127,0.6365240192007426,175.0,mariana,156,mariana_10
7256.544453744494,5662.3270969162995,86.0,887.4926877227505,1.7963160473117294,66.41183703255615,25.915351869976394,225.97867032036805,,,,,mariana,157,mariana_10
7076.951832599119,5663.576876651982,71.0,1933.1587695510254,0.7311220258827433,51.82923794904776,18.620709142699948,506.6943175617105,,,,,mariana,158,mariana_10
7151.886171806167,5666.405911894273,66.0,1377.0139338088063,1.078769229155925,48.74615186141549,17.15866787514163,279.48651397627975,35.08391673550626,37.43778037143909,0.9371259830957134,105.0,mariana,159,mariana_10
6857.689925110132,5486.591696035242,151.0,412.7095900595038,3.3221865013536687,122.47934737602807,58.611153686594335,484.13742334247917,29.775749497297724,23.079837960570508,1.290119521123436,175.0,mariana,160,mariana_11
6910.533977973569,5417.429044052864,111.0,116.45366461884676,12.821450821729332,51.74798875050755,18.58179874301066,135.58450430581266,8.30827951039955,145.57152623169162,0.057073520663485346,175.0,mariana,161,mariana_11
7023.071405286343,5423.232889867842,116.0,45.29479737428221,35.320580025971566,35.86604150763195,11.397450487640732,246.5510397898142,53.07955526731501,16.516019176423626,3.2138225743334865,175.0,mariana,162,mariana_11
7145.860211453744,5379.81663876652,236.0,1008.8334263620769,1.7505799535763797,238.96848298109677,142.895083763336,610.6136878615555,51.71501588358387,32.07615641634444,1.6122572546513843,175.0,mariana,163,mariana_11
7834.888290748899,5514.417392070484,271.0,133.50300305351428,17.38141349335985,117.05574580897174,55.17640918880653,543.1232654641972,31.13514034906695,29.393349861226913,1.0592579782863625,175.0,mariana,166,mariana_11
7849.758123348018,5510.425405286343,256.0,186.556733659705,12.539524423325355,126.8404494309786,61.41014857888144,505.2965199640279,16.5557262374029,28.96780145279433,0.5715216691326045,175.0,mariana,167,mariana_11
7673.474947136564,5524.166740088106,251.0,90.67063211590678,23.704568468221748,98.42555201262604,43.78986410851366,314.55158314056575,15.896042196876884,21.186206640653346,0.7503014799437772,175.0,mariana,168,mariana_11
7111.121977973568,5424.691788546255,286.0,40.97171537780889,41.160839224728136,78.15729198945,32.19999392925994,388.5205344962719,10.932619740481716,112.92919964271015,0.09680950343286562,175.0,mariana,169,mariana_11
7304.317920704846,5275.579651982378,336.0,43.633324676291465,46.49515671274988,93.86936398177778,41.108183417428094,549.8410469571756,13.154647498136612,79.96311940718645,0.16450893356411975,175.0,mariana,170,mariana_11
7619.585885462555,4998.59813215859,351.0,42.645822055535405,61.45942619867407,93.64394712518046,40.976613806553395,489.09716235626706,10.366888480616003,72.87982937956545,0.1422463330234242,175.0,mariana,171,mariana_12
8079.87127753304,5657.957704845815,216.0,70.6658516907078,34.27275713434434,79.02060985714415,32.67510220625188,87.26483509228547,17.8997563024968,29.767404045737244,0.6013207021678494,140.0,mariana,175,mariana_12
7922.937779735683,5693.73681938326,206.0,72.32180306429224,30.823359843099045,77.56457381731424,31.87481449915537,91.9101588820679,34.28071528423803,54.698364515256635,0.6267228570367281,105.0,mariana,176,mariana_12
7812.505599118942,5708.767546255507,311.0,140.30155831379767,14.994402614960457,166.1424676173672,88.01107531771088,148.12033327700857,6.104606950861741,81.78004525430663,0.07464665655146804,105.0,mariana,177,mariana_12
8010.3605154185025,5730.092585903083,251.0,83.93731560923773,27.16631944880144,112.58735120342455,52.38608230549325,76.27862777160969,,,,,mariana,178,mariana_12
7945.000599118942,5747.605792951542,201.0,57.45671286946473,38.24435294722893,72.85627815662254,29.321471442852367,86.96512768902548,10.814188319206982,79.27285347216429,0.13641729602939365,105.0,mariana,179,mariana_12
7845.167845814978,5745.151348017622,161.0,52.7634443362753,39.80059535941966,52.58154830835544,18.98195525810963,110.00834505035864,14.516492587616742,108.5115005125925,0.1337783785040567,105.0,mariana,180,mariana_12
7860.901176211453,5543.565317180616,166.0,47.0324668821608,49.27098263497193,48.869558067112514,17.216611020887502,621.1053396321571,23.500282937562694,48.59260683700108,0.48361848575837857,175.0,mariana,187,mariana_12
7096.507696035243,5404.3119030837,141.0,47.38304733814441,35.71310601606849,39.964086815233664,13.166074560366267,751.4517387339012,14.09517402285249,51.363303519515604,0.27442109554921823,175.0,mariana,189,mariana_12
6942.560317180617,5367.956969162996,111.0,44.13360115927666,35.67810708070097,32.68235120958539,10.068872514295785,550.1632551669818,7.024764150936062,97.42611179337398,0.07210350512431947,105.0,mariana,190,mariana_13
6954.995563876652,5486.95495154185,91.0,46.45966852463292,31.598172327821214,24.65308678636518,6.913928085698944,476.4843822121032,3.8303077503688145,19.251838893335794,0.19895802014501127,175.0,mariana,191,mariana_13
8162.339599118944,5537.425123348018,66.0,51.419932853356954,51.04857844246597,13.19893679919174,3.0057190532391664,951.8349732177048,,,,,mariana,200,mariana_13
8583.506400881057,4839.648374449339,71.0,43.413911822901184,86.23636685180723,20.252712522383096,5.319539639048309,799.9376079856079,7.760981953523903,49.39090181815156,0.15713383776830894,175.0,mariana,201,mariana_13
8655.18120264317,5305.487753303964,36.0,680.4011897419205,4.923115214730535,14.086509797937664,3.278191506951481,762.8057539508271,3.4700086529390264,40.07888039990807,0.08657948072189625,175.0,mariana,202,mariana_13
8588.658960352423,5443.057255506608,36.0,581.1707901474153,5.412525471295495,13.180893426032469,3.0002417484016046,1058.5356363274766,3.7063597984668935,30.4190044534701,0.12184356013807954,175.0,mariana,204,mariana_13
8078.870383259912,5415.275788546255,66.0,641.6017659648669,4.151476407967853,49.41103742191174,17.47142848976953,364.06804104225387,13.601528638061374,22.439924443409463,0.6061307680586288,175.0,mariana,207,mariana_13
8570.133726872247,5436.802365638766,76.0,628.3654616549286,4.9864792902226265,47.63727761925835,16.640218747550676,541.8777634790847,20.450831410995228,99.87217429959043,0.204770062877054,175.0,mariana,208,mariana_13
8730.257766519824,5405.931726872247,81.0,556.0326273144348,5.978652827809115,46.435634808368164,16.08292245427678,587.4674591795306,28.978096443247093,84.13396842177518,0.344428023387366,175.0,mariana,209,mariana_13
5977.2676828193835,3479.061343612335,51.0,66.43044916860954,37.60634423630435,14.523203332478841,3.4143890809830744,51.908153016748976,3.6015745972829656,15.051963523111517,0.23927606466444942,140.0,middle_america,0,middle_america_01
6153.505621145374,3501.2827488986786,51.0,40.76595558392024,65.05974983922223,11.621100529358861,2.536448970329116,47.075249848447626,2.5462588563658857,13.9294932188577,0.1827962307285357,140.0,middle_america,1,middle_america_01
5979.463013215859,3515.9557092511013,51.0,50.7081359856383,48.582091533841414,11.690366357583926,2.556626466814559,49.87083982199404,,,,,middle_america,2,middle_america_01
6012.76236123348,3506.4266740088106,61.0,87.44665737651242,28.66130921886849,20.07972564319813,5.259044165126105,46.41508780577718,6.836531576350531,79.17349018819029,0.08634874577463411,70.0,middle_america,3,middle_america_01
6128.4874008810575,3528.9026651982376,61.0,73.80114379148695,35.22417949276668,18.926996023281784,4.860400308160449,45.41034549778037,16.233969358757104,46.112077812650796,0.3520546054054266,70.0,middle_america,4,middle_america_01
6097.329449339208,3516.8926431718064,61.0,67.95152071813209,37.974673397983885,17.404271353637718,4.3461453483509835,53.20818204341886,6.832313661489377,35.256320360682395,0.19378975433604032,70.0,middle_america,5,middle_america_01
6029.952224669603,3540.3034845814977,56.0,50.03854932771309,49.75461466284458,13.554731120490652,3.1142322275310836,129.98403308954087,13.961378416536643,29.843052615900103,0.46782675338977053,70.0,middle_america,6,middle_america_01
5994.529748898678,3549.323066079295,56.0,55.75231079109206,43.858391663472915,14.191356576170943,3.310764845365198,136.35262491016647,3.2979324820296476,23.543492780999667,0.14007830158026432,175.0,middle_america,7,middle_america_01
6174.8790704845815,3567.2818766519827,71.0,53.568531476247514,48.67778006923369,20.899914092236166,5.547395371933493,79.31280616827804,8.902714238663773,16.735205114537646,0.5319752090119353,70.0,middle_america,8,middle_america_01
6052.782022026432,3550.773253303965,71.0,52.75716571709459,47.425003498847104,20.747158931843757,5.49340093388643,68.24667486136305,7.793765395971573,27.261351740248713,0.28589064365670624,70.0,middle_america,9,middle_america_01
6174.3943039647575,3549.7107268722466,76.0,62.3520514863084,42.094582528192404,23.543101961114587,6.502015940156825,59.79896716886892,,,,,middle_america,10,middle_america_01
6200.611290748899,3575.042215859031,81.0,58.811286193059935,44.6439662324491,24.133286421081408,6.720244512409359,70.48761597442939,3.341082065127147,21.011050283928753,0.15901547138187203,70.0,middle_america,11,middle_america_01
5971.887872246696,3590.4452731277534,76.0,59.19187087896285,40.23259551955338,21.682204166562055,5.825962586266014,109.61674495465975,,,,,middle_america,12,middle_america_02
6145.719832599119,3596.049092511013,91.0,57.97201915986141,43.98105805245859,28.068812667352603,8.219811178691794,53.921117689736,,,,,middle_america,13,middle_america_02
6189.504052863436,3613.9938281938325,71.0,49.80366826952428,51.71326358395176,19.12552929324046,4.928495932958025,51.07185567642234,4.302752187462943,12.76105857395842,0.33717831185600844,70.0,middle_america,14,middle_america_02
6046.879872246695,3622.09140969163,61.0,47.49181586982478,51.056975147074155,16.59919063810137,4.0801769888712105,67.85793893556385,,,,,middle_america,15,middle_america_02
6104.130396475772,3633.345396475771,66.0,45.530141374819614,54.26701796639853,16.75162253376581,4.130211483055207,60.8306477557056,,,,,middle_america,16,middle_america_02
6297.930167400881,3628.905281938326,61.0,55.699946222944256,47.917907762056586,16.2064632959159,3.951974362317312,111.26955563868285,,,,,middle_america,17,middle_america_02
6355.567982378854,3627.377986784141,66.0,82.56637950244883,33.04238374063378,20.003621586067194,5.232484601496303,94.30534114535881,6.915016372856677,138.78614175011572,0.04982497737639508,105.0,middle_america,18,middle_america_02
6039.177339207048,3622.2790484581496,71.0,44.216134655800246,54.661003490314165,17.49269593584935,4.375611765448222,104.17263594165925,4.358524041702147,104.05666339867341,0.041886063797791466,140.0,middle_america,19,middle_america_02
6177.209066079296,3667.260189427313,116.0,37.45499244129739,67.01239842954942,40.23257187566698,13.284142112514763,126.12175720505809,29.066392288030265,21.65932887396236,1.3419802828227179,175.0,middle_america,20,middle_america_02
6245.108392070485,3653.740308370044,41.0,48.60358911984268,53.316393513879426,8.797124104055417,1.74991683883726,105.44197558681003,3.93464283604026,13.688205265562356,0.28744767920300557,105.0,middle_america,22,middle_america_02
6294.606837004406,3654.30577092511,61.0,78.19546432964778,33.765399166230495,19.32853259599761,4.998368803538014,108.67668772256022,,,,,middle_america,23,middle_america_02
6315.8929074889875,3697.8858590308373,56.0,141.25716446288794,18.533623115066643,23.33637678029059,6.426004461262578,117.13463012484733,2.247400974371124,11.91809674718874,0.18857045902914363,105.0,middle_america,24,middle_america_02
6241.244506607929,3706.389475770925,71.0,159.03286156641636,15.939190214334294,29.937229220873824,8.957330293537243,88.568533758935,1.900036390437095,36.71203032524292,0.05175514330327419,70.0,middle_america,25,middle_america_03
6318.112273127754,3716.1911938325993,76.0,170.69054852150367,15.243498259467854,36.9230517913235,11.847496011914403,133.95946126105025,15.31170602083676,14.340987455621805,1.067688404875804,140.0,middle_america,26,middle_america_03
6060.332951541851,3707.3291365638765,71.0,101.46494616327313,23.190312555743336,26.594840727308895,7.649381306984008,118.35752611525112,9.774776277726616,35.51630912114496,0.2752193715958823,175.0,middle_america,27,middle_america_03
6265.216414096916,3721.622061674009,96.0,112.37909496799429,22.634052651405728,51.02117115265808,18.234632554420173,118.90239940733876,3.069727972526179,36.972159425382884,0.0830280952001599,175.0,middle_america,28,middle_america_03
6140.821669603524,3746.7713876651983,106.0,108.30400876630016,22.104909219973933,52.98072914840119,19.174337167809536,134.86897116252416,3.2446734218931432,54.24095592571017,0.059819620921451544,175.0,middle_america,29,middle_america_03
6324.912841409691,3761.353876651983,71.0,46.650696008499274,54.95221259487007,22.50997682189407,6.124394845654124,90.31069385920966,5.5178080643089915,100.44171964527,0.054935420100295305,175.0,middle_america,30,middle_america_03
6486.909942731278,3755.925550660793,71.0,38.71349927058534,70.54346529055556,19.59899084759204,5.091839807617558,87.8945126321855,5.76667116264054,137.71594202091225,0.041873664573741705,140.0,middle_america,31,middle_america_03
6342.622770925111,3755.8729669603526,71.0,38.39600694496557,67.37028169810583,17.607112730895,4.413813496892955,84.38025159951081,,,,,middle_america,32,middle_america_03
6473.362841409691,3786.226568281938,66.0,45.044495771798296,59.65515269037888,18.130336099014855,4.589558663422004,73.66262197045718,,,,,middle_america,33,middle_america_03
6255.289876651982,3794.345378854626,71.0,50.50674454774287,48.72506671799212,19.667690320590257,5.115651299781753,101.22058384337073,9.675008427284043,12.656541556526467,0.7644275005200795,70.0,middle_america,34,middle_america_03
6463.02095154185,3797.8993303964758,66.0,43.28271650158694,61.57473089859457,17.84940638995852,4.494984052714532,78.44452840542989,,,,,middle_america,35,middle_america_03
6446.37763876652,3840.2653612334802,66.0,39.49320357396187,65.9888801538315,18.366328620922094,4.6693839496962655,81.36576432084914,6.381471655184087,26.536747820666,0.24047677953265975,105.0,middle_america,36,middle_america_03
6248.754105726872,3818.219925110132,66.0,51.270879875285026,47.40574350447946,19.04574169696453,4.901100844435625,105.24584102303457,7.287657646194742,56.62330170638897,0.12870421587182818,70.0,middle_america,37,middle_america_04
6313.5503612334805,3853.785607929515,71.0,44.48702578711219,55.29173303414127,24.49797186496916,6.855986608172497,78.32731612382523,,,,,middle_america,38,middle_america_04
6404.4347533039645,3841.811753303965,76.0,66.09699619008822,38.77064235461105,27.51211098477477,8.003163172432002,70.81973039524416,,,,,middle_america,39,middle_america_04
6325.690140969164,3830.322013215859,96.0,101.79633692865067,24.51333911457261,43.45174111492638,14.719939658237612,94.96181626957781,15.848270302822486,11.666341389610201,1.3584610439170435,175.0,middle_america,40,middle_america_04
6305.152889867842,3888.4085550660793,86.0,160.43233049334233,15.063948316215809,42.449048887639904,14.268787506943445,113.67246445620357,7.047481611208591,13.328517029734773,0.5287521181453471,70.0,middle_america,41,middle_america_04
6282.303955947136,3875.6052114537442,76.0,151.83429163697767,15.850824728366339,37.285400825294126,12.00277154879648,116.74158049743575,6.410757755285026,11.574750615814057,0.5538570953335529,140.0,middle_america,42,middle_america_04
6212.851881057269,3891.601405286344,86.0,137.77352970865266,16.848305190987222,42.4553901365339,14.271629633777584,76.6680139687212,9.071696897520814,19.816487214126116,0.4577853178263646,70.0,middle_america,43,middle_america_04
6213.808585903083,3892.4932511013217,71.0,145.2319535847278,15.983502786440967,31.967030187927694,9.776112113273625,90.97512233804864,17.619486208190562,24.93184095827633,0.7067061849815639,70.0,middle_america,44,middle_america_04
6098.761687224669,3903.5874317180615,71.0,167.05881085872403,13.140128582400793,35.71746551556787,11.33454168537651,91.8846759883905,24.772404956656686,6.517039820847223,3.8011744039698447,105.0,middle_america,45,middle_america_04
6244.851938325991,3935.0730925110133,76.0,406.475359783962,5.682457227032419,48.35664288814537,16.976101983948823,158.09293466417597,17.428967118998404,6.100841932745935,2.8568134220048185,70.0,middle_america,46,middle_america_04
6107.582220264318,3910.5209955947134,81.0,212.12408617987793,10.357434010612685,45.186629828652755,15.50873542469366,150.53416068816824,4.342359133783567,20.633141354340555,0.2104555510579136,70.0,middle_america,47,middle_america_04
6192.474431718062,3928.079938325991,96.0,244.0905426295133,9.276862876367256,59.352754122077584,22.309214888947047,109.99873162971343,5.493220248732549,29.912042268225797,0.18364577715804273,70.0,middle_america,48,middle_america_04
6367.161480176211,3984.422321585903,96.0,328.6626348721989,7.249802398489383,70.29389272964457,27.954597550631618,97.65362001520293,13.131654825333142,14.579070249692556,0.9007196344094757,175.0,middle_america,49,middle_america_05
6373.0524537444935,4013.950052863436,101.0,356.73301612716676,6.613075589392864,79.15867765741412,32.751245931723204,101.09168022710695,2.646923763732606,42.322794352199885,0.06254132800650065,70.0,middle_america,50,middle_america_05
6234.447242290749,4001.360922907489,111.0,344.13421176118055,6.488998312475132,80.03965865862122,33.23814328644308,92.87117132663289,9.248589215746682,27.1194611529046,0.3410314520484535,105.0,middle_america,51,middle_america_05
6099.803506607929,4037.7590704845816,121.0,353.3953761694265,5.834950243193766,95.80378560616549,42.24156619034925,102.55624493767793,30.03099064293577,77.90209570643295,0.3854965693876178,175.0,middle_america,52,middle_america_05
5636.98150660793,4067.5313303964754,151.0,437.19986445416816,3.5897773622845683,177.105214816613,95.83811223602304,93.28143653166175,,,,,middle_america,53,middle_america_05
5528.601889867841,4028.712052863436,96.0,377.83387829766673,3.9697071203942054,180.84643524806353,98.54692000584497,169.2047037488838,10.060596830761895,45.1338299142701,0.2229058967491036,70.0,middle_america,54,middle_america_05
5453.963462555065,4049.8795859030843,56.0,660.5367658336309,2.1256710440333415,39.23873027393906,12.848419643263082,151.82504467663193,23.729777884980706,68.72626233798991,0.34527962205015134,105.0,middle_america,55,middle_america_05
5371.422255506608,4039.713524229075,61.0,724.5021679896881,1.8381017892226477,46.0109894137308,15.887121432101441,169.9241696815058,36.5581986401759,85.93076568281867,0.4254378318368166,105.0,middle_america,56,middle_america_05
5178.2522643171815,4027.846603524229,81.0,688.9699742383102,1.6697471643300301,69.26105293686943,27.408287720973803,158.14823333977733,41.60484435297598,24.37626749241639,1.7067766574976875,140.0,middle_america,57,middle_america_05
5159.39463876652,4031.286022026431,81.0,681.3854383166752,1.6556101045056357,63.8822920908911,24.607666869010387,261.6901435809243,,,,,middle_america,58,middle_america_05
4999.412810572688,4035.258814977973,81.0,702.0830717204933,1.3732762324435512,79.83989752152281,33.12758266334113,233.7946846728085,94.78385388011323,28.58404810039205,3.3159702764008854,175.0,middle_america,59,middle_america_05
5195.153088105727,3982.7577577092516,101.0,643.4076880429445,1.8843345408013736,97.53366647747517,43.26159419532969,222.91101075497187,,,,,middle_america,60,middle_america_05
5292.480669603525,4004.929678414097,91.0,691.7846227761304,1.8612020978761976,132.566348018471,65.13396378770894,308.4338118566585,6.578082158135566,19.50229004562013,0.3372979348962604,175.0,middle_america,63,middle_america_06
5306.662004405286,3997.3787753303964,106.0,723.4264420880822,1.8098360149731372,154.9736941638301,80.21220086449658,301.745496797089,9.26084829514232,22.626289049519762,0.4092959422057273,175.0,middle_america,64,middle_america_06
5338.797515418502,3956.8065154185024,96.0,525.505585272108,2.6298312305936804,100.65903038855316,45.11975943657331,216.78514453704116,34.75413126003412,23.901575649875056,1.4540518905169248,175.0,middle_america,66,middle_america_06
5284.325229074891,4041.022167400881,111.0,771.300968637823,1.6119557892812957,123.24421619763892,59.09968708622673,171.4041852766152,63.397512074085434,33.43304110162591,1.896253226901405,175.0,middle_america,68,middle_america_06
5197.112281938326,3973.5169801762113,116.0,749.1373673375347,1.633339031145681,156.43268839678822,81.22065058195673,185.34591559409955,3.4702240724501685,69.0597388510196,0.050249597380267734,140.0,middle_america,69,middle_america_06
5124.596563876652,3895.748475770925,111.0,671.0516585737835,1.831227257104846,154.57341974485394,79.93608464497119,178.81536347849072,1.8891979512601826,56.320146616445896,0.0335439103901147,175.0,middle_america,70,middle_america_06
5156.677171806167,3859.7218546255503,106.0,457.12226716722273,2.83721754623292,96.04599947099065,42.38402126875205,251.5816063128114,,,,,middle_america,71,middle_america_06
4881.251563876652,3776.1200704845814,91.0,413.0038967297731,2.6758379331107225,70.55585942623553,28.093589585678092,176.0530265267023,,,,,middle_america,72,middle_america_06
4931.390960352423,3840.9529118942733,86.0,389.26613289721644,2.8012661680641853,71.3462106979136,28.513968661511136,185.96494010334436,,,,,middle_america,73,middle_america_06
4652.1576916299555,3665.5277488986785,126.0,451.9910176966425,2.182852986236691,137.14264982588992,68.14905435758853,167.77753150150724,,,,,middle_america,74,middle_america_06
4891.044242290749,3617.9743876651983,91.0,301.81957309460915,4.217983086956693,71.34568318180423,28.513687561615694,166.56575939452355,2.9137834445085256,22.413611857525506,0.13000062029405604,70.0,middle_america,75,middle_america_06
4989.880563876652,3587.75654185022,101.0,386.31613057832874,3.629473146584387,77.87171915893968,32.04321880960113,147.2630272402479,,,,,middle_america,76,middle_america_06
4933.061220264317,3542.4719867841413,106.0,343.0713798343164,4.053352495191379,87.6880067624387,37.53905908702672,175.94037658013343,,,,,middle_america,77,middle_america_07
5139.844762114538,3544.5656872246695,136.0,248.5270590548172,6.418935149182288,108.68454368087868,49.978916139204394,140.3083694714075,4.7942903492581,57.50003915081216,0.083378905824456,105.0,middle_america,78,middle_america_07
5241.158524229075,3490.452682819383,66.0,291.5390862941094,6.0050467457511045,32.919069386733,10.16622812896039,119.9630001104884,22.247527145341948,34.403383924731216,0.6466668277171738,105.0,middle_america,79,middle_america_07
4903.634286343612,3472.924052863436,91.0,242.16809848198636,5.907921986622029,51.428912905543136,18.42918986778476,160.93084738596568,,,,,middle_america,80,middle_america_07
5168.354185022026,3495.799973568282,121.0,190.1285552416435,8.796964818504064,76.27328320593038,31.169251511516425,149.65141916654764,,,,,middle_america,81,middle_america_07
4965.406167400881,3443.1502114537448,141.0,241.57094589974164,6.301486092532471,90.44435731447602,39.120562253884984,202.28414851365923,20.969840777475415,100.18261396796302,0.20931616721621252,140.0,middle_america,82,middle_america_07
5107.016788546256,3446.368682819383,91.0,145.2890620866301,11.429959570781001,42.05324443539632,14.091669923838474,173.32622384396794,37.74263724527243,14.703438451821588,2.5669259179710133,140.0,middle_america,83,middle_america_07
5224.124753303965,3445.2055770925112,106.0,232.74631285469775,7.6431680244147335,57.98422645678595,21.626003832632406,137.7313793590688,,,,,middle_america,84,middle_america_07
5041.571374449339,3411.534321585903,131.0,135.34321372247732,12.043729478788968,66.36412738740411,25.890531712697886,148.15335946834003,19.552811860042357,10.041715070259924,1.9471586002226853,140.0,middle_america,85,middle_america_07
5090.992013215859,3424.3598149779737,191.0,276.50347455535575,6.0275271438016835,165.9115005808486,87.84797877973787,176.2852921459338,10.82489792283602,16.994206171469948,0.6369757912557853,175.0,middle_america,86,middle_america_07
5204.957669603525,3406.1498105726873,31.0,187.79076654034154,9.578787563255483,9.141690955944284,1.8418962590080683,172.26980328962077,2.374890471894345,24.718408339271917,0.09607780724785525,70.0,middle_america,87,middle_america_07
5237.937938325991,3379.1843171806167,101.0,33.63511451987293,55.26229500563022,26.28965285458996,7.532565563811309,180.4192477814279,1.7017854828041143,4.447822070908709,0.3826109623257552,70.0,middle_america,88,middle_america_08
5317.299674008811,3380.126246696035,121.0,159.66177469749854,12.132981929976793,60.57736799295412,22.92505141754311,169.90705033302712,10.292977115388506,148.90108197579454,0.06912627483164789,105.0,middle_america,89,middle_america_08
4865.492955947137,3344.895894273128,66.0,38.536698837588965,39.45841516115562,15.295132806970082,3.658480868450267,94.4153793222236,3.4398574929319996,16.37793354752152,0.21003000671306027,175.0,middle_america,90,middle_america_08
4827.171709251102,3387.638061674009,86.0,31.253312816280033,46.06019387574271,21.78710026504278,5.863573336386822,137.4924741112765,,,,,middle_america,91,middle_america_08
4705.070572687225,3380.8194405286345,71.0,170.5632798093707,7.763987264073684,43.264974454671076,14.635640078734358,242.51618530545346,3.1577590054644062,5.402030670472106,0.5845503659808796,70.0,middle_america,92,middle_america_08
4782.592422907489,3357.4986784140965,86.0,74.14289854310923,19.22090682312338,35.75991622310396,11.352506924242045,181.69234884729613,,,,,middle_america,93,middle_america_08
4920.012440528634,3315.434515418502,101.0,40.134822485484456,39.979694084618394,35.399060408323045,11.200019141806917,153.60496273273756,,,,,middle_america,94,middle_america_08
5017.693969162996,3320.3965594713654,86.0,154.59984429845625,10.9786488944645,41.982113726255506,14.059898525083574,164.76588388317373,18.363187051493156,36.51466182334264,0.5028990037025117,105.0,middle_america,95,middle_america_08
5041.1566035242295,3349.7439295154186,96.0,67.090788118178,25.210803471699403,37.01943732399941,11.888750230922899,162.35410795491924,25.48247899633698,16.078881491490083,1.5848415208373698,175.0,middle_america,96,middle_america_08
5168.747995594714,3345.849863436123,116.0,109.54409137320583,16.640770938052313,59.54816208940575,22.407200539574788,115.78043090140795,19.355500460059645,20.802307533819466,0.9304496834590266,140.0,middle_america,97,middle_america_08
5178.297273127753,3344.6132246696034,181.0,192.9463106404902,9.50359736017335,127.20750218160967,61.64720890189882,223.00441606792447,,,,,middle_america,98,middle_america_08
5325.904295154185,3314.0545947136566,91.0,59.53696172497588,33.791608475656446,31.828389611731787,9.719621194893818,128.4283438698528,,,,,middle_america,99,middle_america_09
5292.207669603524,3297.3059427312774,91.0,62.339577962191775,32.000565163949794,31.143203775905036,9.44164140456124,118.15566266254976,,,,,middle_america,100,middle_america_09
5204.607933920705,3267.6691497797356,101.0,23.70305603110107,81.71683776132026,24.23845698652147,6.759321094437163,129.2610139601581,1.7098766848800688,76.64728718803539,0.022308378386377906,70.0,middle_america,101,middle_america_09
5161.479110132159,3261.3159427312776,86.0,36.743508446328335,51.714255054779855,25.216877854186766,7.125546933385425,124.94673495623333,22.848404743861487,133.3236318198545,0.1713755050922556,140.0,middle_america,102,middle_america_09
5217.627814977974,3252.8740440528636,81.0,37.367812255176474,52.578774414414305,21.04295082251533,5.59807404953887,104.78991246546035,,,,,middle_america,103,middle_america_09
5109.746841409692,3272.7383524229076,86.0,47.07063198488016,39.026637449373126,24.291310904161467,6.778980562341994,113.28244108581178,,,,,middle_america,104,middle_america_09
5117.716779735683,3251.79104845815,86.0,42.43781345959613,43.96847007808331,25.50720232209925,7.235139145999183,113.44286718940279,,,,,middle_america,105,middle_america_09
5229.233273127753,3261.636471365639,81.0,80.17612099145627,24.540932854207114,29.32532851045449,8.714055061038787,121.6096121609311,28.183849519841058,26.90414883132914,1.047565180245425,105.0,middle_america,106,middle_america_09
5267.63945814978,3321.983281938326,86.0,64.20898893949942,30.30192825563315,29.082620450101807,8.61802664536698,103.56647938820184,13.464257993809001,35.614851497236415,0.3780517797428912,175.0,middle_america,107,middle_america_09
5414.672475770924,3255.066061674009,91.0,42.24187364597387,51.124778038882056,27.84301474334787,8.131764542609542,120.55703416678838,10.928666665762446,39.61086093869503,0.2759007607200594,140.0,middle_america,108,middle_america_09
5406.866621145375,3223.312550660793,106.0,34.70320594783945,62.9208169921409,30.766148613956716,9.289534741891087,149.99544254019432,21.35990672395344,92.53911315537503,0.23082030933330566,175.0,middle_america,109,middle_america_09
5416.889625550661,3207.3309162995592,71.0,281.2698958969798,7.855653027512025,37.40369166932636,12.053571349412698,230.5024837129923,,,,,middle_america,110,middle_america_10
5451.182026431718,3179.8731982378854,141.0,12.792838193033134,177.54534169210143,35.63890284595721,11.30131255446717,188.78760410288626,55.8556571066745,143.21214148501556,0.39002040279188716,105.0,middle_america,111,middle_america_10
5470.437559471366,3212.06540969163,76.0,33.72745944129727,66.95945046529336,18.529791399919397,4.724876836556604,227.37021749366937,3.738996792827807,84.02718598621297,0.04449746530178096,140.0,middle_america,112,middle_america_10
5482.233577092511,3156.087,71.0,44.04525455730922,52.81264918257787,18.50452583579779,4.7162888973242545,212.3801459413691,,,,,middle_america,113,middle_america_10
4809.8088722466955,3090.7554889867843,96.0,40.89773891939089,42.032968782165476,19.927881517458676,5.206085485820364,233.66017397742493,9.596481304064927,64.4059891443659,0.14899982799044406,70.0,middle_america,136,middle_america_10
4565.036022026431,3142.8893568281937,351.0,23.72963789683108,59.93124174002481,90.25872486953199,39.013541605505544,236.53661003012064,12.763061729481642,56.6134949187602,0.22544203900141666,70.0,middle_america,142,middle_america_10
4706.417740088106,3154.9618546255506,16.0,60.13551242990978,25.79932926107242,60.95559058476541,23.116097083887745,216.0806070954424,22.752342003269774,57.7150322239889,0.3942186485310997,70.0,middle_america,143,middle_america_10
4689.3061850220265,3223.026015418502,281.0,20.54585773211791,71.36621837458705,72.03634101505276,28.882313587587145,161.8431621135177,,,,,middle_america,144,middle_america_10
4563.856533039648,3304.4716453744495,296.0,193.08154113836912,6.522554565496647,204.00245490139005,115.7205022897072,244.9513199183275,,,,,middle_america,154,middle_america_10
4752.482770925109,3280.3642907488984,141.0,214.6271065002932,6.858958796866602,71.07018855873169,28.366978235941286,326.9499072596371,1.8264477084444268,11.510272163677914,0.15867980204742754,70.0,middle_america,156,middle_america_10
4782.230339207048,3289.8356696035244,176.0,318.660035461184,4.683344327893645,122.80387349391385,58.81830964521862,270.8453984363843,7.165650450435494,10.05877942331299,0.7123777298295099,70.0,middle_america,157,middle_america_10
4820.378162995595,3347.2775682819383,191.0,983.7161324735457,1.4974854493943874,213.44248727299245,122.91482941676671,259.38654764342175,,,,,middle_america,158,middle_america_11
4652.897779735683,3578.3505286343616,171.0,1543.9441781384396,0.6959754544992175,236.90075122652917,141.2488874445002,362.5049397781632,25.11494730649854,62.92949072698954,0.3990966241162842,175.0,middle_america,160,middle_america_11
4608.717621145375,3466.043817180617,146.0,602.2474017524052,1.8973494956388903,129.727016810906,63.28056675917255,277.6768303742834,2.3340525884986136,29.490667466628736,0.07914546495564395,175.0,middle_america,164,middle_america_11
4539.271515418502,3465.6554933920706,151.0,708.5791359515656,1.5151674210455686,166.91436569802013,88.55669644780477,227.3401316798057,,,,,middle_america,165,middle_america_11
4454.1509867841405,3576.7599185022027,141.0,838.6266775184266,1.0462236556535722,165.16700918824432,87.32277426153446,245.10436917126108,9.089436912496385,65.7451064324671,0.13825267621755225,105.0,middle_america,166,middle_america_11
4099.768973568282,3559.391480176211,146.0,577.1399565206739,0.9363023427623546,142.97615860311615,72.04125744194594,267.5601593086677,2.61859473968428,56.66627543863756,0.04621081444676716,175.0,middle_america,168,middle_america_11
4218.215343612334,3617.095922907489,141.0,1010.7505734258019,0.5947257775649168,184.5634152529984,101.25674036060411,288.2302401668413,,,,,middle_america,169,middle_america_11
4220.4937356828195,3633.6344405286345,146.0,1070.8912684510817,0.5480101598017584,168.7301830595938,89.84353308204459,245.8848906869026,4.127942151284928,122.46133631081659,0.033708125973800275,140.0,middle_america,170,middle_america_11
4294.621995594714,3575.0404625550664,151.0,878.8858381216555,0.8187428922253752,198.1540223577997,111.3184050762744,332.3268237134032,20.81392582494484,79.91484803122917,0.2604512970707416,175.0,middle_america,171,middle_america_11
4898.52132599119,3819.73086784141,116.0,1348.0447622863812,0.8002630834899526,205.4590218770652,116.8234623719875,364.65017864137894,,,,,middle_america,175,middle_america_11
4972.003370044053,3831.094524229075,116.0,1024.128206324314,1.1140293166124187,154.28938129624277,79.74029449299861,361.06034763528675,11.567261552329066,46.876951167877586,0.24675797517001336,175.0,middle_america,176,middle_america_11
5874.105471365639,1689.9193876651982,231.0,3081.262288750854,1.3579454430011255,196.84601812998196,110.33974198922013,701.1184470177847,24.996911976907104,119.465288858501,0.20923995761241032,105.0,new_britain,0,new_britain_01
5943.455303964758,1612.6123788546256,236.0,3013.9799258152184,1.436918304603084,191.684248169014,106.49887487321759,708.0651517980857,19.992704260943835,132.226403329952,0.15120054510637268,105.0,new_britain,1,new_britain_01
6049.3880969163,1698.5155859030835,226.0,3162.7566945867366,1.3756583041812913,189.0320686964135,104.53870151499338,607.400366143757,13.96655858158841,134.83450054802432,0.10358297412622453,105.0,new_britain,2,new_britain_01
6118.063775330396,1711.1682511013216,221.0,3091.606014527239,1.425438915412049,188.82922340913493,104.38915800293938,593.0665466643834,14.590973497310136,140.20947271618488,0.10406553291050105,105.0,new_britain,3,new_britain_01
6203.315127753304,1461.4141585903085,256.0,2742.0262299697843,1.7293419433173145,199.40280480540972,112.25476946615554,664.5625552618866,25.609391129458892,121.16445242453847,0.21136059807152174,105.0,new_britain,4,new_britain_01
6324.209105726873,492.7226387665198,231.0,275.43472989599763,21.171935976128662,60.684606287177466,22.979178749399956,585.5949450144707,30.412017418887995,13.8148373382657,2.2014024974908524,140.0,new_britain,10,new_britain_01
6447.398942731277,794.7937488986784,216.0,263.52923079760467,21.44963265260659,57.642344723074004,21.456158547282094,508.095760858595,26.55215340237671,26.807680755920074,0.990468129045929,140.0,new_britain,11,new_britain_01
6417.853563876652,1025.4792026431717,206.0,255.54246122374127,21.101676548822798,54.542208110184525,19.931504104509308,559.7873764660532,22.847137892354226,24.666144291021094,0.9262549356232779,140.0,new_britain,12,new_britain_01
6411.2475506607925,1066.5737092511013,206.0,247.2027216830353,21.62061082912615,54.78600666593902,20.050381785376512,470.5298825708168,29.715239241870346,13.06578371688744,2.27427913133627,105.0,new_britain,13,new_britain_01
6515.6431938325995,896.2148920704847,226.0,245.75176385781253,22.866278611995693,60.28952282016062,22.77992276394526,472.2238166887753,31.241808074597486,56.3642527214938,0.55428408195118,140.0,new_britain,14,new_britain_01
6373.3140792951535,1003.6800088105728,231.0,245.94031749139708,21.833077737131934,61.32774983131443,23.30446616505994,512.0394800999817,30.964142242515567,53.43159771214192,0.5795099448332461,140.0,new_britain,15,new_britain_02
6392.234995594714,1089.227755506608,221.0,241.0166957296692,22.002655144007537,58.53063877571516,21.898152219185786,521.6593831227391,27.94717432857671,18.618784682522413,1.501020330011707,140.0,new_britain,16,new_britain_02
6440.785753303965,1072.8813480176211,261.0,241.29246714709848,22.24646491767156,70.68197869207003,28.160566268076817,684.3566633948005,71.95029100026346,25.732181437301467,2.7961209264584173,140.0,new_britain,17,new_britain_02
6535.944568281939,1087.5071365638767,241.0,224.23427815506875,24.297968520005696,63.488823962925814,24.405787666610113,644.615474157324,46.79832617413368,22.16800857732319,2.111074885725465,140.0,new_britain,18,new_britain_02
6519.086929515418,883.3366784140969,221.0,223.21450279318037,25.248136570781565,56.87105289678432,21.074218419240765,551.998235693463,40.42234012741857,22.612721451148936,1.7875928916713713,105.0,new_britain,19,new_britain_02
6535.123466960352,696.5961718061674,226.0,218.245508920465,26.7521074043357,58.89586662460521,22.08053239578981,554.8357333166192,48.1189613463459,23.071877876524212,2.085610959102174,105.0,new_britain,20,new_britain_02
6591.974925110133,946.986973568282,246.0,226.04037528175536,24.973361261259065,65.62322890853522,25.50585653514102,604.5212697260963,50.37454750899698,21.890621999325326,2.3011930638859663,140.0,new_britain,21,new_britain_02
6545.146330396476,882.474167400881,226.0,218.2347090888013,25.947623944142688,59.39633038447953,22.33105652948061,566.0977920235208,58.86978794102838,22.418776690652482,2.625914373176934,105.0,new_britain,22,new_britain_02
6579.466145374449,678.0210044052864,231.0,227.06336117736737,25.990301166903503,61.066520949392576,23.172204697278772,559.2756956501152,66.22129161932727,22.371880197127744,2.9600235221994984,105.0,new_britain,23,new_britain_02
6568.973572687225,421.1670396475771,241.0,238.18629287244568,25.810916568284394,65.78778020258264,25.591167276649312,505.47561523228427,,,,,new_britain,24,new_britain_03
6584.716317180617,-2.909,256.0,245.776661883196,26.8032988433676,69.12562512841295,27.33685490242084,541.6849488475358,,,,,new_britain,25,new_britain_03
6680.956061674009,3.157,261.0,239.7845176857761,27.84916693589401,70.54001872509954,28.085180069075708,537.9929995106331,,,,,new_britain,26,new_britain_03
6716.567585903084,309.4322775330396,261.0,228.8064912855648,28.002419303626926,67.97194450563858,26.73023093112897,569.4810215667081,,,,,new_britain,27,new_britain_03
6701.596127753304,579.7455682819383,261.0,228.2072620055203,26.825835890022113,67.83212536349666,26.656943516513035,641.4099274417185,,,,,new_britain,28,new_britain_03
6700.617030837005,806.2377488986784,276.0,227.08477177442973,25.956735169337527,73.65512732622463,29.75092213926764,752.2870902285147,,,,,new_britain,29,new_britain_03
6780.477837004405,1331.2615286343612,261.0,199.24335128886287,27.34955155652734,68.68260795490853,27.103506961079148,915.8488501700805,,,,,new_britain,30,new_britain_03
6856.143656387665,1285.4094889867843,266.0,199.52246359873013,27.92033572021479,70.36765017138795,27.99371370542265,922.6835890097243,,,,,new_britain,31,new_britain_03
7016.65354185022,1331.5997599118941,296.0,195.98680461609064,29.00732931012632,77.33903933374899,31.7512979094953,892.3313123296676,,,,,new_britain,32,new_britain_03
7247.301841409691,1264.7512841409691,306.0,203.33400168610035,29.42228307936597,81.93266183234999,34.29039894438666,895.7590412345879,83.7599314029033,23.61676017119029,3.54663090092606,175.0,new_britain,33,new_britain_04
7101.472603524229,1323.7257753303966,316.0,193.18425354527582,29.907959485112617,84.96779262448122,35.99445203246022,935.7420721632539,,,,,new_britain,34,new_britain_04
7265.195431718062,1313.1857753303964,331.0,175.20536348798123,33.97161786543117,87.6848098155239,37.53723428940113,918.1587442158284,,,,,new_britain,35,new_britain_04
7381.648167400881,1450.7618986784141,331.0,165.75876258438456,35.78022770110369,89.44149721057529,38.54326780389095,944.0888872577107,,,,,new_britain,36,new_britain_04
7540.145317180617,1339.5217400881056,356.0,163.2453687635337,37.98345780990773,97.92497880821247,43.49317378862271,939.9430195236047,,,,,new_britain,37,new_britain_04
7319.678920704845,1342.2372775330398,376.0,174.31942886502935,34.29016307642891,101.60539466553693,45.68624608395667,934.6910444648086,,,,,new_britain,38,new_britain_04
7606.511784140969,1250.108715859031,396.0,178.0459415152139,35.700915247982714,107.37359663853374,49.176745755450106,1005.1892415342791,,,,,new_britain,39,new_britain_04
7519.792885462555,1221.4808370044054,406.0,178.9508030472586,35.19577415249065,109.89255725085344,50.72096311362644,1052.1721109516218,,,,,new_britain,40,new_britain_04
8607.992766519825,2502.828211453744,391.0,136.81858422429042,44.62233394447145,123.00512410637334,58.94686642398009,728.7509080384525,,,,,new_britain,71,new_britain_04
6690.876696035242,4396.648691629956,61.0,2805.5377828454143,0.8177498155374863,58.34415413121806,21.805175294477575,476.358354749809,31.231710122990755,84.87737731940446,0.3679627140864853,175.0,new_hebrides,0,new_hebrides_01
6350.795801762115,4413.744462555066,66.0,2574.2785038914353,0.7524637820961814,59.800400297958305,22.5338417507604,476.03284504782704,33.91582754795419,88.00046147486557,0.38540511014980444,175.0,new_hebrides,1,new_hebrides_01
6291.101797356828,4393.235259911894,51.0,2347.031743122234,0.8086241453727507,48.38800416843538,16.990783174890584,369.9291256860672,16.41180004445658,109.60507831594761,0.14973576312903975,140.0,new_hebrides,2,new_hebrides_01
5870.521563876652,4479.325933920705,51.0,2141.907092194441,0.6495125932519463,45.089440655437514,15.464275648254743,458.4199061124012,21.139143048169224,80.99937254466543,0.2609790963073508,175.0,new_hebrides,3,new_hebrides_01
4794.57167400881,4439.809744493392,151.0,1128.5653095846592,0.3143477178524826,137.72666453502333,68.53627424635894,479.71000913595765,,,,,new_hebrides,11,new_hebrides_01
5292.692185022026,4310.512687224669,136.0,638.2766048934202,1.5387991511319168,92.86821010052886,40.52464498128878,422.74096781013117,22.687457338034342,19.232032833044325,1.1796702686079514,105.0,new_hebrides,12,new_hebrides_01
5292.692185022026,4310.512687224669,136.0,638.2766048934202,1.5387991511319168,92.86821010052886,40.52464498128878,422.74096781013117,22.687457338034342,19.232032833044325,1.1796702686079514,105.0,new_hebrides,13,new_hebrides_01
5484.434484581498,4332.455678414097,116.0,857.5444942004494,1.343345813492131,80.33387001417304,33.401146235523946,568.3929862633138,,,,,new_hebrides,14,new_hebrides_01
5494.114643171806,4390.5160220264315,111.0,980.1204580111888,1.125982640322335,76.72333177600584,31.41471018207641,573.4236207860101,,,,,new_hebrides,15,new_hebrides_01
5489.466202643172,4337.762048458149,96.0,711.0599004898465,1.6197006094586663,62.13138701190037,23.712527652696906,396.56070684040526,6.18332220674748,32.66379597432491,0.189302009221703,175.0,new_hebrides,16,new_hebrides_01
5473.111524229075,4330.545788546256,91.0,1109.153134486165,1.0301244257062245,68.88888176544636,27.21209418373944,403.49974495569114,13.350539418531907,33.63368644229632,0.39693952197112786,175.0,new_hebrides,17,new_hebrides_01
5474.746550660793,4283.184422907489,86.0,827.9782513712836,1.4391224960074247,59.968052174850534,22.61811331543848,454.32502380813577,13.117428706169013,33.668623367621954,0.38960395151717514,175.0,new_hebrides,20,new_hebrides_04
6304.245286343613,1408.242475770925,416.0,180.9199967533492,27.061700743049855,112.92628941765163,52.59646174607058,793.4742484595406,,,,,new_hebrides,98,new_hebrides_04
6224.44760352423,1898.4704581497795,366.0,160.81857602291836,26.899735418363317,98.40263832243797,43.77627213061467,902.6019351392041,,,,,new_hebrides,99,new_hebrides_04
5968.89281938326,1602.9126828193832,406.0,164.1124592558599,26.60358729837255,112.5332523702348,52.35252259784968,733.8460977609838,,,,,new_hebrides,100,new_hebrides_04
5804.324502202643,1885.8794801762115,391.0,160.23131416410502,24.454926569554658,113.27005815007368,52.81005460145164,786.22879197116,,,,,new_hebrides,101,new_hebrides_04
6093.631828193832,1815.9496343612334,391.0,164.22783512689148,26.047242177475123,113.42489285857847,52.90632825478301,727.5056009120763,,,,,new_hebrides,102,new_hebrides_04
6161.364290748899,1794.3734933920705,361.0,164.22861372624948,26.590925285627197,103.1749816391532,46.629667526647346,735.1094916238156,,,,,new_hebrides,103,new_hebrides_04
6009.480281938327,1734.7045088105726,351.0,172.50285184002087,24.780899141842482,102.72573216915535,46.35914798834944,734.5319428677316,126.7445231411211,119.1817036501239,1.063456212315936,140.0,new_hebrides,104,new_hebrides_04
6025.294581497797,1406.9744317180616,326.0,183.50069881784293,25.167861373455796,93.08543478580005,40.65108054323418,626.2039130873449,127.56762628714631,85.17258025608811,1.4977546283509218,140.0,new_hebrides,105,new_hebrides_04
6012.175471365639,1434.776629955947,306.0,183.28085899216956,24.97477841701547,87.1118645742083,37.210559322553515,654.6347114582638,106.11567948530221,85.00605507735513,1.2483308323005629,140.0,new_hebrides,106,new_hebrides_04
6395.2108325991185,1403.0971850220265,321.0,189.6647069851748,26.32073055092586,92.07798458862894,40.06552688659861,636.6670990872216,86.17927395133275,89.9966784629594,0.9575828288685364,140.0,new_hebrides,107,new_hebrides_04
6144.22050660793,1395.5266343612334,306.0,190.02183477319375,24.990253766966532,84.80760929929258,35.90400366423635,706.3412249592677,71.6125236696963,106.12032010287224,0.6748238565458119,175.0,new_hebrides,108,new_hebrides_05
6158.533938325992,1384.9940792951538,286.0,183.76050678907586,25.976962854755328,76.93107996344084,31.528179231156006,745.5451434489652,56.15922259231705,81.04293441679657,0.6929564310134081,140.0,new_hebrides,109,new_hebrides_05
5560.526158590308,1390.567127753304,271.0,186.22607926428122,22.391917648221767,76.48805358011917,31.286328267958858,772.8652569037722,103.46969905484607,89.15736255932099,1.1605289354090342,140.0,new_hebrides,110,new_hebrides_05
5617.846585903084,1462.7870440528636,281.0,2101.888796469727,1.976821775171427,220.9903739607307,128.74417669450065,672.8085766364687,75.57233370680984,94.78620564080812,0.7972925300247891,140.0,new_hebrides,111,new_hebrides_05
5705.730118942732,1461.6424713656386,276.0,2092.880816134889,2.0278687705757803,219.3115133840434,127.44174056158295,657.7746475840793,,,,,new_hebrides,112,new_hebrides_05
5894.89896475771,1439.1026123348015,286.0,203.42118582076557,21.904288555022543,89.0873109710562,38.339894982813476,572.2630285600723,36.10090583267171,71.83514164267223,0.5025521632886527,175.0,new_hebrides,113,new_hebrides_05
6178.270616740088,1441.3670616740085,276.0,189.31675010457752,25.02104833539262,83.3166600042184,35.064871691641834,636.4190671103879,30.929242390475103,71.34242032069216,0.43353228347797423,175.0,new_hebrides,114,new_hebrides_05
6584.584823788547,1444.882784140969,271.0,178.81550936364158,28.743043922411736,78.6975972222832,32.49713557624494,606.3756435535861,94.22809293429806,85.10290174453837,1.1072253824805136,105.0,new_hebrides,115,new_hebrides_05
6586.4463348017625,1465.766074889868,266.0,181.39419410821984,28.229570880625293,77.75467417671227,31.979018212817703,733.4062707811067,89.96728845275477,82.68818951239115,1.0880306968055313,105.0,new_hebrides,116,new_hebrides_05
6273.586215859031,1497.1474096916297,261.0,1909.0079922447176,2.502052807307003,200.0541489530619,112.7439385386165,754.6760030918382,127.3874602533291,102.1965943416601,1.246494181865315,140.0,new_hebrides,117,new_hebrides_05
6408.406061674009,1502.7990792951543,261.0,1985.5943074141658,2.4705988348482997,197.80677281855392,111.05837859146078,739.2955026899989,,,,,new_hebrides,118,new_hebrides_05
6693.808013215859,1519.9934008810574,241.0,2098.188907197764,2.465847853158603,189.2818063533638,104.72288893830088,754.6211407071689,81.65402505642135,74.56992957872018,1.0949993585581008,105.0,new_hebrides,119,new_hebrides_06
6902.7069559471365,1492.5344757709254,231.0,2067.246486915866,2.6170911472911342,182.35981596349484,99.64801353686356,709.0096720758506,104.59047903162447,87.59275377530231,1.19405401159011,105.0,new_hebrides,120,new_hebrides_06
6902.7069559471365,1492.5344757709254,231.0,2067.246486915866,2.6170911472911342,182.35981596349484,99.64801353686356,709.0096720758506,104.59047903162447,87.59275377530231,1.19405401159011,105.0,new_hebrides,121,new_hebrides_06
7065.568193832599,1515.4053127753305,221.0,2137.456950446367,2.5966197260245276,179.02790329969133,97.22786570489167,678.876061663424,,,,,new_hebrides,122,new_hebrides_06
6467.364022026432,1486.960691629956,241.0,2010.0608295038455,2.477737617336594,182.82775910078846,99.98909405203693,675.6639255007168,75.85453087411682,88.15467044978207,0.8604709255572328,105.0,new_hebrides,123,new_hebrides_06
6553.822643171807,1537.3478061674011,236.0,2088.222385436871,2.40227040567565,182.32723698701565,99.62427779877827,687.4919066110309,18.53098230446134,65.14280231514084,0.284467073043836,175.0,new_hebrides,124,new_hebrides_06
6621.739612334802,1556.303537444934,231.0,2126.4781439079475,2.3820776570883693,181.8167284290932,99.25252644602739,697.377827689963,17.853229069888837,66.20272605392563,0.269675134757237,175.0,new_hebrides,125,new_hebrides_06
6684.813753303964,1558.4493656387665,231.0,2161.767550600161,2.3713763240834984,178.17151096801334,96.60823236106934,698.8664093505356,19.980395918046376,65.789443292841,0.3037021582491576,175.0,new_hebrides,126,new_hebrides_06
6616.470440528634,1569.886832599119,221.0,2033.9116424592744,2.4812206698554085,180.1661479745354,98.05296022130106,689.391713666446,16.08744856165124,62.33303047963204,0.2580886640335573,140.0,new_hebrides,127,new_hebrides_06
7044.74031277533,1642.508859030837,221.0,2035.0865013873533,2.654546354693866,181.58783111427942,99.08595674525411,693.4619380284294,13.375974933432891,60.97116910542424,0.21938196576655294,140.0,new_hebrides,128,new_hebrides_06
7002.2023436123345,1862.623779735683,206.0,2337.0352162825884,2.199187469691594,176.7004203000678,95.54615805107174,696.354192230688,10.570561498118725,62.86349580773817,0.16815102886495129,175.0,new_hebrides,129,new_hebrides_07
7054.246691629955,1891.9844229074888,206.0,2424.271655546931,2.1294075096372924,175.3147821668477,94.54846892060893,683.2917492893463,10.721482928438057,62.004839104689125,0.17291364808375487,140.0,new_hebrides,130,new_hebrides_07
6778.5531718061675,1889.6384317180616,206.0,2406.2397861182817,2.0317653993972256,171.9020350267881,92.10244144360782,678.6518632203524,12.309411836150174,63.566088794048426,0.19364746313135883,175.0,new_hebrides,131,new_hebrides_07
6931.9476079295155,1802.402689427313,191.0,2421.298181198288,2.1185102100740094,164.60934848449335,86.92988662844746,655.5466510585458,8.647980636275546,58.40925474847259,0.14805839714127994,140.0,new_hebrides,132,new_hebrides_07
6742.363881057269,1691.0049691629956,186.0,2405.9682333022756,2.0995118896316876,159.3104004771042,83.21889746776763,627.7232279290828,8.628211289619442,57.02307228192572,0.1513108807424653,140.0,new_hebrides,133,new_hebrides_07
6568.688295154185,1660.4352246696035,181.0,2411.9754405235617,2.034951512366626,156.7920092179717,81.46949403464917,633.0750844986944,35.37214063810331,56.10823341357849,0.6304269175144457,175.0,new_hebrides,134,new_hebrides_07
6399.689973568282,1594.4033788546255,176.0,2354.6729951880043,2.0407447677591373,153.61635179205413,79.27684920089789,652.6379754906042,30.494535925793393,54.699175622721334,0.5574953475738738,175.0,new_hebrides,135,new_hebrides_07
6363.183370044053,1540.012907488987,171.0,2204.882477401811,2.1874954842212695,155.80268057965046,80.78480588953585,611.0877638468617,21.22678903682876,52.47488245511799,0.40451332225439723,175.0,new_hebrides,136,new_hebrides_07
5684.010290748899,1515.5868370044054,176.0,2166.868567712849,1.923708486917739,154.63039998674014,79.97537606829837,565.0822824559117,6.4520230605836,52.70567559648779,0.12241609632290817,175.0,new_hebrides,137,new_hebrides_07
5795.492572687224,1839.6998898678416,171.0,2430.0835307453417,1.6278422666426138,170.89450344290537,91.38338574998728,536.8694525155429,4.061962947417054,54.242952272063725,0.07488462145356074,140.0,new_hebrides,141,new_hebrides_07
5711.837731277534,1923.5931101321585,166.0,2470.0296203941602,1.5336838837345028,175.08706578566878,94.38475902964079,508.15543301275585,9.912846029672723,53.497623822297186,0.185295071470841,140.0,new_hebrides,142,new_hebrides_08
5501.067303964757,1999.3570440528633,171.0,2504.8826043138724,1.397953841781367,179.77458885868546,97.7689289372151,515.1303690454912,27.74639840223157,54.245346305139165,0.5114982259704534,140.0,new_hebrides,143,new_hebrides_08
5653.898281938326,2041.8655528634363,171.0,2463.6903773902577,1.4661066026085026,183.65607697459532,100.59356265639279,471.5720659891698,14.149718923782732,52.82730441710796,0.26784858852651183,140.0,new_hebrides,144,new_hebrides_08
5912.386907488986,2351.9813524229075,171.0,2912.372131871935,1.2225105150891615,199.7051692202759,112.48178347619886,453.2195244395076,19.310493312025244,56.676586755210785,0.34071376590528113,140.0,new_hebrides,147,new_hebrides_08
6023.5872863436125,2463.760008810573,171.0,3124.722212965976,1.1392459984959955,209.26189589963846,119.71539223909893,499.8570299953081,24.986164339281135,81.21067761426868,0.3076709254657306,105.0,new_hebrides,148,new_hebrides_08
5889.485744493392,1975.818651982379,186.0,2855.1265245217446,1.370750843753442,218.14213238232554,126.53651156784808,509.686103430174,22.797975971137838,85.68739474911908,0.26605985673723864,105.0,new_hebrides,149,new_hebrides_08
5788.743281938326,1998.406718061674,196.0,2775.9473776478453,1.365420898968313,210.58813921407454,120.72808949934233,473.7020529712252,29.13851570780228,79.65223843893493,0.3658216803303175,140.0,new_hebrides,150,new_hebrides_08
6145.067466960352,1885.6622555066078,216.0,2448.4847686987837,1.7396086207705312,217.87623500100335,126.33090317472002,435.05548840379447,87.97580052239809,71.2269202460087,1.2351481745741764,175.0,new_hebrides,151,new_hebrides_08
6092.07331277533,1925.2974339207049,221.0,2367.883274752699,1.7597049327905752,227.8256045013879,134.08076945679198,434.98001562918597,,,,,new_hebrides,152,new_hebrides_08
6387.8326519823795,1928.2781013215858,231.0,2283.809666705681,1.9526822290289856,236.87479560278157,141.22825356577087,436.08725808186716,,,,,new_hebrides,153,new_hebrides_08
7192.951057268723,2005.097242290749,241.0,2381.1045109995835,2.1787593912877528,239.02451205338883,142.93975683332292,450.4139527865238,,,,,new_hebrides,154,new_hebrides_09
7159.407907488987,1984.685017621145,246.0,2381.7278102929968,2.172676015917728,242.3884070999435,145.6282323688828,457.6415218870653,68.69944510714703,93.51139230759605,0.7346639100524491,175.0,new_hebrides,155,new_hebrides_09
6683.930841409692,1909.1059295154187,246.0,2288.544734073407,2.086402262889355,245.30922046831344,147.9727057257039,563.6784481556967,11.071357466658965,144.40870173215268,0.07666683055702536,105.0,new_hebrides,156,new_hebrides_09
5967.107550660793,1044.8287533039647,201.0,125.21131378016543,39.31177342327799,53.58184578190209,19.46495236796662,485.0094294931806,31.88713231839346,85.19969367172929,0.37426346204075794,140.0,new_hebrides,168,new_hebrides_09
6464.260022026432,1061.8828810572686,221.0,115.92972149522052,46.60044957661603,61.064625755705414,23.17124583933781,426.2850416157145,27.460813143793565,97.82630805948818,0.28070989990846473,140.0,new_hebrides,169,new_hebrides_09
6778.884088105727,1121.526986784141,301.0,165.78029033269527,34.125631520901244,109.75791092770416,50.638118604925694,445.9722295016772,,,,,new_hebrides,170,new_hebrides_09
7356.624352422908,1246.284537444934,386.0,225.7647869971508,27.065070227515537,168.46267885936268,89.65366648085673,304.6521444429831,,,,,new_hebrides,171,new_hebrides_09
6724.533784140969,1472.0242863436124,401.0,93.53173653514644,56.1575107271062,116.93774517650643,55.102259252921364,445.39833917121484,,,,,new_hebrides,173,new_hebrides_09
6742.677810572687,1892.820757709251,411.0,99.237893570619,48.87101971196329,124.42276761315969,59.85442482194073,540.1264106281318,,,,,new_hebrides,179,new_hebrides_09
6994.261030837005,1966.932502202643,421.0,96.53799113932443,52.07616679508981,125.93884691147433,60.82882143466552,495.4337594829356,,,,,new_hebrides,180,new_hebrides_09
6527.376599118943,4156.23708370044,61.0,42.21526154730459,56.16782719115708,15.91235888666265,3.856640926087053,175.38175346430853,,,,,palau,0,palau_01
6487.858894273128,4137.327255506608,46.0,42.210557761563265,55.68587015703694,9.086760558769422,1.8271543279599605,188.4287009169626,,,,,palau,1,palau_01
6516.259427312775,4121.388506607929,61.0,150.15248157753115,15.94959267768249,23.531848506959296,6.497872373538345,186.93492979164952,1.6462609452647996,79.49125873286815,0.02070996196949265,70.0,palau,2,palau_01
6422.781074889867,4153.579841409692,66.0,610.9337007733658,3.714316677255896,41.59390931167501,13.886818926283105,223.42570679700037,11.331684352008608,30.637144594657286,0.369867508931779,70.0,palau,3,palau_01
6634.691585903083,4106.7096211453745,56.0,1059.217543100271,2.3866503922871645,39.80827633835371,13.09767721105895,272.85739018463806,17.969031220731413,22.348345644520798,0.80404301537805,175.0,palau,4,palau_01
6716.998986784141,4060.665674008811,61.0,429.0987801210723,6.190493741384753,38.107893253624574,12.357094613586382,288.4371953778343,22.600725177196416,23.57449516469276,0.9586939198191294,175.0,palau,5,palau_01
7946.598634361233,3678.69345814978,81.0,819.259109299722,5.209469297032937,53.18440919723141,19.27268563550517,964.2494859176437,33.52355527534793,37.96335686131942,0.8830503424080717,175.0,palau,10,palau_01
7946.598634361233,3678.69345814978,81.0,819.259109299722,5.209469297032937,53.18440919723141,19.27268563550517,964.2494859176437,33.52355527534793,37.96335686131942,0.8830503424080717,175.0,palau,12,palau_01
7914.516942731278,3896.8185814977974,101.0,942.9438223917812,4.260803523843627,67.66709188231208,26.570504565286086,1041.6814365900016,,,,,palau,13,palau_01
7526.453665198237,3842.509678414097,116.0,565.1818227160221,6.5181572349242956,72.2817376880854,29.013574089352336,1059.5629177631586,,,,,palau,14,palau_01
6391.142863436123,3784.2252202643176,96.0,614.191935146115,4.244467395280312,70.85753370094078,28.253862539742073,1021.2714936172091,,,,,palau,15,palau_01
4841.50218061674,3922.6981453744493,76.0,36.45739716434571,25.20212924418133,17.884900775567868,4.506905984318554,98.45415894931503,4.334232998387647,30.015427666071457,0.14440017469039546,175.0,peru-chile,144,peru-chile_01
4904.102969162996,3916.186806167401,121.0,33.7491102892094,29.27236168686382,32.66821665915961,10.06306678238992,106.66176161517953,8.711402846161063,26.029194764212008,0.3346781537067955,175.0,peru-chile,145,peru-chile_01
4920.723330396476,3848.0285859030837,91.0,34.30580936707142,31.268603314837485,22.322688565139877,6.056547377945663,103.9589245393274,5.41466502031723,25.07431517844905,0.2159446821092463,175.0,peru-chile,146,peru-chile_01
4945.303154185021,3896.478447136564,51.0,24.425093871773832,42.94045757017549,10.52145507879202,2.22159143457537,234.19850883497796,1.9141764658351872,105.81136081372831,0.01809046260358496,175.0,peru-chile,148,peru-chile_01
4926.906555066079,4052.1411475770924,61.0,22.682138953658452,38.566266139018325,13.22345801174205,3.0131667932975157,276.48939134646025,2.701173346650702,83.62223451693971,0.03230209479876448,175.0,peru-chile,149,peru-chile_01
5058.876026431718,3923.4411718061674,96.0,35.79994939941949,31.71610222007638,26.923967889098005,7.775861868588942,403.8372119255355,23.693491821234844,80.96516313496186,0.2926381038933975,175.0,peru-chile,152,peru-chile_01
5056.555273127753,3468.9482775330393,141.0,33.8390911898436,46.91636033272711,42.821223992057995,14.435834278519945,640.5244298767608,2.3460538874151085,49.38179558961724,0.04750847674539355,175.0,peru-chile,153,peru-chile_01
5161.176290748899,3964.4892114537442,131.0,45.549181467396465,26.272416775518316,38.99809522538753,12.743468382364732,706.7208169865468,20.66577136993015,34.0318312101284,0.6072482918221485,175.0,peru-chile,159,peru-chile_01
5200.982555066079,4127.819458149779,66.0,33.45342724359614,32.079316989015865,14.48978762178084,3.4039184375167104,572.7211959326672,22.548186554454784,25.84367314513292,0.8724838155872293,175.0,peru-chile,161,peru-chile_01
5217.799370044053,4137.031123348018,81.0,342.19565666018974,3.1583342034328314,55.728401048656664,20.511553868146876,302.8807653582781,51.99915590597424,23.659042028751376,2.197855510919794,175.0,peru-chile,162,peru-chile_01
5286.923083700441,4139.0578964757715,81.0,395.9067027751753,2.8993325426887524,68.5319062545392,27.024242835341475,127.47976839704326,14.31234164152233,22.42754870194413,0.6381589816938695,175.0,peru-chile,167,peru-chile_01
5322.159242290749,4132.515563876652,76.0,396.092465012093,3.0034494051225544,59.420865593561,22.343356612768464,128.89364450282557,8.486976067067191,32.75224163806298,0.2591265709643538,105.0,peru-chile,168,peru-chile_01
5356.400982378855,4099.170929515419,66.0,484.7070618027256,2.5937935547865507,50.819538125071624,18.13861279726605,132.55332156247823,3.1704804893105587,56.85632399470154,0.055763022766051794,105.0,peru-chile,171,peru-chile_01
5399.733995594714,4080.1996211453743,66.0,730.9572876298027,1.8052140621349473,56.98331940348948,21.129705509971238,164.91828922413495,63.84525466267645,32.954910137592684,1.9373518057282213,105.0,peru-chile,174,peru-chile_02
5667.211273127754,4043.290255506608,76.0,1217.391464297709,1.3339349463551204,62.56661259798336,23.934258393680498,479.5224245374149,,,,,peru-chile,176,peru-chile_02
5703.106299559472,4070.449572687224,81.0,1132.5758898852519,1.4415428947879707,63.46754256453715,24.394880544395114,397.22278475367233,33.459698502236215,42.16870865315092,0.7934722112894497,70.0,peru-chile,177,peru-chile_02
5702.369748898678,4041.5075903083703,91.0,536.6242507505016,3.095018826054714,61.27249504626319,23.27647470667004,225.33113070082814,,,,,peru-chile,178,peru-chile_02
5701.223039647578,4102.7332202643165,81.0,408.7117204360276,3.9110447277556366,48.266208890988146,16.933784790845014,179.4909569320704,30.073443628864077,20.011207203589272,1.5028300553236993,105.0,peru-chile,179,peru-chile_02
5675.127651982379,4138.035885462555,76.0,395.576204606373,3.885703307278914,44.008521725704995,14.9719657862351,174.369523239942,,,,,peru-chile,180,peru-chile_02
5780.660140969163,4101.696414096917,61.0,391.231036226488,4.291489098273572,30.218425363281227,9.069685451839192,216.14931693529,3.516844747452619,53.891226044968924,0.06525820630835208,70.0,peru-chile,181,peru-chile_02
5859.44140969163,4183.727061674009,66.0,171.97947320591922,9.74368810870358,28.072583985389027,8.221283760458713,170.82692168916725,14.661073575598106,21.87912461329846,0.6700941575462707,140.0,peru-chile,182,peru-chile_02
5926.020427312776,4192.827986784141,66.0,173.11774759136142,10.011639272362627,28.8524328427312,8.527198451471412,194.4334126985176,11.252530137082806,18.958132903640223,0.593546326227208,175.0,peru-chile,183,peru-chile_02
5937.15167400881,4174.213246696035,66.0,188.26164353966442,9.364299568230136,29.292093684239543,8.700889859793625,191.65263670543587,15.922062561450568,19.136859146019145,0.8320102290538456,140.0,peru-chile,184,peru-chile_02
5972.776154185022,4151.614696035243,66.0,205.358379723918,8.868211078594081,30.470587691447296,9.170736729617433,184.79199346892102,9.899438095997587,17.742031175985552,0.5579653196301907,175.0,peru-chile,185,peru-chile_02
6018.940612334803,4234.464632158591,71.0,363.92732141513255,4.9033855804979725,43.060730336517985,14.543590592400072,157.92408782488252,9.211166995854233,15.480167365302991,0.5950301943440225,175.0,peru-chile,186,peru-chile_02
6047.11054185022,4196.315268722467,71.0,273.8367268202116,6.758754731767221,39.315195344780804,12.881814344900489,166.83226405436565,2.8792811765991138,23.636404277045933,0.12181553263561648,140.0,peru-chile,187,peru-chile_02
6031.548070484581,4223.689504405286,101.0,335.0633150130647,5.395572971063106,75.53377886381325,30.766970504673452,121.03645746280176,29.687476567681227,32.6821948851181,0.9083685068287588,70.0,peru-chile,188,peru-chile_03
6049.884678414097,4194.772779735683,116.0,405.5903517480664,4.57385608578461,82.33952874090546,34.51762884396196,132.34901352648285,14.267466152799892,19.584679246709868,0.7285013950482114,105.0,peru-chile,189,peru-chile_03
6061.822334801762,4207.502821585903,101.0,406.66209368277407,4.5598533574224955,67.99709044830738,26.743416730056513,115.39237868093966,15.73233306520376,12.001178597372936,1.310899003590162,105.0,peru-chile,190,peru-chile_03
6087.809607929516,4226.08495154185,96.0,414.4277289043997,4.492278210508275,67.6160030961316,26.54376022134158,199.18541756927658,3.5297723950429423,11.235795435615644,0.3141542061057945,105.0,peru-chile,191,peru-chile_03
6101.869154185022,4262.635711453744,91.0,444.6351262284742,4.13650054671163,70.37609115310025,27.998191125541663,189.41308760754404,1.7822393198885054,50.85397569007761,0.03504621410035101,175.0,peru-chile,192,peru-chile_03
6109.6886079295155,4259.805786343613,96.0,473.3172375021203,3.908336048246321,68.93478645922103,27.236274216465326,178.31703980025313,2.272875213965167,55.88573924883444,0.0406700393430435,105.0,peru-chile,193,peru-chile_03
6103.76695154185,4268.557920704846,101.0,472.8852230366488,3.8808762495307976,71.5814150952834,28.63937206107302,176.528592950627,6.068948078886565,23.983112566385536,0.2530508941275927,140.0,peru-chile,194,peru-chile_03
6121.528920704846,4275.183211453745,96.0,445.9540385591795,4.140215245536084,70.33713903562004,27.97753092318031,145.71887468789677,9.622107652179473,12.212350778947352,0.787899711230605,105.0,peru-chile,195,peru-chile_03
5981.325242290749,4290.405568281939,101.0,428.1121754434055,3.94971171342531,75.16258004771007,30.565536589273403,110.47275103643418,6.6790641585686465,71.0244924795791,0.09403888609959453,140.0,peru-chile,196,peru-chile_03
6392.574251101322,4305.9500969163,106.0,451.026016476684,4.626394216646904,81.15758614586795,33.85857014316547,123.5114748345496,,,,,peru-chile,197,peru-chile_03
6187.086960352423,4300.732726872247,111.0,424.59360065698223,4.442728836613133,82.95002137925857,34.85928338786427,140.42506503012154,16.640126522140445,48.34347378047528,0.3442062644836453,140.0,peru-chile,198,peru-chile_03
6217.693612334802,4270.094645374449,96.0,325.80603245210676,5.977786698122751,64.29069906105155,24.817649647782318,137.31608995285026,6.978788885435225,46.872814994217066,0.1488877697295593,175.0,peru-chile,199,peru-chile_03
6216.569841409691,4241.534149779736,96.0,249.21967669946753,7.924878636335118,57.65484607928931,21.462363263101178,157.87350169381386,9.570672927432012,22.988566140575976,0.41632317861440227,175.0,peru-chile,200,peru-chile_03
6228.663427312776,4244.398889867842,101.0,196.63577870600162,10.091065575668662,55.66167727049483,20.478815679237005,108.36002298962586,27.53139405703375,25.37955825635375,1.0847861802378411,175.0,peru-chile,201,peru-chile_04
6236.087638766519,4187.390788546255,106.0,132.18632132515467,15.49855408397997,53.36286930493416,19.358959731229728,119.23590156117854,49.518218134089295,21.91621465846016,2.2594329771712713,175.0,peru-chile,202,peru-chile_04
6248.409964757709,4200.196394273127,111.0,157.18857788809845,13.030295190676588,54.4330419763256,19.878331361850638,143.4366896684927,24.180980402669828,21.383073705302202,1.130846796673289,140.0,peru-chile,203,peru-chile_04
6241.116207048458,4172.095143171807,106.0,94.85995503773552,21.811322417911644,44.532117616932226,15.209942835448427,137.52825426943278,15.465224181195861,25.93819292571226,0.5962336784790179,140.0,peru-chile,204,peru-chile_04
6272.064903083701,4210.701112334802,121.0,59.95424780261695,34.38228092753959,44.17536830222685,15.047696523214872,145.17773591752388,32.579136400208675,7.709631892042736,4.225770679639614,105.0,peru-chile,205,peru-chile_04
6307.373502202643,4181.038207048458,161.0,68.1009952169546,31.223263160547862,64.76770382180995,25.063465439377524,136.9985530362706,36.49093600766308,23.65657221675777,1.5425284641117085,105.0,peru-chile,206,peru-chile_04
6309.161969162996,4201.383022026432,156.0,115.81422573188816,18.19965495444495,75.0691644768652,30.514896045641905,146.38997113015427,29.76729545037832,37.94376473962002,0.7845108584941226,140.0,peru-chile,207,peru-chile_04
6320.750991189428,4125.070004405286,106.0,53.36616871885302,41.143687836231315,32.28878941505478,9.907531656240275,130.93573342050618,,,,,peru-chile,208,peru-chile_04
6322.5479030837005,4117.3683876651985,116.0,68.39001006636508,32.2441759151463,40.38811073682555,13.352661404781646,127.11603230458188,2.54335558194771,6.107512856544653,0.4164306554381324,70.0,peru-chile,209,peru-chile_04
6330.0866916299565,4072.0058259911893,66.0,46.0681867347834,49.01605697308294,15.795468096949385,3.8189131889675747,153.68102143549615,3.450239464532484,7.917959498201911,0.4357485619010805,70.0,peru-chile,210,peru-chile_04
6366.106321585903,4082.9552070484583,146.0,96.46599365130832,23.66793756139866,58.34907127681037,21.807625599435553,160.4076260081234,13.29126985313806,10.625493484793832,1.250884946864748,140.0,peru-chile,211,peru-chile_04
6382.531801762115,4104.898268722467,151.0,94.00633340670237,24.228511532152357,62.54391013854055,23.922679616119822,146.23245854668394,5.474173593432678,12.982942978247042,0.4216435058372105,105.0,peru-chile,212,peru-chile_04
6358.663665198238,4119.809392070484,156.0,121.01511204138595,18.50061728127053,68.57160428502033,27.045117059418313,130.91030878779787,,,,,peru-chile,213,peru-chile_04
6363.207964757709,4131.710257709251,121.0,84.40130814777663,26.439136501787054,43.246671590212436,14.62738535687175,149.03851692609913,17.510027692001476,11.939144566071144,1.4666065558634542,140.0,peru-chile,214,peru-chile_05
6372.531766519824,4114.565700440528,121.0,112.61799546273039,20.049780293119696,51.53044778250782,18.477718237343698,161.83849250504045,22.802743275842026,10.77153687061649,2.1169442717171845,105.0,peru-chile,215,peru-chile_05
6375.844541850221,4104.818211453745,66.0,55.27596636551992,41.08523974739767,14.174592842005683,3.305551357212198,146.3634773110059,4.506221850328542,41.411118414366044,0.10881671451706738,70.0,peru-chile,216,peru-chile_05
6381.595607929516,4092.3937797356825,81.0,62.251288880378844,36.77356516413226,21.363410006123132,5.71203095871289,116.00120368923594,6.404965195034542,5.5759483431327865,1.1486772833759757,70.0,peru-chile,217,peru-chile_05
6390.748497797357,4100.035942731277,106.0,80.24800339241031,28.545414941535245,39.09021977804939,12.78362242201304,119.13088421474431,,,,,peru-chile,218,peru-chile_05
6402.685841409691,4173.308418502203,76.0,58.362824477985086,38.198586906095116,20.502278487635063,5.40711935759048,148.79554689431583,,,,,peru-chile,219,peru-chile_05
6391.22340969163,4229.077830396476,66.0,58.90919462648019,36.703023916800426,15.681823489650887,3.7823223024532724,136.2860634905766,3.709015172289154,32.394533751520804,0.1144950935469176,70.0,peru-chile,220,peru-chile_05
6396.382528634361,4234.937105726873,121.0,164.57077968454257,13.133834736948161,60.16490295666013,22.717162220163463,133.48885149903617,27.708703293897987,27.112652021343848,1.0219842482426622,105.0,peru-chile,221,peru-chile_05
6415.827863436123,4144.764964757709,101.0,118.3610371677994,19.187588694907667,41.1840131726413,13.70465174828737,131.60485304008378,13.201261680085942,9.503842210678789,1.3890447029152722,140.0,peru-chile,222,peru-chile_05
6391.329273127753,4087.8383083700446,81.0,116.12296528437707,19.83665297485833,29.552379700977113,8.804128974729743,130.00371839773263,7.984638322063056,18.860657510078912,0.4233488847245203,175.0,peru-chile,223,peru-chile_05
6411.07186784141,4044.2645242290746,111.0,114.0792875680519,20.747038257934946,42.84794124112127,14.447844705277571,171.47664834459582,20.792007695023152,38.724130969186184,0.5369263860709463,140.0,peru-chile,224,peru-chile_05
6430.547462555067,4046.7578414096915,121.0,136.95267570612597,17.405936823465414,57.47654069894894,21.373908577174806,118.17572797357825,,,,,peru-chile,225,peru-chile_05
6403.207185022026,3979.236933920705,126.0,77.19712235580043,31.399748813553924,46.044454672426596,15.90253024565369,155.74617765786894,,,,,peru-chile,226,peru-chile_06
6588.3480088105725,3998.482022026432,111.0,80.06230256518172,32.34813268923453,38.98829495151727,12.739198626850621,196.45030746810795,18.789363021217138,38.64238838360159,0.4862371040499829,175.0,peru-chile,227,peru-chile_06
6397.407092511014,4014.0437224669604,111.0,100.36451081001697,23.74707305210299,44.77574728111283,15.32099281231033,178.8240737257191,22.0691385233889,36.21100969570069,0.6094593525241898,175.0,peru-chile,228,peru-chile_06
6402.19245814978,3991.166189427313,86.0,59.77762937861546,40.33325332210271,25.64148552581123,7.285969711198392,452.90513368042633,6.96361138096132,19.030601836140693,0.3659165086275329,140.0,peru-chile,229,peru-chile_06
6394.888158590308,3923.0575462555066,111.0,75.85525298194193,32.58614947765377,40.18468218678758,13.263063099125844,186.04714162084358,13.55183219655779,26.522605830871232,0.5109540247656966,140.0,peru-chile,230,peru-chile_06
6394.044911894272,3994.482145374449,111.0,91.7692029331294,26.147800022501475,44.29019318856979,15.099870338925694,160.36802270512996,5.065362957019319,59.537038299912716,0.08507918938632769,105.0,peru-chile,231,peru-chile_06
6425.532938325991,3906.360823788546,131.0,34.30971933814334,73.42444540887841,41.05220481002375,13.646201123642207,174.75394935269424,12.765366173486456,22.83715282096637,0.5589736283485746,175.0,peru-chile,232,peru-chile_06
6278.4418678414095,3773.312533039648,171.0,29.68122302097771,84.40114927310168,52.82356000343915,19.098532921131593,228.12644961657767,63.40791553553159,31.088259370716127,2.0396097053686852,175.0,peru-chile,233,peru-chile_06
6311.105251101321,3732.075334801762,141.0,67.33856486296699,38.299448786113096,54.69241591649389,20.004725460808185,450.02010107211754,60.63618356036414,28.259972509369,2.1456561410405297,175.0,peru-chile,234,peru-chile_06
6334.687982378855,3725.1920969162993,106.0,48.2488925354113,54.08405765059517,33.248062874508776,10.301921781006318,244.9565591496,8.132683912449684,33.00642627403286,0.24639698478498742,175.0,peru-chile,235,peru-chile_06
6326.494969162996,3795.631524229075,71.0,280.62094779869193,9.018797295024028,34.96760301644734,11.01837635683588,367.052321090523,13.340660998728206,90.6306403686997,0.1471981323805757,175.0,peru-chile,236,peru-chile_06
6372.395202643172,3674.189449339207,61.0,584.9942701245883,4.612362703534375,36.015621744179256,11.46087230877948,360.57326533739143,3.449018409815798,121.59374903824802,0.02836509637293023,70.0,peru-chile,237,peru-chile_06
6381.967603524229,3526.5759074889866,51.0,998.4394448725634,2.859854656883766,29.782994404745175,8.89585301351623,407.77835060373036,,,,,peru-chile,238,peru-chile_07
6363.909775330396,3904.258859030837,51.0,547.1256515470615,4.49558690831733,32.59647924652172,10.033613729384067,220.10985752944342,,,,,peru-chile,239,peru-chile_07
6722.139550660792,3949.7365066079296,56.0,425.698520448447,6.512597321532402,26.041919860845166,7.438073222639609,202.0764798220011,,,,,peru-chile,240,peru-chile_07
6978.329784140969,3931.020480176211,71.0,66.37710213562158,45.90904402151364,18.488246174610445,4.710757398290114,147.11797424739956,,,,,peru-chile,241,peru-chile_07
6634.213740088106,3897.852259911894,71.0,87.03808536246822,31.438668127644274,21.739337101395396,5.846440235868384,163.12499289595632,,,,,peru-chile,242,peru-chile_07
6598.272585903083,3919.857603524229,76.0,88.73558900174159,30.184224982450793,24.769895383218387,6.957640979336141,151.64304411609731,11.848286313640537,61.15159547379174,0.19375269315284602,140.0,peru-chile,243,peru-chile_07
6856.569788546256,3878.7252026431715,76.0,99.41981128892152,29.95222528887368,21.292591301700075,5.686798097245563,189.72544253723075,4.8526851094934695,16.5607170677593,0.29302385214591725,70.0,peru-chile,244,peru-chile_07
7287.960766519824,3701.1971035242295,71.0,78.35180627038255,45.77767678537121,18.8518343855479,4.834682288121882,191.02770950513437,20.79799910760563,85.27670355267847,0.24388840376267548,70.0,peru-chile,245,peru-chile_07
7376.431414096916,3816.9869471365637,76.0,114.20572123195957,31.166954059428242,23.19211770569311,6.373094045109957,187.54121561704247,3.4713306204016905,50.377318579809064,0.06890661746719047,70.0,peru-chile,246,peru-chile_07
7431.018321585903,3702.654268722467,71.0,98.81337435968067,37.7313706471777,15.965744954612399,3.873902639688831,209.96481088868813,,,,,peru-chile,247,peru-chile_07
7384.337524229075,3788.8009823788548,106.0,76.44757276729636,47.03271028362016,31.359662506497845,9.529240592906609,218.15334579369727,12.898502128408525,114.54360352020795,0.11260779067539073,175.0,peru-chile,248,peru-chile_07
7412.490810572687,3833.9601850220265,91.0,101.77406492660023,35.16151809531739,27.230186729978776,7.894002832719147,245.6219619749121,,,,,peru-chile,249,peru-chile_07
7334.330537444934,3898.9461762114533,91.0,89.47813075925787,38.393564238354834,28.679864271031,8.459263909024159,251.61346836081637,,,,,peru-chile,250,peru-chile_08
7318.714193832599,4137.491784140969,156.0,119.2161972118836,26.684481505794274,75.3306062759513,30.65667634517103,230.75649894739718,5.220371174635676,57.02411355843317,0.09154673082793843,70.0,peru-chile,251,peru-chile_08
7436.7910748898685,4056.161425110132,171.0,72.43250938959542,46.67282244214706,65.0989571620478,25.234526532528516,284.4009441523633,4.293215201349548,97.23034945268164,0.04415509381089795,175.0,peru-chile,252,peru-chile_08
7481.284220264317,4069.4523259911894,206.0,78.4553706076773,43.4875505379266,89.12281358643726,38.360268358550066,247.2287524041955,5.979574882136634,21.791277294338663,0.2744022207312335,140.0,peru-chile,253,peru-chile_08
7252.328453744493,4030.249207048458,171.0,84.65855649908914,38.05969980991469,68.96077744179075,27.249967196841265,299.21394993134606,4.79986727535411,17.595764811890618,0.27278537345023635,140.0,peru-chile,254,peru-chile_08
6994.279894273127,3907.4363920704845,186.0,62.55655781412287,49.34484265222393,63.02985035882741,24.170825701647875,608.7209625992361,3.0454162987249327,36.92818203100633,0.08246862236997975,175.0,peru-chile,257,peru-chile_08
6905.492374449339,3891.772396475771,66.0,141.6240028566394,21.279726015259165,19.19211297679541,4.951386640593242,407.39189556761477,8.386198049986922,43.720990008429816,0.1918117144275549,175.0,peru-chile,258,peru-chile_08
7132.938885462555,3943.0037709251105,66.0,223.15232112499274,14.294877590588397,25.650578928068153,7.289415074199062,599.6576114712192,12.467151615640223,37.953918281629754,0.32848127887956446,175.0,peru-chile,259,peru-chile_08
7727.911488986784,3790.7808149779735,66.0,78.93371220369302,49.878949869338676,17.646491474183115,4.426980538164438,405.2128962708687,2.3640179256134366,23.561930797382132,0.10033209697212475,175.0,peru-chile,260,peru-chile_08
7660.111973568282,3826.134433920705,116.0,61.70141585840484,62.13759419145194,34.24450638754799,10.715628926061118,320.8151032583015,28.74458034576248,123.20226508207415,0.23331210937245014,175.0,peru-chile,261,peru-chile_08
7530.04986784141,4041.2626431718063,91.0,403.3737212974197,8.649019607544574,46.484010023489965,16.105265923634104,409.67407640896334,4.421139999825726,21.131092933541396,0.20922438861683526,140.0,peru-chile,262,peru-chile_08
6894.548281938326,4101.346099118942,91.0,358.21727040773476,7.79750842174658,47.91544060967963,16.76989847297893,460.97230361967434,112.14105722094327,18.99778667371437,5.902848534250748,140.0,peru-chile,263,peru-chile_08
7754.027484581497,4358.406387665198,221.0,1452.8495587764705,2.33721452878848,242.35956512019192,145.60512827585754,312.76068173391303,5.707114381991041,62.60853922835861,0.09115552690304579,175.0,peru-chile,278,peru-chile_09
7614.885563876652,4330.010422907489,221.0,1393.7225391342095,2.3569075255177774,226.60758892680724,133.1258473854458,294.1767222905128,8.828146896622025,77.10275833413736,0.11449845747883379,175.0,peru-chile,279,peru-chile_09
7812.740145374449,4344.942466960353,211.0,1430.6072384256167,2.4240040070190103,216.61790637225312,125.35902064779427,288.31175841361073,7.261929056665634,64.71739624406253,0.11220984585472839,175.0,peru-chile,280,peru-chile_09
7819.3502026431715,4350.131325991189,211.0,1415.644521615575,2.450628546700981,213.03140525233192,122.59929180002027,234.9928621038013,8.129036706963769,74.37756695957593,0.10929420037874975,175.0,peru-chile,281,peru-chile_09
7744.367537444934,4325.734189427313,211.0,1456.0023899472985,2.3479586102474475,209.96928754267645,120.25527931184804,267.97800060628026,26.872843970744984,77.37462148382812,0.34730824468539223,175.0,peru-chile,282,peru-chile_09
7879.35732599119,4332.01063215859,216.0,1533.4717079451468,2.313278214037641,223.3490294220338,130.57956313489962,390.0910338588703,14.714417511289234,83.89177670100752,0.175397614521049,175.0,peru-chile,283,peru-chile_09
7848.971643171806,4394.791348017621,211.0,1653.6563845050828,2.0888138113335892,218.46031623446683,126.78266092494815,458.2783534927743,16.54657634589335,96.9393062087656,0.17069006363898598,175.0,peru-chile,284,peru-chile_09
8018.31898678414,4391.326306167401,181.0,1060.5808410488175,3.4198172739288553,152.64087058207787,78.60633798298292,365.4162152085505,17.75856060798668,140.2392360553891,0.12663047166752056,105.0,peru-chile,285,peru-chile_09
8010.164506607929,4407.700497797357,171.0,911.0685715220751,3.95410852861725,132.88054803792417,65.33988002422417,181.58406727364826,5.443250405245118,52.14196669619087,0.104392886385752,105.0,peru-chile,286,peru-chile_09
7991.009955947136,4427.738810572687,171.0,1136.7149556502357,3.1347094780996785,146.4372197689444,74.37581739594268,195.24272113398496,10.900190912032457,44.12166466453551,0.24704849635453366,140.0,peru-chile,287,peru-chile_09
7984.693660792952,4403.292519823788,166.0,1101.30737749124,3.251954190234825,135.87452340303278,67.31014047138578,229.2406963792653,8.760517625051358,54.16509523884296,0.16173732523540366,105.0,peru-chile,288,peru-chile_09
7872.817039647577,4434.942365638766,161.0,1241.5552865341103,2.7690065124734655,133.214405618298,65.5588570833979,215.82957126436906,3.21596373398709,62.810808702589895,0.05120080126996495,70.0,peru-chile,289,peru-chile_09
7865.0851541850225,4446.538984581497,166.0,1111.4628276523874,3.075717949851836,134.10614101449394,66.14464237587855,197.54771790008738,4.230965644176832,62.94929879670058,0.0672122759912076,70.0,peru-chile,290,peru-chile_10
7537.489792951542,4464.63754185022,161.0,1241.354483402415,2.4754027090464716,135.74358943551817,67.22367081033275,203.58510974906025,49.90515655939651,31.721899376662893,1.573208336828363,175.0,peru-chile,291,peru-chile_10
7582.949453744493,4497.12313215859,156.0,1192.9221115752534,2.5867793811878212,130.84172417784018,64.00660562845441,168.98577495242353,25.934417440331963,63.04683649208801,0.4113516059380168,70.0,peru-chile,292,peru-chile_10
7808.028744493392,4486.517189427313,166.0,1477.6482111219798,2.2478364810146876,145.6537932852576,73.84575207968415,348.72005305542064,41.559494962138075,90.82044136222873,0.4576006715975092,105.0,peru-chile,293,peru-chile_10
7821.025105726872,4508.307991189427,141.0,1329.6885802316215,2.4913480974322537,112.11574562939144,52.093707193475225,206.11091877099938,20.874184202124702,42.267752128496895,0.49385602855495453,70.0,peru-chile,294,peru-chile_10
7857.409977973568,4542.917563876652,146.0,1360.25132456236,2.436676483416256,119.0570635402467,56.4377910853358,269.337534882254,13.163801193795006,28.283550759158167,0.46542251027419496,105.0,peru-chile,295,peru-chile_10
7853.245651982378,4123.020295154185,191.0,716.1507471325292,5.2087153043741585,139.1644569645799,69.49190611790777,179.10449188432128,23.814073094139466,132.97083993938088,0.17909244692291854,175.0,peru-chile,296,peru-chile_10
7938.235281938326,4100.693207048458,176.0,503.02908503911846,7.6288671749297325,98.60627619244278,43.897103309103485,201.6104004060623,13.843637458815532,83.76404121439963,0.1652694552234153,70.0,peru-chile,297,peru-chile_10
7742.844678414097,4253.627189427312,176.0,692.6521445053597,5.03747446198773,113.46653455209969,52.93222784753978,227.47393598124287,19.467672293354532,116.48618792114853,0.167124297230265,105.0,peru-chile,298,peru-chile_10
7726.195797356829,4275.0465903083705,171.0,579.4903341754439,5.955490546635423,100.45721814459884,44.99918504709244,269.4850103943885,27.85466713510325,141.06947276912928,0.19745354248746283,105.0,peru-chile,299,peru-chile_10
7677.657211453744,4321.106213656387,166.0,364.5099845944126,9.208392471147711,87.34303177359385,37.34227751457802,516.7761745370249,16.57758015677177,17.827495527180616,0.9298883363339978,105.0,peru-chile,300,peru-chile_10
7614.134008810573,4273.638691629956,176.0,420.8250861261872,7.937966217581779,91.01232823300423,39.44846278718562,381.4971677005579,11.748200924151005,20.163228747843544,0.5826547459770041,140.0,peru-chile,301,peru-chile_10
6970.705149779736,5315.954590308371,361.0,25.215953903550513,65.62315928244018,115.64143111185031,54.28931917900704,320.9600123174649,7.564051399201482,88.47689899620407,0.08549182312013447,175.0,philippine,2,philippine_01
6677.07704845815,5333.669898678414,211.0,82.83007872357396,16.218832222326427,92.06697470285063,40.05913943020375,245.76829736773016,15.71923128564754,34.34018172951919,0.45775038144702423,70.0,philippine,5,philippine_01
6819.585537444934,5407.981530837005,171.0,183.24808531196192,7.703240141389805,102.60801404650108,46.28832809164012,276.05562328281013,2.9662075673115096,33.93948110036241,0.08739696280388436,70.0,philippine,6,philippine_01
6288.605259911894,5421.947290748898,206.0,162.86790551692212,5.321232359514498,131.44855839303236,64.40272179169705,255.2323501775552,26.562748596619397,18.18387000874384,1.4607863223750783,175.0,philippine,7,philippine_01
6776.5708237885465,5384.766933920705,16.0,343.46064300845734,4.052295126675023,33.16215665182508,10.266446316415191,246.83466856794735,2.002140121702533,23.871045146691706,0.08387316556099808,105.0,philippine,8,philippine_01
6802.366515418502,5383.182193832599,156.0,339.2919081199765,4.182782694257675,126.57467611532145,61.23864202351909,233.62671226698043,6.543053907957064,21.917941212450646,0.29852502315501395,105.0,philippine,9,philippine_01
6533.905546255507,5451.2394096916305,171.0,680.6773134719309,1.5905717953805765,175.67633184825974,94.8085398820995,347.9523873323149,4.893375843108832,20.275782553643463,0.24134091151167508,105.0,philippine,10,philippine_01
6953.150511013216,5618.273202643172,166.0,1168.1626795126613,1.1427152500086142,196.08806660648187,109.77362464410584,326.0451783365122,26.031237613783844,31.548176528474634,0.8251265359279535,105.0,philippine,11,philippine_01
7821.19868722467,5612.36186784141,151.0,783.0229490162676,2.82090942820805,148.65266279749193,75.87989291599997,220.7410053376718,,,,,philippine,12,philippine_01
7868.927757709251,5571.588947136564,131.0,613.161772776658,3.7467091272982613,108.34136650522629,49.768612200018254,265.69158532541366,19.68054919461623,17.648924004096294,1.1151132607318384,105.0,philippine,13,philippine_01
8015.305092511013,5567.851907488987,151.0,830.8489633762981,2.9457257490896747,137.14587305262717,68.15118995109728,302.8425319639912,11.116569834104236,32.20443023319023,0.34518759542118466,70.0,philippine,14,philippine_01
7948.7658370044055,5507.6420264317185,136.0,808.8802720645219,3.0179049914793397,136.22902741688094,67.54439665076481,276.59523487249845,8.088328542674118,41.16527720704916,0.19648424816847995,70.0,philippine,15,philippine_02
8022.464607929515,5478.153323788546,146.0,732.9201524286282,3.471471313362112,118.17689476372311,55.882164251416356,237.39772892115747,,,,,philippine,16,philippine_02
8684.982400881057,5605.088482378855,91.0,562.004978190428,5.4801897456833935,78.89597570023295,32.60640514243915,354.94363051141397,24.90319520801718,59.87477736626981,0.4159212994760342,140.0,philippine,17,philippine_02
8163.752237885464,5560.030387665198,96.0,904.7826294523,2.8777319164453896,83.77201643390974,35.32062752617614,305.06197047984625,,,,,philippine,18,philippine_02
8194.750004405287,5424.766678414097,141.0,1115.6013529018974,2.4829508486933265,150.68203131942224,77.26421683322462,318.1285121097168,,,,,philippine,19,philippine_02
8115.728273127754,5510.389603524229,166.0,1230.8138757091929,2.116760885639458,198.04206663096528,111.23455407932924,247.982682918169,78.40377863417267,71.41859471293814,1.09780623588732,175.0,philippine,20,philippine_02
7688.794198237885,5500.068105726872,61.0,476.56568622114503,4.592706012609055,37.14907300416342,11.944292405209762,473.99411463818996,30.232686881828293,32.63445809494546,0.9264038273248006,175.0,philippine,21,philippine_02
7928.376387665197,5584.566105726872,161.0,1589.1815490697184,1.474853696426538,229.68432110011818,135.541280825525,295.8363785152081,29.215859930436753,48.6160521564463,0.6009508924422783,175.0,philippine,22,philippine_02
7932.505929515418,5610.014537444934,151.0,1024.6492142712166,2.2666209662029164,160.2049397121874,83.84251985237432,230.37187160100225,11.096671165664599,28.52095036001228,0.3890708768675064,140.0,philippine,24,philippine_02
8157.074396475771,5599.619365638767,146.0,793.1117995602319,3.2245832583187806,137.63469040607217,68.47525616678021,265.05242819542394,1.7363980996970674,75.2169451932026,0.02308519835838782,175.0,philippine,25,philippine_02
8147.411431718062,5577.435414096916,141.0,444.6712156359322,5.779497136880734,109.73796888335431,50.62585164372256,270.3140770627769,5.199491496358748,23.21868220229755,0.22393568468085776,175.0,philippine,26,philippine_02
8162.352731277532,5658.860057268723,131.0,423.7047408604905,5.908578386270906,127.7184077895023,61.977555968269904,161.9562593315107,2.7114724747559307,20.840984055287716,0.13010290049466178,175.0,philippine,27,philippine_03
7950.387819383261,5721.285748898678,121.0,440.397935905304,5.061563392440359,141.16390229478728,70.82631702766074,107.40742380852004,5.020087063060086,23.711459079819857,0.21171565386005867,175.0,philippine,28,philippine_03
7659.610577092511,5735.773017621145,121.0,445.1523605953834,4.321750775168905,139.37625588016155,69.63295786628258,141.04781775335124,3.460311961331299,23.710322788610867,0.14594115787379505,175.0,philippine,29,philippine_03
7685.18236123348,5739.643004405286,131.0,616.5499262512077,3.155526055542016,189.1407814000211,104.61886973986083,122.09274450538007,2.2395711271494445,44.841545688631015,0.04994411081858087,105.0,philippine,30,philippine_03
7737.552449339207,5765.11604845815,151.0,571.3593644359396,3.4521818030029072,140.07541114343445,70.0990813198581,147.27036835685138,1.9733114890645747,39.54861749153536,0.04989583996171105,105.0,philippine,31,philippine_03
7773.385634361233,5758.898823788547,186.0,1046.586776617265,1.9248158447824348,212.79260464246008,122.41608679605449,140.8412207995148,2.96735445115856,47.16151516230863,0.06291898046418284,140.0,philippine,32,philippine_03
7614.715378854626,5793.526568281938,186.0,662.3707414870951,2.7495006897253926,172.75710354552123,92.71379053942059,136.60047809373827,11.924041663803797,51.08639667009102,0.2334093308793656,105.0,philippine,34,philippine_03
7802.3416123348015,5815.579850220264,186.0,621.0667789383537,3.198950305328988,176.4932996951666,95.3968604551454,131.0783494901584,23.970019858050303,31.696506823881727,0.7562353792245049,140.0,philippine,35,philippine_03
7893.15360352423,5818.4625550660785,181.0,690.5654032747225,3.0043367921702737,200.4577892326751,113.04734500130883,100.97240941709099,4.7659030759437595,45.781741123955314,0.1041005204026633,105.0,philippine,36,philippine_03
7957.304678414097,5760.043537444934,181.0,441.85834808781294,4.972772723380772,148.6571378470245,75.88293865566041,148.00967447999108,14.400693981777696,50.08839597522528,0.2875055928902288,105.0,philippine,37,philippine_03
8587.614466960353,5760.15286784141,176.0,339.9886348336257,8.31634151683502,131.57442424584445,64.48495823931691,166.28534004962685,,,,,philippine,38,philippine_03
8708.135436123348,5745.926559471366,186.0,378.2841813822033,7.830644320966421,141.93356022344312,71.34166607502965,121.71353834150067,13.888396670945328,111.62687643975092,0.12441803545798757,70.0,philippine,39,philippine_04
8812.37673568282,5763.526312775331,181.0,371.2931446313221,8.21143742348075,135.1068616677542,66.80356816906755,134.17737842403338,,,,,philippine,40,philippine_04
8837.321537444934,5768.806689427312,176.0,360.21292899655424,8.518613855881265,130.07398904510467,63.50633706774748,106.36278118149039,19.245012071693196,99.6950586336885,0.19303877579735942,70.0,philippine,41,philippine_04
8793.685559471365,5733.206511013215,151.0,300.66924764325194,10.178889502159691,89.2109006813309,38.41082931625399,179.33733826305792,2.1105798988296125,91.13462985374974,0.023158923256906962,70.0,philippine,42,philippine_04
8860.886515418502,5710.78424229075,151.0,319.6022736469283,9.856319972891495,88.68208625852347,38.10754639932223,178.5058814169554,4.724046234041129,40.945005285132574,0.11537539685594972,105.0,philippine,43,philippine_04
9625.075731277533,5703.884585903084,71.0,77.45108153780144,50.62797145654626,17.96823050108896,4.534925938328703,146.68188615419504,4.42441485646,19.526187579468257,0.2265887715383961,140.0,philippine,44,philippine_04
8831.152713656387,5741.064889867842,141.0,279.9083678347327,11.039640749907974,78.80354783345685,32.5554832063095,151.61637817555504,3.5048758176094643,33.788474448958326,0.1037299219561988,105.0,philippine,47,philippine_04
8813.892766519823,5765.219660792952,151.0,322.03516197648975,9.466895127276318,87.07116341672456,37.187380009488166,139.2967983468772,2.491316758906568,67.36738679702809,0.03698105088167784,70.0,philippine,48,philippine_04
9765.4197092511,5748.441788546255,191.0,429.49202668063845,9.352857960485,157.26816082288923,81.79954020105129,133.53996554529357,9.829292708634023,39.845042901540715,0.24668796901342896,105.0,philippine,49,philippine_04
9331.285854625552,5758.3136079295155,151.0,289.1914919678155,12.355039293803557,91.26199552688729,39.59281672840074,199.9838912822113,5.379024146577537,58.052979128630156,0.09265715950010131,70.0,philippine,50,philippine_04
9212.853594713657,5771.204594713657,141.0,301.102859466136,11.430143858820013,80.90139028722068,33.71613353647835,211.0270417127227,4.09306155856825,47.51242208925831,0.08614718801072481,70.0,philippine,51,philippine_04
9237.950392070485,5804.544037444934,151.0,296.0236126765987,11.598420556999605,94.32579375220516,41.37491137551602,164.5033480024731,5.591033085637846,30.56705324323934,0.18291043762533574,105.0,philippine,52,philippine_05
9389.144515418502,5805.947348017621,66.0,94.08123287854474,38.08620548188023,15.455037420985185,3.7095668323123183,174.27638535782916,4.144181060249449,35.428266990248375,0.11697385766540977,105.0,philippine,53,philippine_05
9610.615066079296,5814.112004405287,151.0,335.1170276375901,11.328887369398934,93.21938811508844,40.72909709053436,166.02105208928572,3.0354114146007585,26.809357034316086,0.11322208923979114,140.0,philippine,54,philippine_05
9517.2019030837,5831.519066079296,156.0,410.5546402316296,8.977325977670084,102.69790825147179,46.34240651754202,184.94806667747295,4.191645527404503,45.763172116498325,0.09159429588346543,105.0,philippine,55,philippine_05
9504.308837004406,5806.770704845815,136.0,342.49487272174827,10.795893388928386,77.57091528845454,31.87828921208272,141.5988354385349,22.48701917854614,57.66312931393521,0.38997223088813177,105.0,philippine,56,philippine_05
9596.566295154184,5785.546092511014,136.0,334.6067725386391,11.389548913577617,75.06596009854785,30.513159325888832,173.5664108315139,15.12635189755661,42.64479232642683,0.35470572307566056,105.0,philippine,57,philippine_05
9468.188149779735,5831.8063700440525,141.0,370.9331516838619,9.803334544858611,83.82522238578336,35.350541517179856,159.2755205410376,8.734133813337026,42.096362353607404,0.20747953801734043,105.0,philippine,58,philippine_05
9307.35240969163,5771.254471365639,81.0,139.94500248363818,25.26776859173244,28.12838072934606,8.243078346294086,121.05431856178697,14.290234088763583,80.98906012061329,0.17644647397416136,70.0,philippine,59,philippine_05
9265.704982378855,5790.454101321586,81.0,115.64497755220629,30.051031654084728,25.64352737781932,7.286743304928501,131.73060008806047,11.745015805535736,44.9638866364279,0.2612099772536213,105.0,philippine,60,philippine_05
9235.954669603523,5792.492713656388,126.0,182.46633614345046,18.871765766371126,55.00263602816632,20.156159680427333,132.63097236267436,4.524114370291076,34.49507930272835,0.1311524559948829,105.0,philippine,61,philippine_05
9315.52198678414,5806.134986784141,136.0,259.9881552599586,13.498257243646394,70.3964493076322,28.008990607227517,121.91079175221462,3.9612997782530317,42.22644240645658,0.09381088134593442,105.0,philippine,62,philippine_05
9269.828775330398,5736.864052863437,81.0,72.50956700248382,48.724118326977994,23.162709655659214,6.362321382258949,117.92805084786171,7.69565883893716,76.46213751222838,0.1006466610707347,105.0,philippine,63,philippine_06
9252.260515418502,5778.964682819384,81.0,95.43387100902905,36.39479144957358,23.81522291142239,6.602412480802139,112.71266626725358,3.6971291079906625,105.3112090461031,0.035106700810662375,70.0,philippine,64,philippine_06
9689.132629955946,5788.728396475771,86.0,94.7878250109245,41.14878923564968,25.831100088511278,7.3578961660900015,129.47194405894635,3.4494737701796025,26.186497818930057,0.13172718986828394,70.0,philippine,65,philippine_06
9724.075400881056,5775.38086784141,91.0,129.90302576609017,30.39724833007248,32.80897006025344,10.120918201545456,108.72330256917682,3.368537463680666,12.492836375371573,0.2696375236548695,70.0,philippine,66,philippine_06
9608.337387665199,5836.1125859030835,91.0,185.9625760387101,20.28485990093451,35.487678544191894,11.237418955681012,110.40065144469717,5.851874177668973,13.110221170678086,0.4463596839050354,70.0,philippine,67,philippine_06
9371.787955947137,5859.083691629956,86.0,108.16337356379199,32.475912580939216,27.471529889599765,7.987427205198695,126.20165609972892,,,,,philippine,68,philippine_06
9423.701185022026,5888.8808942731275,121.0,215.75243626752575,16.383686561786217,61.58133542972329,23.433037563951054,93.66833544390246,30.047307021727743,42.19444671197624,0.7121152038521524,105.0,philippine,69,philippine_06
9535.767008810573,5951.122374449339,111.0,331.2986961015763,10.81997809391372,61.40481808264085,23.343522123108723,153.37734282767286,2.1359116419274695,37.85576073282921,0.056422367443673314,70.0,philippine,70,philippine_06
8961.396286343612,5869.192550660792,106.0,343.91127002119913,8.991283523486196,58.984882192116565,22.125040467020714,126.43962547920492,19.014442360402484,32.105860542258384,0.5922421028203025,70.0,philippine,71,philippine_06
8687.731484581498,5943.320511013216,76.0,122.22722005135994,22.453353454452124,27.598327368886046,8.03662062804395,132.6398160996702,,,,,philippine,72,philippine_06
8496.471378854625,5979.3028854625545,146.0,315.7354950651585,7.972396302394197,135.9199770603513,67.34016486497127,138.6257286446815,,,,,philippine,73,philippine_06
8389.64972246696,5944.196660792952,136.0,302.61717773405,8.08101205617334,136.692757811091,67.85113643402534,204.27180876005494,6.733451160548091,87.3879705293997,0.07705238054799286,70.0,philippine,74,philippine_07
8124.214299559472,5923.945167400881,36.0,491.9656341973648,4.472404125845702,16.966204395507994,4.200903559729333,119.02260451384915,8.460804771311258,50.259367409992734,0.16834284248530063,70.0,philippine,75,philippine_07
8378.331762114536,5928.819986784141,56.0,148.90845392907516,16.44978314325319,20.171812337363857,5.291226396131602,125.83422254655655,,,,,philippine,76,philippine_07
8786.281942731279,5899.625938325991,56.0,114.69300037137923,25.168545552546473,20.760158529998286,5.4979907646389705,107.13450893232725,,,,,philippine,77,philippine_07
8808.353612334802,5901.2515682819385,51.0,56.52528271210949,51.43011948934616,11.274424243717002,2.436065430970705,106.72974748798535,2.3817055000290424,142.43555093109518,0.016721285412665127,70.0,philippine,78,philippine_07
8777.01437444934,5931.41791629956,116.0,287.8384608865654,9.88608836145495,67.4636427761247,26.46404149523843,121.98491138399419,2.6075712774071143,55.0737197297363,0.04734692499804389,70.0,philippine,79,philippine_07
9020.111911894273,5917.60404845815,51.0,412.1888094369988,7.5269094948836255,23.39127492313338,6.4461683428947145,161.78042263374098,,,,,philippine,80,philippine_07
8943.913484581499,5916.996226872247,66.0,445.83678314761266,6.789294585204887,36.735159734795445,11.767179058133753,156.2038816030525,23.64918531188895,86.14361759750048,0.2745320660015461,70.0,philippine,81,philippine_07
8679.583396475771,5839.949387665198,76.0,599.7986253709989,4.734312298655484,47.91840058772876,16.771279768633605,206.64143696976296,,,,,philippine,82,philippine_07
8519.346797356828,5679.897477973569,81.0,1034.6724654074674,2.744297750559204,57.13913918187668,21.206778956871197,306.4242646160273,95.94890041425862,25.46666150812389,3.7676277427903466,105.0,philippine,83,philippine_07
8404.958876651983,5836.837154185022,101.0,1492.915482510476,1.7202056998889352,74.72642240336538,30.32927571933977,261.69450098910534,46.47433401916904,17.423532810927583,2.667331276813251,140.0,philippine,84,philippine_07
8772.65108370044,5571.956220264317,116.0,1241.6473144072258,2.577781006166123,94.55534124829971,41.509216913436326,305.8612530830707,33.945713747134874,23.208316659726243,1.462652989651826,175.0,philippine,85,philippine_08
8786.356792951543,4875.1445903083695,126.0,613.0544441002498,6.379877415917715,85.19466016122996,36.12265126619352,405.53178841950603,15.322162801319603,26.023925381751106,0.5887721616379996,140.0,philippine,86,philippine_08
8912.210057268723,4861.784392070485,106.0,559.5994612688129,7.23807999388432,63.40717084834622,24.36394552451338,306.4393665573338,,,,,philippine,87,philippine_08
9089.766753303966,5184.3548259911895,121.0,701.578127417225,5.566610153155826,82.2272148245958,34.454865494547185,285.09928556273684,,,,,philippine,88,philippine_08
9189.601704845816,4994.821914096916,126.0,405.72592888534,10.338949256394121,71.43043615209076,28.55885914386425,277.3062090547738,4.296172765642067,137.13575548875042,0.031327881997882695,105.0,philippine,89,philippine_08
9215.950211453744,4531.065211453744,136.0,216.3070459098535,21.658494665737507,60.661398199989726,22.967462020976672,488.0868352465408,60.231966168009095,74.07374367857045,0.8131351701268774,175.0,philippine,90,philippine_08
9214.144559471366,4444.464894273127,116.0,340.8562165662486,13.993230674351533,59.64542096824535,22.45601015620336,417.487214734844,12.516969331078885,83.61439392245613,0.1496987389837102,175.0,philippine,91,philippine_08
9271.6543876652,4856.391511013216,96.0,255.9328504215582,17.251645771066165,48.2701256558094,16.935617033349324,291.5310777248058,12.161327758401983,108.9947703307827,0.11157716761542032,175.0,philippine,92,philippine_08
9281.790638766519,4717.081303964757,81.0,125.3586333104605,36.41320277875797,30.50020553791047,9.182624104128186,246.7585187527234,6.879169250971293,122.57399626199621,0.05612258277251064,175.0,philippine,93,philippine_08
9122.248731277532,5004.599691629956,76.0,217.46857911697796,18.93445506641519,32.312933275698605,9.917410662709472,262.9937310471746,12.677012252374723,102.45644582593694,0.12373074383149768,175.0,philippine,94,philippine_08
9063.9910969163,5212.721044052863,71.0,217.98585996974347,17.66752234937621,29.492035523139496,8.780167135150089,254.27113840547565,10.818572943258953,109.16671322097567,0.09910138927934889,175.0,philippine,95,philippine_08
9011.79118061674,5340.233744493393,71.0,278.018414582626,13.206166367200018,30.876685355629174,9.334062004377234,222.67416270408756,,,,,philippine,96,philippine_09
9098.389436123349,5246.133925110132,221.0,55.12805775973786,69.87831002141105,91.25730521463555,39.59010364457906,215.81847484411193,23.9426753728741,15.028850074438727,1.5931142605245712,140.0,philippine,97,philippine_09
9085.526581497797,5273.065629955947,211.0,67.8388415141227,56.19879211451704,89.28974680986707,38.45610018469598,218.5094308396848,2.853210229212969,14.217134791036324,0.200688132394431,140.0,philippine,98,philippine_09
9153.786964757708,5270.831511013215,171.0,103.45460421242738,37.53294001078452,79.64575788325573,33.02022165263003,208.1451484553112,5.522608552383292,21.945861825949176,0.2516469207809037,105.0,philippine,99,philippine_09
8872.755709251102,5378.532920704845,46.0,75.98413749610854,45.9862137505372,8.352681859716949,1.6330433197117293,161.89087504662305,1.6036017845778483,8.844392613256653,0.18131282211219876,105.0,philippine,102,philippine_09
8816.775911894274,5358.254202643172,86.0,369.62201879630874,9.356914722001516,49.060888678452784,17.306543279279666,220.38429578100758,1.7708424779161644,8.569887891380242,0.20663543098356185,70.0,philippine,103,philippine_09
8430.598079295154,5304.469762114537,96.0,425.39366412384135,7.348789088383162,63.89786492516504,24.61566546922984,125.31141332980928,4.018694553536245,17.724788098837678,0.22672736797343013,70.0,philippine,104,philippine_09
8240.895484581497,5295.029200440528,91.0,666.3673856520076,4.420784011298188,60.06382265975471,22.6662883900467,249.2128697990633,4.057666598667462,11.458332581973494,0.3541236536501894,70.0,philippine,105,philippine_09
8066.25827753304,5264.903995594714,86.0,744.014173189679,3.7651894048316055,59.312623702687496,22.28910512858687,275.75334910307555,,,,,philippine,106,philippine_09
8342.055480176212,5185.401242290748,86.0,495.4225881340045,6.371639714238535,58.93213765744579,22.098665324395093,182.05299804947458,,,,,philippine,107,philippine_09
8360.507154185021,5215.822552863436,76.0,410.7207511994337,7.656502848074069,44.428989063835125,15.162996234697497,92.71039615643059,,,,,philippine,108,philippine_09
8613.10232599119,5215.038092511013,76.0,261.02021120852305,13.018395080392999,41.22392252778858,13.722361925565444,76.99916290741695,,,,,philippine,109,philippine_10
8829.99545814978,5212.041057268722,71.0,255.17149051531288,14.178521250844613,33.93626962450762,10.587219587248107,75.782099283221,,,,,philippine,110,philippine_10
8823.025092511014,5222.2126167400875,71.0,268.6638723859937,13.402667220539355,32.95304120430442,10.180218991677952,80.58092667302904,,,,,philippine,111,philippine_10
8754.218458149779,5168.27054185022,76.0,340.7080432641356,10.52498755809981,35.44051261325639,11.217509477001922,92.61818511825771,,,,,philippine,113,philippine_10
8703.032013215858,5005.742136563877,91.0,282.764844814036,13.075493451399703,43.97554920402125,14.957011051945736,427.79979959843257,28.66050957185726,48.386013903929815,0.5923304537704337,175.0,philippine,114,philippine_10
8367.464387665197,5043.811960352423,96.0,428.2467375793413,7.761068878421989,58.866011600027164,22.065609806143968,160.62443412186892,21.118477815654593,143.82887295872567,0.14683058680237956,105.0,philippine,115,philippine_10
8302.751973568284,5072.993669603525,111.0,455.57364254502727,7.0894318774061675,74.47621158358179,30.19394697238985,152.52802998859175,34.978662523086385,101.91137429324667,0.3432262862282322,175.0,philippine,116,philippine_10
8125.16214537445,5046.285678414097,131.0,332.5098852266143,9.259503562915182,76.8174606468646,31.466109334659052,148.728564704614,37.53847389205135,76.08679020078162,0.49336387818428074,175.0,philippine,117,philippine_10
8185.2191541850225,4792.6104537444935,126.0,152.10174063021114,22.304864404468713,53.723833598296196,19.533756915769278,204.88764137007374,20.379451546409285,40.46491431054762,0.503632638141956,140.0,philippine,118,philippine_10
5809.316568281939,3451.5402466960354,401.0,55.67900285584932,42.34587906845406,115.50514033703921,54.204024724341565,585.0074042099674,,,,,philippine,136,philippine_10
5568.628008810573,3302.5553788546254,401.0,38.02154606869425,59.599697125987234,111.2629474678276,51.566050085452424,590.7271938799084,4.217294619902705,119.47643287198429,0.03529812966898183,140.0,philippine,139,philippine_11
5110.936348017622,3507.1922202643173,51.0,1413.6796763028465,1.1344466180256108,36.72568040243383,11.763130613192356,563.2292148505634,16.039614353657534,33.14202357519548,0.48396605346880744,175.0,philippine,147,philippine_11
5169.870427312776,3600.3683039647576,51.0,1616.0023761358975,0.9712251334066301,34.90539610826938,10.992248712520812,518.2545873005992,13.78950690494352,30.52978524187215,0.45167389143736797,175.0,philippine,148,philippine_11
5100.4079162995595,3585.215911894273,51.0,1634.5560835860363,0.9269746199721222,40.655527801313454,13.470671848208058,532.2890196538024,23.615352597369615,28.086557464709287,0.8408062336241195,175.0,philippine,149,philippine_11
4723.027678414097,3628.093612334802,31.0,1890.1703561506595,0.5792779801653081,31.3509238688829,9.525700218384852,396.23971253825107,8.259699533741818,15.879876446901404,0.5201362593317601,105.0,philippine,152,philippine_11
4394.2589911894265,3461.3387973568283,221.0,1233.1375365228337,0.7565418829623987,239.32364870228386,143.17832336161612,539.9246739104681,112.27821742378093,41.66147097826379,2.69501327695223,175.0,philippine,169,philippine_11
4345.860422907488,3383.4419955947133,16.0,49.87095359602317,19.29817574993233,51.29731236604029,18.366339193219744,322.92531392437945,4.44037583522499,19.548174668554786,0.22715040716143095,175.0,philippine,173,philippine_11
4179.236845814978,3314.887832599119,116.0,631.5915450207747,1.3685253072655175,88.23118785808214,37.84942505391337,454.85989752066047,,,,,philippine,175,philippine_11
4148.769123348018,3228.8215991189427,111.0,948.1396864093326,0.9702658135880561,98.71417297100544,43.96115899637574,546.6663637549061,126.56580796961701,23.923796266076504,5.290373089704202,140.0,philippine,176,philippine_11
4037.939436123348,3336.1574713656387,46.0,1431.651942194592,0.4901903486974226,245.8005998150074,148.3680434687238,534.1688262582766,65.36381257053213,27.249703628607413,2.3986981092121527,175.0,philippine,177,philippine_11
5455.182581497797,4528.496343612334,131.0,696.2153665611752,1.331033876001122,142.91392149619145,71.99944800864496,134.63440593650733,17.7724251672163,20.93447103345556,0.8489550626244167,175.0,puysegur,39,puysegur_01
5740.185444933921,4506.47422907489,136.0,541.4695488394966,2.278449856512115,189.656087881752,104.99908209535278,143.52509491530006,,,,,puysegur,42,puysegur_01
5722.608471365639,4522.265321585903,131.0,551.1522640907353,2.1778793774167022,223.39463245637273,130.61511303601984,160.56412808180193,9.823281926328717,21.294092918085752,0.4613148803340428,175.0,puysegur,43,puysegur_01
5797.576400881057,4564.16263876652,141.0,721.5327980826418,1.7094354759646928,203.4311780346224,115.28862792891879,224.28314530617322,29.340166889146687,24.347937558767505,1.2050370516323885,175.0,puysegur,46,puysegur_01
5817.314511013216,4586.353414096916,96.0,593.1244952401915,2.075384015994502,190.66427191660077,105.74395369840335,200.30450080556997,6.855929132519309,22.613083951815064,0.3031841719213628,175.0,puysegur,47,puysegur_01
5873.634744493392,4616.5903832599115,91.0,837.801859805673,1.5004076996499507,207.25766785365752,118.18905527846916,295.2672514180766,4.637591920871154,25.372276872717475,0.18278185848814793,175.0,puysegur,48,puysegur_01
5863.552488986784,4662.126162995594,121.0,849.4318648239594,1.4143881054429002,167.07639948333718,88.67133805084909,291.65309271338765,,,,,puysegur,49,puysegur_01
5874.653559471366,4662.121462555066,86.0,656.5431161939779,1.8468430587551141,122.24048581445612,58.458797124439386,229.91652196887784,5.459457875005871,20.66224627889802,0.26422383129667354,175.0,puysegur,50,puysegur_01
6255.820052863436,4639.960268722467,76.0,579.6877828825056,2.7874656528141473,99.58306626595834,44.47784918670403,227.76639353599663,,,,,puysegur,51,puysegur_01
5987.543334801762,4605.305046255507,76.0,655.6583701476396,2.1081684478991805,81.20163663559599,33.88307590740389,227.58477076704375,3.3193241848167583,18.639348915113157,0.17808155209355966,175.0,puysegur,52,puysegur_01
5946.537211453744,4631.40086123348,91.0,598.3451940591144,2.1979559011722136,94.26847887116588,41.34139409683665,238.68443450357,,,,,puysegur,53,puysegur_01
6067.755678414097,4627.330766519824,96.0,627.6877190223481,2.2948113659731946,90.03283567560767,38.88341110915178,187.6015480150472,34.22101599354777,139.33291291993993,0.2456061190166247,175.0,puysegur,54,puysegur_01
6041.570110132158,4575.36622907489,81.0,608.0395445824244,2.4113627051414803,83.7730323198231,35.32119862858805,253.7009258671282,1.7990041197571296,46.82974548528477,0.03841584234794587,140.0,puysegur,55,puysegur_01
6047.6365330396475,4551.303101321586,81.0,480.2608308298921,3.1156682695367706,74.20231274207833,30.045980014630434,285.36781379785657,20.53075851724651,58.30892769609183,0.35210317405001074,70.0,puysegur,56,puysegur_01
6046.6960881057275,4554.940766519824,81.0,582.7151440665886,2.560007813037782,70.68676335347585,28.163107987049607,193.2128438022786,,,,,puysegur,57,puysegur_01
6154.117603524229,4478.751290748899,66.0,667.7483968271385,2.508978412731458,49.091475644759676,17.320931105430496,200.6234966278865,14.114380041077872,20.392917371649247,0.6921216706688589,175.0,puysegur,58,puysegur_01
6017.853383259911,4472.969947136564,101.0,738.6894219310807,2.091384268214801,104.8031105326665,47.61334377338292,361.5144127353343,20.054439035585307,15.503658757347813,1.29352944033812,105.0,puysegur,59,puysegur_01
6028.619114537445,4514.568004405286,96.0,1051.5197347367548,1.4398694195798405,98.21495021873913,43.664978739178075,524.5052424665948,14.58866883294667,19.822589805120984,0.7359617979471997,105.0,puysegur,60,puysegur_01
6090.245594713656,4543.859066079295,86.0,1113.722978445657,1.3884839933827542,80.45663888874935,33.469223211913906,411.22096922385947,134.8867115896082,14.152466331950542,9.530968555289094,105.0,puysegur,61,puysegur_01
5956.223334801763,4561.633264317181,91.0,784.178142638265,1.7784097702502464,93.41441290104719,40.842749439462374,387.72400378697665,,,,,puysegur,63,puysegur_01
5721.166396475771,4550.991828193833,76.0,811.6346527880759,1.4417503790187234,85.33162033043176,36.200100400878874,246.1468314816612,,,,,puysegur,67,puysegur_01
7105.218845814978,5739.9218590308365,146.0,2837.6855338907553,0.48113047428203937,192.42836448281847,107.05046795627923,374.5231385487833,33.478461849776195,65.71597288123226,0.5094417746851506,140.0,ryukyu,0,ryukyu_01
7140.002907488987,5747.498982378855,141.0,2871.2173782987365,0.4849872864503292,185.84833895837178,102.19775690215567,429.8268533452744,71.00103856613681,72.20253597725389,0.9833593461108404,105.0,ryukyu,1,ryukyu_01
7130.772969162996,5720.494713656388,146.0,2766.701730470945,0.5097326683156957,182.3191392048432,99.6183782982076,283.10230034772474,95.80968970126183,52.989537264925,1.808086928977213,140.0,ryukyu,2,ryukyu_01
7149.737612334801,5681.973303964758,151.0,2591.906620480183,0.5662874953797994,180.91534242349945,98.59698842322135,306.877906744441,76.58694363466766,44.25991997080008,1.7303904680621864,175.0,ryukyu,3,ryukyu_01
7114.655603524229,5626.295788546256,156.0,2266.7377683879054,0.6566087333677283,186.90901564130797,102.97618198542898,185.35524950385226,,,,,ryukyu,4,ryukyu_01
7048.039185022026,5567.370321585903,171.0,2273.18693736359,0.6513625602447731,202.89741326713164,114.88547712820126,433.60386961100727,40.00248459566837,53.40024254716166,0.7491067959165026,175.0,ryukyu,5,ryukyu_01
6804.724982378854,5581.610039647578,181.0,2278.727790795756,0.5367534234109428,215.46944053929087,124.47363256535095,463.5511119681173,32.24659552437359,62.125172411208055,0.5190584472093305,175.0,ryukyu,6,ryukyu_01
6453.399881057268,5573.504918502203,196.0,2285.832855238622,0.3849340779832356,227.3856848366572,133.73567639692803,497.4547435496844,52.07001097668227,65.58276517990065,0.7939587608703075,175.0,ryukyu,7,ryukyu_02
6573.208559471365,5478.3433744493395,211.0,2338.029936852404,0.46828535758442813,240.3952059319004,144.03372368441336,545.3799711440153,135.76904610313505,68.82876146459164,1.9725626789460722,175.0,ryukyu,9,ryukyu_02
6681.3960969163,5399.967832599118,216.0,2359.3541021669785,0.5431267240217303,238.79153774140158,142.75402480487844,598.2331694875919,,,,,ryukyu,10,ryukyu_02
6712.998334801761,5458.869317180617,201.0,2746.4270977486235,0.4566401994246318,223.3629747985705,130.5904340134224,611.2403976149238,,,,,ryukyu,11,ryukyu_02
6816.41477092511,5432.211773127752,206.0,3247.0714893878285,0.4262927386481171,213.2642082042744,122.77796138253647,758.8546486411954,,,,,ryukyu,12,ryukyu_02
6804.3294757709255,5266.906955947136,216.0,3375.8897984643127,0.45541253168961865,221.3160777139248,128.9972360333658,792.6174552876766,,,,,ryukyu,13,ryukyu_02
6743.475092511014,4928.127251101321,221.0,2966.0442386320337,0.6120434138389478,231.8986308943071,137.28635190388917,626.1043823037711,68.02777240541823,73.37792340043634,0.9270877295638174,175.0,ryukyu,16,ryukyu_02
5950.695317180617,3466.660947136564,356.0,66.38260470840078,37.41995935464847,97.65076376380031,43.3308602426418,571.190116860089,84.29737560493058,72.47098195313717,1.1631879868750896,175.0,ryukyu,19,ryukyu_03
5912.912625550661,3562.0013149779734,101.0,598.7740769107879,3.9262075651330384,57.39940089495586,21.33566897121565,738.5359894317735,,,,,ryukyu,21,ryukyu_03
5677.5802951541855,4514.326887665198,121.0,2327.7015341723873,0.4997433693330366,112.48470347325247,52.32241031959784,851.5613853306996,,,,,ryukyu,22,ryukyu_03
6078.238211453744,4523.242909691629,126.0,2177.6980971284934,0.7140545807577859,117.74719241019342,55.61140479714623,737.6437348810091,,,,,ryukyu,23,ryukyu_03
5711.823634361233,4550.266405286344,126.0,2656.6671080858237,0.43722347656564786,122.61120836620238,58.695302961242604,761.1012075016895,,,,,ryukyu,25,ryukyu_03
5927.4376651982375,4567.208008810572,201.0,2352.3397264254127,0.578245412899885,213.60621693551153,123.04056118511525,943.7236377702781,5.869069931906856,45.64481229429914,0.12858131377702872,105.0,ryukyu,28,ryukyu_03
5850.733823788546,4161.772400881057,236.0,2101.172708211022,0.8038184659011216,228.50918080755562,134.61743866732795,717.0960756441665,3.832624788028892,79.9123867591641,0.0479603343544157,105.0,ryukyu,29,ryukyu_04
6489.14386784141,4171.70727753304,231.0,2336.2889104021806,0.991930655489622,228.78998691984012,134.83805206217187,893.9909641225631,24.119015387214702,65.9339077230463,0.3658059444698168,140.0,ryukyu,31,ryukyu_04
6434.6368061674,4195.644471365638,231.0,2331.0000497157857,0.9605286516723832,231.51404459767627,136.98286383603934,865.7715591317776,9.901446553987348,67.03685642111203,0.14770153438861236,140.0,ryukyu,32,ryukyu_04
5545.569458149779,3799.260189427313,331.0,87.97795781540276,19.84939537226597,86.27028306208905,36.732014682053084,772.1060503409345,94.87256747849081,62.42554356936463,1.519771587940959,175.0,ryukyu,35,ryukyu_04
5362.2137621145375,4803.074035242291,186.0,2047.4300292338155,0.27309344831749227,227.85175263989873,134.1012882485061,598.0977618831483,81.2799277721511,62.64467157182725,1.2974755191901197,175.0,ryukyu,68,ryukyu_04
5324.329546255507,4822.701255506608,181.0,2259.6315802799622,0.22199560987138842,219.0525591564228,127.24114260366684,703.6855797687252,95.14584192883574,62.068704972558926,1.5329116657243047,175.0,ryukyu,69,ryukyu_04
5318.514881057268,4860.225436123348,161.0,2545.1706289856747,0.1800623658448243,189.06310112681246,104.56158425482934,582.8777499314426,133.56081427307706,50.594804181115855,2.639812851038322,175.0,ryukyu,71,ryukyu_06
5342.438339207049,4815.572863436123,156.0,2388.6126485309424,0.2205738448613513,187.60653510416952,103.48889154632128,438.40585214217845,38.88253476631298,47.593742105914764,0.8169673794463161,105.0,ryukyu,72,ryukyu_06
5326.798458149779,4758.592944933921,151.0,2427.8739584662967,0.23403418914497418,178.220676774419,96.64377893496479,504.3328443091877,44.821426262772206,38.433214119520876,1.1662159225971853,105.0,ryukyu,73,ryukyu_06
5122.229563876652,4713.231449339208,121.0,2149.071840434402,0.19031384006910226,130.9247672844423,64.06077662102871,516.2764278394808,23.855837655202556,31.30127289564319,0.7621363429767433,105.0,ryukyu,75,ryukyu_06
4450.038427312776,4745.754539647577,106.0,2275.0384443502844,-0.12998290779180804,130.96054135198747,64.08411642608115,513.0289369795427,,,,,ryukyu,102,ryukyu_06
4819.591220264318,4716.46154185022,111.0,2076.151590534636,0.049673481880742866,130.3556574110718,63.6897627117657,508.8976572074395,10.4693503455922,29.59938064125132,0.3537016693856607,105.0,ryukyu,103,ryukyu_06
5114.79695154185,4830.505017621145,126.0,2336.357278279755,0.12168170363482549,135.96004492752928,67.36663445290783,537.7084801747152,27.29650313455043,32.48863616818922,0.8401861805845027,105.0,ryukyu,104,ryukyu_11
5323.544167400882,4743.523028634361,141.0,2502.1169144468204,0.2318121648982794,170.04092770814458,90.7753097509502,492.1993693669676,27.679825143962557,36.51086798196601,0.7581256396762353,105.0,ryukyu,105,ryukyu_11
5331.724947136564,4805.456169603523,156.0,2391.3800656510202,0.22006906601430212,187.26414816871028,103.23714152231808,459.9897683968185,50.95010296536432,43.454674897118934,1.1724884166316094,105.0,ryukyu,106,ryukyu_11
5278.32686784141,4891.990299559471,156.0,2535.9161448679893,0.152345955548956,186.95915418896917,103.01301492977495,505.6368660120966,32.0865063690554,53.410459917920925,0.6007532310780448,105.0,ryukyu,107,ryukyu_11
6787.1197400881065,5412.144524229075,376.0,47.085223085982136,29.201841379156154,113.45254067144381,52.92352381797842,473.89202943263945,144.97826646859647,87.14261976082264,1.66368955703321,175.0,ryukyu,200,ryukyu_11
6730.37962555066,5337.164667400881,331.0,51.1512209312329,27.237178952635393,94.30728674036727,41.36408788240865,297.89314475513265,22.108264554969683,87.62409117914041,0.2523080611446356,175.0,ryukyu,201,ryukyu_11
6679.665237885463,5270.054845814978,391.0,35.43210163239459,39.78342596482388,114.49183437411823,53.57092394147825,321.55683448965755,11.95585155670891,79.62307229537468,0.15015561711003492,175.0,ryukyu,202,ryukyu_12
6662.662004405286,5316.818295154186,401.0,38.1204168493972,35.30506275857742,112.59262284593822,52.3893528073241,411.2094944711942,40.876591231842234,72.77405123265783,0.5616918467430132,175.0,ryukyu,203,ryukyu_12
6456.999797356829,5350.667110132158,396.0,46.537303648673344,23.77302938684995,111.69592900149306,51.83378361258331,301.9109818327321,107.51285064847951,95.52186545773853,1.1255313129960398,175.0,ryukyu,205,ryukyu_12
6436.074753303964,5446.323292951542,351.0,39.10977585390151,25.307009276906577,87.95523245378635,37.6916682140203,353.665713664148,115.85758319462985,73.5262548486199,1.5757307839650494,175.0,ryukyu,207,ryukyu_12
6435.66881938326,5567.362660792952,311.0,34.16534285561778,25.414823502862433,75.8584367557296,30.943419393847112,368.2584308937254,18.112780964921956,75.41527956337086,0.24017388876350887,175.0,ryukyu,208,ryukyu_12
6442.386867841409,5479.097550660793,16.0,366.43325237345255,2.628826153033935,81.0700020961345,33.80985936007071,452.292833515629,2.8565281399861027,32.418233299159596,0.08811486158501286,140.0,ryukyu,220,ryukyu_12
6468.728118942731,5491.327352422907,331.0,29.703364997114335,32.90538855159266,82.43728729180846,34.57228158838043,359.5581853805646,71.63526355423866,71.32566329459007,1.0043406572802538,175.0,ryukyu,221,ryukyu_13
6978.141334801762,5177.421951541851,276.0,51.26346176205807,35.12676127137181,76.29665626210165,31.1819874323354,207.31630248086034,23.478991968365566,70.4038890732569,0.3334899858150609,175.0,ryukyu,235,ryukyu_13
6997.000563876652,5375.197986784141,271.0,41.918101358663876,38.68979091433272,73.20927623309717,29.51104599499969,300.55315021106327,21.186500562359203,31.593566951374086,0.6705953966821004,175.0,ryukyu,236,ryukyu_13
7012.923061674009,5488.991834801762,241.0,1524.8677146722066,0.9993858563658022,243.91077132918284,146.84903310302315,358.70840563255655,34.20052470337198,36.45475236730029,0.9381636818921218,175.0,ryukyu,238,ryukyu_13
7105.1960704845815,5669.066255506608,241.0,18.0071577884909,79.75327543894026,59.65816232576225,22.46240640558121,196.64436411326727,34.99940162859858,46.32268859164228,0.7555563524633867,105.0,ryukyu,250,ryukyu_13
7135.17777092511,5737.695202643172,176.0,1673.4512828889506,0.8350900815405897,228.15026060844474,134.33558703109048,187.8355024359364,,,,,ryukyu,252,ryukyu_13
4886.467784140969,2658.0868149779735,61.0,657.1892262071232,3.390775259697711,31.145758660710015,9.442674166471678,414.3879675571159,2.3455597737366087,30.729589975525872,0.07632902930383045,70.0,san_cristobal,0,san_cristobal_01
4869.493832599119,2804.0798766519824,56.0,677.7699964111063,3.047367052073436,30.987343435898463,9.37869139975748,425.8877306641836,2.1226355937078374,28.58083390867847,0.07426779780079497,70.0,san_cristobal,1,san_cristobal_01
4444.775044052863,3008.193528634361,16.0,137.17703101085715,10.472463974707262,105.35514158148489,47.94802966084845,442.5866522111741,20.320330071968918,77.81162064350708,0.2611477553599127,175.0,san_cristobal,3,san_cristobal_01
4898.14822907489,3362.758127753304,61.0,340.71313695038396,4.506401235550761,31.56980292585706,9.614475852079785,464.7107307671141,17.48375789338502,77.0555322426082,0.2268981523395059,175.0,san_cristobal,4,san_cristobal_01
5194.5853392070485,3699.0386696035243,61.0,450.0379869140377,3.3231565180945277,31.008270521526683,9.387137461681286,462.0260915997463,15.255548791279878,81.89404633956266,0.1862839787891881,175.0,san_cristobal,5,san_cristobal_01
5086.064308370044,3640.605962555066,56.0,544.4848621015094,2.654726414681293,33.44086004215413,10.381649671388661,449.9447391875103,18.930947199171545,83.66486688607876,0.2262711685772313,175.0,san_cristobal,6,san_cristobal_01
4647.85777092511,3918.0636651982377,56.0,819.5137858858964,0.8905208408885562,37.006170732142515,11.88306983571598,502.2467139996515,20.722852292239512,73.95110160525522,0.280223713270106,175.0,san_cristobal,7,san_cristobal_01
5033.739977973569,3773.3834449339206,56.0,1484.3857053024647,0.8490761724108847,38.201870408070775,12.397742767452428,577.2662404708169,21.49995391857177,63.011030903341975,0.34120936620688513,175.0,san_cristobal,9,san_cristobal_01
5122.624061674009,3912.1411387665194,51.0,1689.9884473930217,0.716266980862965,39.152394616554666,12.81074021223901,654.1842823683692,16.572030605843107,63.9120690529975,0.25929422801350965,175.0,san_cristobal,10,san_cristobal_01
5155.380568281938,3854.119259911894,61.0,1492.287597536217,0.8719909691124157,45.03757226856434,15.440561205794813,593.2337321774907,30.02367052726454,59.78213847563517,0.5022180753788357,175.0,san_cristobal,11,san_cristobal_01
5164.983528634361,3887.9546475770926,76.0,1553.1874941506976,0.8221987917534478,65.07010624617473,25.219616198017235,553.7631494094804,35.913815908343146,45.73519140054381,0.7852556162674355,175.0,san_cristobal,12,san_cristobal_01
5157.579083700441,4044.553931718062,91.0,1542.885442201595,0.7213919592073964,86.2172282428984,36.70189831516183,613.5670506293976,42.50966600441685,45.46744222499676,0.9349473804586745,175.0,san_cristobal,13,san_cristobal_02
5142.665264317181,3336.899215859031,96.0,1249.0968003580913,1.4456574125724067,78.95222829325685,32.637406516931904,773.7751435087675,63.450701802912754,49.31256837901818,1.286704462749301,175.0,san_cristobal,14,san_cristobal_02
5204.757026431718,2848.075295154185,101.0,941.7699902392153,2.5023962917728158,64.71354460146962,25.035525000927418,643.7606893330077,67.19250956423538,22.04118289352317,3.048498344613799,175.0,san_cristobal,15,san_cristobal_02
5193.569607929516,2935.897,106.0,999.2444038255572,2.259379786652924,70.0428453311714,27.821560893702845,672.0609567288982,87.02994487077437,24.5693314005964,3.542218689299042,175.0,san_cristobal,16,san_cristobal_02
5096.342757709252,2692.76459030837,96.0,1010.6512802199418,2.3782467943619543,66.48636199629357,25.954134148720296,701.6509988772129,,,,,san_cristobal,17,san_cristobal_02
5315.970070484581,2548.2367092511013,121.0,729.8041121371282,3.7924332231132047,78.65061827351225,32.47127236639273,876.2267859057241,,,,,san_cristobal,19,san_cristobal_02
5793.792079295154,2562.7329691629957,126.0,1091.4040480327035,2.960460991468982,84.97684878309111,35.99956733944109,879.2126053084204,19.89997760059228,22.832178479400394,0.8715759478906667,105.0,san_cristobal,21,san_cristobal_02
5730.64768722467,2696.555526431718,126.0,1115.8058462066244,2.7191936402805874,85.35299503386872,36.212191248470106,834.9842982270576,,,,,san_cristobal,22,san_cristobal_02
5932.570779735684,3203.066418502203,126.0,1832.7162988584462,1.4893218131653119,100.33476513645813,44.92606382654256,796.2087433911033,19.338727686043082,26.804564733386993,0.7214714313922554,70.0,san_cristobal,28,san_cristobal_02
6061.475964757709,3222.4490484581497,126.0,1891.620711047779,1.5008436414967181,103.68440458681387,46.93689638528169,851.2446519808124,18.37155427197567,27.300057397424887,0.6729492910776294,70.0,san_cristobal,29,san_cristobal_02
6191.758656387666,3165.632281938326,131.0,1776.9752059736288,1.7029648834021205,100.99962082389445,45.32343075643481,872.2865564517905,,,,,san_cristobal,30,san_cristobal_03
6671.624634361234,2751.3852511013215,146.0,1072.76424568814,3.654334490562014,94.58221393968643,41.52494692147479,750.11821822154,64.83250589832778,39.45880915998292,1.643042638095565,175.0,san_cristobal,31,san_cristobal_03
6921.512876651982,2069.9073127753304,166.0,131.7505916264737,36.824165295829914,49.77555819670887,17.643495753371475,604.8794866920445,12.987938229845128,47.29015442393754,0.2746435994565253,175.0,san_cristobal,32,san_cristobal_03
6724.876947136564,2423.3356343612336,181.0,531.6375716595834,8.091116095025882,100.20060730775299,44.84598736640027,583.969675606958,13.40965551595878,25.05186342910841,0.5352757711579154,175.0,san_cristobal,33,san_cristobal_03
6669.481647577093,2607.014462555066,181.0,577.6819701110935,7.032359317429931,102.96241811476965,46.501621478476984,554.3085505637949,14.411362894519476,25.975915649429698,0.5547971085606708,175.0,san_cristobal,34,san_cristobal_03
7113.746559471366,2893.2219823788546,186.0,785.0817859542213,5.375904335830067,125.00935175576916,60.23096056780242,579.853428920655,34.948418414130465,26.826589596841863,1.302752938012096,175.0,san_cristobal,35,san_cristobal_03
7158.063440528635,2777.643546255507,186.0,818.1125726538194,5.354299690156067,123.32456289630528,59.15106454113096,689.9874673641317,15.652172367968868,28.816591580055007,0.5431652915816142,175.0,san_cristobal,36,san_cristobal_03
6924.4454140969165,2547.6242863436123,221.0,400.34574998482424,10.932602951122162,121.98409361891143,58.29536913782721,727.9057674564426,11.559504616987315,22.156582854630074,0.5217187457483643,175.0,san_cristobal,37,san_cristobal_03
6690.993519823788,2618.875462555066,211.0,595.6888634253411,6.835981511981194,140.46697384246824,70.36047352565356,794.7373822042766,14.508076198978308,34.89453313800803,0.41576931668920186,175.0,san_cristobal,38,san_cristobal_03
6406.217123348018,3753.743837004405,176.0,495.19150576601106,5.356459582723466,119.42201441677754,56.66857719054133,574.5561773784489,63.3954558953568,24.235759344531978,2.6157817047997693,175.0,san_cristobal,39,san_cristobal_03
6638.89313215859,2657.856321585903,206.0,61.891610121027156,64.32272165464576,61.792315057187906,23.54014175592725,593.832704203232,50.94475685399353,77.11621142653826,0.6606231804129027,175.0,san_cristobal,40,san_cristobal_04
6826.71426431718,2861.505383259912,186.0,77.84733341915273,50.935705911818815,58.51609846704543,21.890899204005706,528.0861691207057,56.66985858239448,61.953210754140954,0.9147202847530653,175.0,san_cristobal,41,san_cristobal_04
7254.1180792951545,2881.5987885462555,181.0,93.8994776716197,46.565959674879586,57.12312157221539,21.19885290032274,490.16253246328466,63.684890823769464,54.94975638827802,1.1589658446120945,175.0,san_cristobal,42,san_cristobal_04
7773.651748898678,2969.646537444934,186.0,91.05277884487329,52.760665543644016,56.02085248416974,20.65519992673887,377.20804440068264,112.71456005698141,48.44129211847859,2.326828107336652,175.0,san_cristobal,43,san_cristobal_04
8061.690453744493,2958.149823788546,306.0,370.2120725844206,13.785451658365817,164.52677497177,86.8717489348163,419.7597551453021,25.659169013438397,27.810117221736515,0.9226559100363328,175.0,san_cristobal,46,san_cristobal_04
7701.411127753305,4405.663795154185,401.0,57.15730864411114,57.660995781309886,112.32745271715454,52.22490585062854,664.4790183987575,8.545476228399249,74.50795951102765,0.11469212530420275,175.0,san_cristobal,59,san_cristobal_04
7214.378973568281,4235.08363876652,391.0,64.5634841653889,46.14520689697997,106.18555404301749,48.4525942591338,546.1521321645341,9.39765275297726,100.68562507022115,0.09333658847946823,140.0,san_cristobal,60,san_cristobal_04
7527.262378854625,3997.4760176211453,411.0,67.50192648755342,52.29163884506811,112.85158555872394,52.550074845882776,557.4104221050438,6.827506924429949,81.98621268467768,0.08327628147294495,175.0,san_cristobal,61,san_cristobal_04
7497.353603524229,3780.6164801762116,411.0,59.858921955397506,62.0916147824623,121.31022026406545,57.86637897108359,435.7393402685158,4.962724266328672,77.27406631388565,0.06422237761075221,175.0,san_cristobal,62,san_cristobal_04
7622.459123348018,4044.791290748899,396.0,42.5179090846961,84.14496172594868,112.47661026207024,52.31739095577663,378.36708577351357,60.104210307054316,86.97415159428284,0.6910583110649763,175.0,san_cristobal,63,san_cristobal_04
10323.312370044054,5697.55672246696,106.0,178.52811333219708,25.910516619697287,37.81052538737379,12.22869372452103,176.54331444896184,3.931851909606528,5.067919135562822,0.7758316193357874,70.0,tonga,2,tonga_01
10392.052792951541,5693.169938325991,126.0,121.64609269920054,38.62748692014858,43.75862901886478,14.858719846281787,122.2042894444034,8.177335087388817,22.214672501322834,0.36810513802991585,70.0,tonga,3,tonga_01
10772.627845814977,5649.29140969163,116.0,123.37987347276297,41.52489617566646,40.583010878917335,13.438644677412757,162.88472816893992,,,,,tonga,5,tonga_01
10673.315784140968,5654.098101321585,111.0,125.26872931392037,40.067602747381166,36.23904202950575,11.555765765341647,153.94912956997945,12.326739884417751,80.24459057664347,0.15361459004073547,70.0,tonga,6,tonga_01
10503.932863436125,5690.664273127753,131.0,124.75212070245892,38.582659462665944,47.20069778345335,16.437193859210808,94.32738279447639,6.756295162511298,22.37316750835018,0.3019820577479561,70.0,tonga,7,tonga_01
10282.12936123348,5682.558585903083,131.0,109.89721743503875,41.85338703456477,46.219600327283594,15.983235537455558,123.21598651730218,7.369725037306262,112.81856305837674,0.06532369175357142,70.0,tonga,8,tonga_01
9962.423290748899,5653.214916299559,156.0,106.42494458489772,40.49058602996764,55.525747236396676,20.41216174091712,115.12001479948117,6.518430263685852,42.96729620895358,0.15170678257217252,70.0,tonga,9,tonga_01
9869.52627753304,5640.4445726872245,161.0,123.18575004291793,34.3309327854269,61.163211727872124,23.22113777407663,130.94568526309067,5.875224081986173,127.7347588834955,0.045995499841549436,70.0,tonga,10,tonga_01
9789.856308370045,5644.796854625551,131.0,116.10930250807198,35.699632709931464,46.00299535323643,15.883441182849037,135.79327237236186,8.886911965406053,12.473601146479181,0.7124576023432084,70.0,tonga,11,tonga_01
9694.331810572688,5621.280933920705,146.0,107.01581701975572,38.0602698748735,51.391287679248315,18.411215079213143,132.69983255237963,12.660391119931626,57.94242826104655,0.21849949164872912,70.0,tonga,12,tonga_01
9514.434947136564,5632.1055330396475,116.0,104.542300453368,37.13644522131654,36.54266931991307,11.685038360771516,113.40878079060612,,,,,tonga,13,tonga_01
9725.286519823789,5619.136348017621,116.0,134.68168290218043,30.48781455150418,38.332994671397046,12.45451395483118,136.86915712341693,5.804043842658623,15.989085844931592,0.363000355301642,70.0,tonga,14,tonga_01
9758.862317180618,5611.604136563877,126.0,101.13675556853617,41.00643882931677,40.1300076600737,13.239007922856343,252.84087888694586,,,,,tonga,15,tonga_01
9473.370189427313,5600.391378854625,146.0,110.73743419635788,34.974431534192696,54.00345417774515,19.669432839849435,128.17472961499976,1.9406180531540012,19.96624981667698,0.09719491997606297,70.0,tonga,16,tonga_01
9378.879920704845,5609.850837004406,151.0,127.63939941753038,29.528727813669025,56.27276713312805,20.77913576026777,147.95726208737742,3.2884454884780903,41.07481342491511,0.08005990080732514,70.0,tonga,17,tonga_02
9296.62695154185,5562.692299559471,141.0,99.63403177213087,37.47649859760885,48.823463352507105,17.19496237031534,122.61063250405607,6.4354803335050415,28.916035637570413,0.22255749073512224,70.0,tonga,18,tonga_02
9026.487541850222,5540.479859030836,141.0,94.8204521603361,36.76430140751428,48.312084440512784,16.95524824629811,140.1189078588219,8.293259778206021,89.46817731168801,0.09269507915997972,70.0,tonga,19,tonga_02
9143.244612334802,5548.500634361233,161.0,89.84610198901167,40.01001599839258,57.500972090898884,21.38602323178509,149.15453615236254,12.950972981179646,18.254980762226488,0.709448733464459,70.0,tonga,20,tonga_02
9254.920656387665,5543.436881057269,106.0,104.52406729134782,35.50841324405314,35.37244296441498,11.188791781100916,163.17005191403996,,,,,tonga,21,tonga_02
9273.682621145374,5526.142982378855,151.0,91.90379604587773,40.77676657551526,54.63497302436382,19.976716017637266,149.49801815066522,4.4904520317624925,14.695834172044894,0.30555951973821543,105.0,tonga,22,tonga_02
9436.582647577092,5561.914330396476,156.0,83.87360374073525,46.19651647683751,56.999308434652264,21.137610965386237,126.46821394104558,9.578012321686169,17.655596028200307,0.542491587731603,70.0,tonga,23,tonga_02
9437.671995594714,5565.074837004405,126.0,92.42826305743604,41.89840889018795,42.260345975391026,14.184276312624702,124.16683533491585,,,,,tonga,24,tonga_02
9270.586911894274,5529.626823788547,186.0,73.11146575831502,51.167898896627776,65.45837506293923,25.42046041045196,116.00355980963076,,,,,tonga,25,tonga_02
9237.985370044054,5557.684828193833,186.0,82.61504614139417,44.54758199313298,68.16095996392644,26.82938491906692,121.69917671718984,,,,,tonga,26,tonga_02
9074.287317180617,5514.994493392071,226.0,128.93014115721573,27.606367229896932,98.01598337904488,43.547074786387924,148.7300402280117,10.263255921431899,27.16350211016331,0.3778325740108404,105.0,tonga,27,tonga_02
9277.961422907489,5506.598806167402,196.0,98.78569338419233,38.17721461014293,74.40383268981886,30.15482843363601,134.6526963644226,14.253188040076873,34.65357781086261,0.4113049485934762,105.0,tonga,28,tonga_02
9321.065788546255,5500.327808370044,136.0,81.22077486626067,47.04138795114297,44.4283131811054,15.16268867630623,130.0562120616537,24.870565064069126,19.187579956150362,1.2961804000768293,175.0,tonga,29,tonga_02
9272.460488986784,5507.635162995594,171.0,97.855217509909,38.47342453262604,58.6053064981038,21.935407526460867,154.1129435524604,,,,,tonga,30,tonga_02
9681.587237885462,5456.564944933921,176.0,91.94963570675951,45.949309755024366,59.65950400940068,22.463079966525573,171.19245913240601,,,,,tonga,31,tonga_03
9621.390123348017,5457.278013215859,161.0,85.05278264383956,48.95915196060629,51.85115777238831,18.631210073284645,175.73733273154448,14.212861139181284,76.68602133584758,0.18533835621665445,105.0,tonga,32,tonga_03
9737.544039647577,5448.794953744493,186.0,80.93756357604961,52.988364072428986,61.70829572218564,23.49747455783417,159.04348159780378,34.0653448556363,28.074806204880293,1.2133777382838944,175.0,tonga,33,tonga_03
9532.783070484582,5470.228546255506,141.0,93.38596779193608,43.50283688530643,45.493404445586634,15.64928029104731,175.62001012226455,,,,,tonga,34,tonga_03
9454.07812334802,5457.283039647577,126.0,97.37629907825055,41.0448448085777,38.48503075545513,12.520420141169275,188.92025087680352,,,,,tonga,35,tonga_03
9570.630039647576,5456.201577092511,266.0,143.08154901088915,28.75582834403015,122.8542540293302,58.85048561758728,186.45440300185902,,,,,tonga,36,tonga_03
9632.922511013216,5423.580658590308,181.0,88.8913716283158,47.35377321011039,62.20888125800108,23.75197022599917,200.47767918050707,10.25554811888425,93.88699003603485,0.10923289920092293,105.0,tonga,37,tonga_03
9739.009568281937,5459.2599339207045,161.0,85.92207957432532,49.809660748016626,53.642576010163985,19.494373632570607,179.29308594782844,,,,,tonga,38,tonga_03
9725.395431718061,5454.437863436124,136.0,95.15326807980472,44.88503289976231,43.13358947089636,14.576410352428393,171.4068474881703,,,,,tonga,39,tonga_03
9644.485114537445,5471.504365638767,131.0,94.5938918109642,44.114695663837736,41.57451424185594,13.878185774836052,156.29325702810996,9.783741565362911,55.29795951479589,0.17692771399178134,105.0,tonga,40,tonga_03
9631.008920704846,5464.981647577092,136.0,87.34601325217157,47.69567743292713,44.06404970829831,14.997159023163213,154.2539603811639,12.50387596402983,51.5279310939422,0.24266209992467228,105.0,tonga,41,tonga_03
9919.938533039649,5480.710209251101,131.0,97.93851290836868,45.32668704028508,42.32167246067976,14.211727803671318,148.92085458652122,13.034783713018928,52.696816066519226,0.24735429359840475,105.0,tonga,42,tonga_03
9560.675832599118,5467.609237885463,121.0,105.20026198993712,38.90738024117445,39.04683163199594,12.764707032686454,167.3383748127796,14.550221488821188,51.39671042605606,0.28309635710546976,105.0,tonga,43,tonga_03
9685.14232599119,5502.8099273127755,101.0,108.18411574793615,38.65939440151316,31.7559386362134,9.690132688971008,148.85578669065887,,,,,tonga,44,tonga_03
9955.549559471365,5519.027907488987,116.0,98.29908149215245,45.13289020240296,37.55068154120543,12.116770542263044,136.44481225582894,10.570455759274754,115.58316087427559,0.09145325045032,70.0,tonga,45,tonga_04
9743.208797356829,5491.873295154184,111.0,96.03031503981416,44.27076491876593,35.09230872297637,11.070800900828523,152.2977635286939,,,,,tonga,46,tonga_04
9134.78440969163,5509.2883083700435,106.0,105.31389328464726,34.42562028850674,33.54039923145709,10.422872427332035,144.2827086799829,,,,,tonga,47,tonga_04
9260.594740088105,5430.734881057269,116.0,106.75501969341266,35.875220388040994,34.92906472609836,11.002187986911125,132.23910992289217,,,,,tonga,48,tonga_04
9375.398198237886,5474.267691629956,101.0,116.21137474425699,33.56926561787119,31.03019325236022,9.395987398793391,151.239058032314,4.574787413399557,101.82750924699751,0.04492683212257251,70.0,tonga,49,tonga_04
9300.217991189427,5430.823524229075,136.0,99.9657556720455,38.70719969000737,43.746944567909374,14.853429971340283,438.34428440988955,4.190718453797309,95.38783165467996,0.04393347014080807,105.0,tonga,50,tonga_04
9374.757198237885,5340.179255506608,151.0,110.32194952134887,36.570944950084744,48.32371688555361,16.960691712738576,490.9451706389942,15.936567309501733,84.41909122190687,0.18877918583144107,105.0,tonga,51,tonga_04
9368.931850220264,5313.867524229075,146.0,130.64471292740072,31.038870499448294,52.526787551115675,18.955601633790586,181.54593905388313,10.169765177308893,20.35133911983301,0.49970987743986545,70.0,tonga,52,tonga_04
9118.245074889868,5312.508863436123,156.0,110.28409324158338,34.508478055099665,53.190222981847,19.275494711479965,281.2636206144255,,,,,tonga,53,tonga_04
9427.833392070484,5334.755660792952,141.0,109.57386998786788,37.354505519707594,46.73716436173692,16.222318767281283,228.4763709395114,,,,,tonga,54,tonga_04
9553.978484581497,5285.004464757709,141.0,104.22289445764171,40.960040901174416,44.176375711628545,15.048154070762314,220.01808319677215,8.293152268837645,20.073387904109737,0.4131416335126838,105.0,tonga,55,tonga_04
9597.249176211455,5272.746037444935,126.0,99.45268120446441,43.4830221407082,38.27767244567664,12.430553894501653,154.15561292791398,8.374271053795917,20.431398150571837,0.40987263779407757,105.0,tonga,56,tonga_04
9265.430352422907,5175.989251101322,116.0,113.28318092703874,36.09927853240133,35.76686846717721,11.355449807953912,167.70740588164819,17.715992502619418,25.712800883105746,0.6889950489314245,105.0,tonga,57,tonga_04
9277.425603524229,5157.639442731277,96.0,91.61001758634598,44.97091332735412,25.124627483442,7.090811825232464,179.09930291572894,6.231823029114062,74.34669531564745,0.08382111676458705,175.0,tonga,58,tonga_04
8831.32698678414,4719.746528634361,316.0,435.84308240921723,9.433625596217167,208.78630650973952,119.35276024919781,263.58751261183835,24.279765416052143,20.599449872447096,1.1786608655276603,175.0,tonga,69,tonga_05
8759.369841409693,4669.023929515419,336.0,465.9589045693189,8.778340475486651,229.92682053473567,135.7321193713232,253.54425913565683,25.4208986758399,21.64891121277717,1.1742345111950252,175.0,tonga,70,tonga_05
9016.376691629956,4868.701418502203,136.0,85.28749621105777,48.63169230415272,44.040680505599816,14.98655504496242,399.80555271396184,29.701912843807,23.014366718755507,1.2905813662733328,175.0,tonga,76,tonga_05
9048.14513215859,4896.046810572688,126.0,92.33254940595504,44.96895567488912,42.38520947745351,14.240182780251997,339.6218309247184,29.879441739777686,25.22963275507949,1.1842995112071955,175.0,tonga,77,tonga_05
9089.110303964759,4866.2874669603525,116.0,112.72379908677914,37.4616795318752,35.33613736878904,11.173482453221887,561.8422987278094,36.88607272474152,46.043169982887804,0.8011193134280378,175.0,tonga,78,tonga_05
9072.103537444935,4955.800110132159,116.0,98.08787439348771,41.965466707942724,33.43270725183001,10.378275118080591,773.7063703480524,39.65969575194883,38.145597405391975,1.0396926106692155,175.0,tonga,79,tonga_05
8899.162859030837,4928.020784140969,91.0,102.23891342107004,38.84178677187966,24.190241216425992,6.741399283974628,460.85451634440545,6.536002179507392,66.47771348939386,0.09831869714577614,140.0,tonga,80,tonga_05
8624.071841409692,4949.893290748898,91.0,98.09192120743197,37.45648474853624,26.22403164987615,7.5075067681806535,362.5877993894401,27.896843044031577,27.223334018773524,1.0247401374421514,175.0,tonga,81,tonga_05
8661.352030837004,4993.756185022026,86.0,117.76608411900364,31.14305679136653,25.24950532045607,7.137842331428424,282.81556700925677,25.197697696558652,17.379936923669344,1.449815255787406,140.0,tonga,82,tonga_05
8691.676753303966,4940.751845814978,81.0,90.10348774594458,41.62907564760512,21.58927305751622,5.792692534517312,331.0724416216645,6.421411457101024,19.35570564252474,0.33175806533206925,105.0,tonga,83,tonga_05
8860.674039647576,4991.925674008811,81.0,86.99399912890883,44.471439459933364,20.251037059173722,5.318952881756355,344.2931508115314,10.714620745149016,37.678808516447724,0.28436729204087813,70.0,tonga,84,tonga_05
9095.966832599119,4972.593585903083,71.0,105.95641759595708,38.91574800518141,18.563913532842925,4.736481380687371,605.1302315692182,4.729013288369225,29.062395751136467,0.16271932048768895,175.0,tonga,85,tonga_05
9008.946982378855,5031.203863436123,156.0,124.98592141493285,31.825529418927704,57.73487480339561,21.50209401488487,315.8039203483575,44.01605189702351,13.966754480505703,3.1514874811080515,140.0,tonga,86,tonga_05
9105.308387665198,5197.886566079295,151.0,654.4493287009349,5.970549055863553,100.30879731023865,44.9105612983723,329.7818660818511,71.47407734560147,18.549294990622315,3.853196435861068,140.0,tonga,87,tonga_05
8492.54822907489,5278.648290748899,156.0,561.0251625805588,5.728619949135526,103.35107035389797,46.73580815382634,188.2142408171202,25.324348488887015,20.82645602420999,1.215970132385865,105.0,tonga,88,tonga_06
8583.353837004406,5217.654339207048,146.0,523.2747825851384,6.4319925396935185,92.21412462474258,40.14453043954685,141.3267827864684,10.33227281507063,35.34137662395918,0.29235626345313365,105.0,tonga,89,tonga_06
8638.271977973569,5225.115493392071,141.0,432.74550573756534,7.887214169363036,79.34361616681151,32.8533080015229,183.57519012553942,13.678964389803854,19.036880243674002,0.7185507401796786,105.0,tonga,90,tonga_06
8737.803682819384,5202.642440528634,146.0,489.80956338429417,7.217419802636922,88.70831642030942,38.1225756109125,132.14383924274912,2.9370822177350857,30.629255178793027,0.09589140188327701,70.0,tonga,91,tonga_06
8439.234400881056,5169.867418502203,141.0,502.3335733262138,6.50835850116619,90.23418621379845,38.99940008826944,155.36552361893746,83.18185698362215,120.39785174398173,0.6908915381688289,140.0,tonga,92,tonga_06
7989.964246696035,5181.79331277533,146.0,536.85163789301,5.230813758791864,93.5741987089021,40.93592494689644,100.06095314289288,13.752939081464696,21.94810689731519,0.6266116319648065,140.0,tonga,93,tonga_06
8293.666189427313,5257.382303964758,141.0,547.7293419879545,5.543401918988901,91.70275951458272,39.84798128347318,109.92745192105586,26.090138395013998,19.684712075511516,1.3254010673324026,140.0,tonga,94,tonga_06
8132.312189427314,5332.70768722467,136.0,361.6545379872239,7.741101543433543,75.41547613340182,30.702736705990823,357.6230510408898,31.81423488459396,54.924842154295064,0.5792321586509307,175.0,tonga,95,tonga_06
8035.031969162996,5391.811281938327,136.0,355.91690032884003,7.426510752320373,73.73272291649978,29.79271955730406,383.28912368817515,30.163249451743056,52.59986957992478,0.5734472289120491,175.0,tonga,96,tonga_06
8018.071281938326,5358.7993171806165,136.0,440.4280424529361,6.037926081970309,79.09230332828052,32.714635279275,266.9502879913824,25.318685747845,67.54987321528279,0.37481470419868657,175.0,tonga,97,tonga_06
8327.811039647577,5268.732198237885,141.0,440.7233195454925,6.941041478278134,84.90649453092031,35.959833017641884,157.84163157876853,18.49760345110441,96.65758846150594,0.1913724907224549,175.0,tonga,98,tonga_06
8114.899814977974,5220.145414096916,141.0,257.3497757298088,11.248326883798244,71.82522600920066,28.769509235745385,322.5970469165801,12.708959228197699,67.35140476817645,0.18869627548143858,175.0,tonga,99,tonga_06
8058.620506607929,5203.966863436123,136.0,356.53931736152845,8.00656057877961,77.1151369926436,31.628793888871154,216.18134506885107,8.86151179069042,89.21765599588038,0.09932464254720613,175.0,tonga,100,tonga_06
7575.236607929515,5222.192775330396,131.0,664.6006399194753,3.5405380182664583,95.17286169775268,41.87106004052209,119.04011787395724,6.996931154076639,27.96286376003226,0.2502222667221037,105.0,tonga,101,tonga_06
7566.501493392071,5164.943140969163,121.0,819.1625970644379,2.931723641959685,88.77820435280327,38.16262683915279,114.18945793000937,7.198069958756984,40.76536216109383,0.1765731880490141,105.0,tonga,102,tonga_07
7581.252127753304,5175.88786123348,126.0,817.8664934619374,2.941023120213895,91.38353823275732,39.66313860241895,99.32463873350109,7.320622240188747,35.27726453976748,0.2075167203493437,105.0,tonga,103,tonga_07
7524.343405286343,5178.285746696036,121.0,818.4732478417058,2.866382822867827,95.1345929431481,41.84861322252688,100.31747756862626,7.6973649365273715,37.73508708407301,0.2039842897242505,105.0,tonga,104,tonga_07
7797.709061674009,5164.587845814978,131.0,797.4269933198249,3.302021674607348,106.76321688782933,48.804363519437466,139.3422800898922,3.672915450309755,45.39140663245304,0.08091653735365335,70.0,tonga,105,tonga_07
7768.48636123348,5101.2438810572685,111.0,982.4295122870328,2.714945394878298,80.74764706822796,33.63072941043951,311.1404325632466,,,,,tonga,106,tonga_07
7766.271088105726,5100.084735682819,101.0,1021.0406833081006,2.6112439944945676,74.29409344403786,30.09554198227559,353.76882596456085,17.874221867532874,48.53605761997433,0.3682668668206169,70.0,tonga,107,tonga_07
7738.713546255506,5103.586233480177,101.0,1046.3397676873121,2.5184241239341003,72.98833041406041,29.39235319857668,382.1501302953417,21.807334756597264,49.37655532100921,0.44165362720875084,70.0,tonga,108,tonga_07
7693.308546255506,5117.227290748899,96.0,1088.7038301841153,2.366191046715575,60.42869645527929,22.850063945843836,415.742473043147,89.41856314828993,101.22770100006721,0.8833408470694258,70.0,tonga,109,tonga_07
7430.813303964758,5118.869766519824,66.0,1421.6461660059142,1.6262439928637742,42.670833349472645,14.368274552769465,449.09172630956124,75.93833264848669,91.28562021838076,0.8318761757527741,70.0,tonga,110,tonga_07
7517.823242290749,5128.26150660793,81.0,1236.8883278592414,1.9319138857253024,51.67718512397391,18.547907348546413,440.7162629793656,84.21837526416692,140.7846136285023,0.598207240788397,70.0,tonga,111,tonga_07
7404.292321585903,5109.31854185022,106.0,1259.3987245708756,1.8222773574093196,69.92085976071225,27.756974835038218,523.4686993112697,,,,,tonga,112,tonga_07
7302.138418502203,5094.68981938326,131.0,1175.9508251402935,1.8771606362498956,86.15053599871466,36.664049478506115,611.3409226937132,,,,,tonga,113,tonga_07
7234.26721585903,5092.375713656387,131.0,1164.6023115627308,1.8391613007607113,87.75504084877883,37.57732683774976,651.3935136596784,23.44777328160165,16.4947086353709,1.4215330382569322,70.0,tonga,114,tonga_07
6106.657907488987,2817.736533039648,106.0,678.56141797035,4.846903002954185,69.45313516482247,27.509683366619534,481.94063296654866,6.657335031962006,15.271415608730399,0.4359343758646792,70.0,vityaz,8,vityaz_01
6181.917929515419,2803.5301101321584,96.0,1341.5173149199106,2.5183333690962852,75.87345149491624,30.951585880751598,631.4803753785955,,,,,vityaz,10,vityaz_01
5564.990674008811,3181.7281189427313,101.0,726.3201264739803,3.281283924536074,97.99918572047044,43.53712446366432,466.3510699411092,3.926672371372554,15.269557196110036,0.25715692478449115,105.0,vityaz,14,vityaz_01
7972.114969162995,4523.878026431717,41.0,2640.9448240902334,1.3056830689066534,34.966523974070874,11.017923014014313,437.7552030588074,5.707801440617874,103.30143631827481,0.05525384393525727,70.0,yap,0,yap_01
8153.547779735683,4532.199290748898,46.0,2237.7716384514006,1.618283307716268,32.041238878614465,9.806383010837997,392.55883378172535,7.2433881666386934,135.74891101635026,0.053358720246133425,105.0,yap,1,yap_01
8052.919546255506,4367.593198237885,46.0,2386.8154129866657,1.544034921161375,32.07207108742724,9.818966832583934,419.87360775422144,7.111663669425504,111.37049407121684,0.06385590482231217,70.0,yap,2,yap_01
7758.19045814978,4351.7182731277535,36.0,2971.245112401637,1.1464796932450312,22.44623005318424,6.101280591366242,502.76772752604467,,,,,yap,3,yap_01
7773.059030837005,4456.182488986784,46.0,2410.1246439153897,1.3762261425872808,30.17237636753728,9.05126208743247,416.09659119948196,7.32234299201513,26.493044086472377,0.2763873780647953,70.0,yap,4,yap_01
7505.93755506608,4655.599955947137,56.0,1677.6553173820841,1.6990007241575606,37.05970084809663,11.9059941354543,281.83729297341006,13.340336389441163,16.692828066435546,0.7991657456931893,70.0,yap,5,yap_01
7336.9879559471365,4742.724330396475,56.0,1254.3101053134108,2.068279299162977,44.6746848741237,15.274902573893074,282.3871822809394,,,,,yap,6,yap_01
7615.789757709251,4725.082938325992,51.0,1311.4427708250253,2.2042188067152355,36.91641215274974,11.844655483480924,287.47009989022627,22.18377681312576,140.85766808187375,0.1574907288698788,70.0,yap,7,yap_01
7166.273471365638,4762.46377092511,56.0,1414.1803848194857,1.6997900170616245,34.8659989505611,10.97570946000184,315.32928834304244,15.572486103327751,7.48416584137182,2.0807243496989867,70.0,yap,8,yap_01
7767.341215859031,4775.050691629956,51.0,1594.1501314504296,1.8770443668982129,36.79651939362649,11.79339303686621,292.1662091135711,9.583314835178605,9.261553723645992,1.034741591004446,70.0,yap,9,yap_01
8085.122488986784,4835.369770925111,56.0,1586.9032135393995,2.04785817454707,36.85724415083014,11.819350123531065,323.264080756624,9.397511835303053,9.690211117234751,0.9697943338498466,70.0,yap,10,yap_01
8631.296515418502,4797.105660792951,46.0,1634.1774668823148,2.3462512073064032,29.000492318830258,8.585592654270162,292.8030637340469,4.82243297051359,8.855135204057339,0.5445916814803683,105.0,yap,11,yap_01
8854.068929515419,4726.077114537445,46.0,1873.235113118906,2.2036698896301035,31.87834540094169,9.739966901951043,239.4502374546586,10.294367090878813,6.994632206263506,1.4717524506378596,70.0,yap,12,yap_01
8664.585929515419,4801.052933920704,51.0,2054.387491115976,1.8806252531726533,32.746316803875686,10.095156686676324,304.7888930948001,10.215313806181934,17.434576882167143,0.5859226682254968,70.0,yap,13,yap_01
7833.63750660793,4830.840189427312,41.0,2474.657235370394,1.2134194886715997,31.515591934162856,9.592469124266838,268.1281396440056,6.119612854769508,22.30637490406496,0.2743436744468198,105.0,yap,14,yap_01
7006.260110132159,4898.544977973568,36.0,3135.8024557730064,0.6721453796549879,23.462150613945393,6.472224052632848,295.657885670871,6.154992924946338,19.538615436215405,0.3150168416508099,175.0,yap,15,yap_02
7041.3865726872245,4972.785704845815,41.0,2519.5553212049654,0.8210182370006905,28.968378040900124,8.572918423052842,301.7039751496537,7.840569356983398,24.365214315645797,0.32179357240246725,175.0,yap,16,yap_02
7407.147911894273,4989.512308370044,46.0,2163.7377116082166,1.1173422686834356,32.712669164245725,10.081328362647312,311.70435657988725,11.933828687118744,7.846891175985136,1.520835247931231,70.0,yap,17,yap_02
7532.673876651982,4988.9756123348025,46.0,2119.8602493310973,1.1999367718319265,33.93237590824445,10.585599969408827,311.3096411661203,12.932931383086851,8.068371597783752,1.6029171718664164,70.0,yap,18,yap_02
7025.515317180616,4967.023953744494,41.0,2510.5139611260947,0.8199481840414792,28.828629175851955,8.517819661714915,308.1694343325456,7.860052173574287,25.199213621007097,0.31191656580195126,175.0,yap,19,yap_02
6918.822555066079,4899.449246696035,36.0,3139.596315435446,0.6431952090280013,23.293823116501862,6.410385533118643,299.1171451887506,6.140963723908797,21.33138772115904,0.2878839297369036,175.0,yap,20,yap_02
7471.57308370044,4835.224306167401,41.0,2561.4991958790174,1.029221005329395,29.845793019930003,8.920871473032655,310.51631849319665,5.9244853796132,19.8974639924617,0.29775077778041137,105.0,yap,21,yap_02
8603.24995154185,4764.851502202643,46.0,2132.0483896249266,1.800333645342104,31.337700478416835,9.520343515094826,285.11047498898137,6.255277101043099,43.033413694626816,0.14535860774215403,105.0,yap,22,yap_02
8625.514052863437,4792.9791585903085,51.0,1866.0400151912434,2.053833177784425,34.484751383728536,10.815981048523607,256.18707396787556,11.21479850176518,8.421517741590513,1.3316837707744495,70.0,yap,23,yap_02
8604.50839647577,4763.276753303965,46.0,2097.8927838572713,1.8309952123049682,31.612548709206354,9.631837211374291,277.0455695672322,8.819197926546781,18.43505688795841,0.4783927698268938,70.0,yap,24,yap_02
7422.402656387666,4834.513348017621,41.0,2601.3500886889256,0.9948254637553745,29.108051921466693,8.62807622276838,308.7776914120424,8.183935225764227,20.005245654097827,0.4090894641969992,70.0,yap,25,yap_02
6911.30027753304,4897.943660792951,36.0,3144.6277726160592,0.6402527619557177,23.386458704555896,6.444398732052536,302.2815781766651,6.204607435698513,21.61662452036756,0.28702943097579475,175.0,yap,26,yap_02
7002.769066079295,4995.96059030837,41.0,2492.1727016295727,0.8052445460375681,33.691193806981424,10.4853995765923,332.1775947959894,10.535753152624189,8.754186512361237,1.203510244812275,70.0,yap,27,yap_02
7576.53585462555,4975.9850044052855,46.0,2061.8436255119163,1.2612745302518262,33.960414622163945,10.597264246550157,310.67256259600754,13.767767214423563,7.751852760079298,1.7760614965915227,70.0,yap,28,yap_02
8068.417682819383,5019.787797356828,56.0,1674.1303314439365,1.8210230280178443,35.30833987167163,11.161764359876466,344.0803326104404,11.307167551154253,24.64134574255161,0.4588697252694526,175.0,yap,29,yap_02
8026.974017621146,5031.037429515418,71.0,959.1116445480641,3.123657819332828,43.83251688640266,14.892181832332286,466.0266570968896,147.88093670080832,9.663317308036415,15.303330314717535,70.0,yap,30,yap_03
7811.441277533039,4986.605973568281,76.0,877.9041722249905,3.217703473040114,45.68730854330866,15.73827819235125,480.0519051483035,,,,,yap,31,yap_03
8096.842572687225,4892.242581497797,151.0,428.3924189074134,7.4805245138617265,72.10180662772885,28.917316007357325,547.4451272051156,23.00137024514206,13.621519817445309,1.688605277047266,105.0,yap,33,yap_03
8144.711022026432,4878.136101321586,151.0,411.6191762523987,7.935915305126192,73.76964469208275,29.812612884739217,534.8339819778666,25.221080190780523,13.469632948231247,1.8724400499786749,105.0,yap,34,yap_03
8147.208387665198,4887.447696035242,156.0,406.1118875276814,8.026755167091148,74.69811390873393,30.313957230058357,534.2290448765278,26.475217218343023,13.465308105160252,1.9661798312804324,105.0,yap,35,yap_03
8122.055964757709,4885.216136563877,151.0,415.4158610902098,7.79180607042574,71.55538108602434,28.625484797600457,539.8328662137732,23.70944920081967,13.537348838437868,1.7514100791655158,105.0,yap,36,yap_03
7700.083947136563,4864.920916299559,201.0,294.9153711074739,9.613480030526473,93.39909037199311,40.833817240294906,504.7427824699036,44.57258028511946,14.046847930233067,3.1731375256925634,105.0,yap,37,yap_03
7403.928453744493,4895.511026431718,261.0,74.89788174045765,33.49116649260056,69.80409695347038,27.69518917348055,657.9921794423938,,,,,yap,38,yap_03
7228.628488986785,4849.852083700441,201.0,318.44982706420666,7.4698624496559365,145.05014304990559,73.4379706297878,613.2222001627781,31.603718633428876,17.88819386393977,1.7667361430567783,105.0,yap,39,yap_03
6166.513198237885,4890.191933920704,31.0,3399.4371303433545,0.3754507629880092,21.042014370025814,5.597741885002843,421.3676857679348,6.930022680705556,13.472916635891831,0.514366923509642,105.0,yap,41,yap_03
5978.3906519823795,4814.534466960353,66.0,1356.003088719514,0.8582990663546841,51.90150534904958,18.655335231805463,547.1675985205962,,,,,yap,42,yap_03
6131.330823788546,4890.3382907488985,66.0,1142.1956384331786,1.086497348862227,55.808149262169266,20.55069967185547,473.8253530846248,,,,,yap,43,yap_03
6040.862612334801,4885.48495814978,66.0,1030.5417766335916,1.1211361638916022,60.239452643334836,22.75470142526909,454.3667912599614,14.328950894212571,11.482061720179901,1.2479423333031923,70.0,yap,44,yap_03
5886.33581938326,4896.243475770924,66.0,1236.0232266260505,0.8010305326664228,56.64430697588112,20.962261874779536,369.10236046625727,,,,,yap,45,yap_03
5901.68259030837,4829.402988986783,71.0,1879.209275824267,0.5706014838880883,76.81699501888046,31.465855026395747,392.99935137590126,,,,,yap,47,yap_03
6005.184123348017,4757.082114537446,76.0,2055.8092090586883,0.6071098442943794,78.55875459683485,32.420713753206684,514.2888194821102,2.5803042480874328,20.90306805746307,0.12344141257130821,70.0,yap,48,yap_04
6063.52667400881,4726.220074889868,86.0,2221.983632255791,0.6018525877984479,84.69180110044107,35.83864739996413,585.7372261465134,6.231736789415238,20.977090826466004,0.29707345222307424,70.0,yap,49,yap_04
6362.55840969163,4903.55359030837,96.0,2027.2873637550151,0.7196832799671963,100.92420799415352,45.2783145111456,643.3759299541077,5.94652803767226,22.494698089589267,0.26435242713590196,70.0,yap,50,yap_04
6991.608462555066,4818.32296475771,116.0,1892.1372972160766,1.1485876320893498,111.15794085777539,51.50117165298545,561.6069660104179,7.729818898191146,25.84485308160273,0.29908542616918576,70.0,yap,51,yap_04
7697.871070484581,4817.936096916299,106.0,1754.8105770890309,1.6411657253318273,101.22065338127125,45.455729682129515,485.45880883267154,8.74337556672212,27.209459693733656,0.3213358760201961,70.0,yap,52,yap_04
7976.21108370044,4792.668621145374,106.0,1707.0703663323177,1.864915779303805,92.93723896100292,40.56481253415461,381.2686019354028,13.68243685626495,30.64159574856832,0.44653147207270494,70.0,yap,53,yap_04
8185.941894273128,4932.548387665199,111.0,1885.8203899681218,1.7251873635022714,100.09777291920338,44.78463150822521,535.5579778768243,18.913147054726302,43.434709793025526,0.4354385500640149,70.0,yap,54,yap_04
8996.458726872248,4774.078352422907,116.0,1350.0405325763088,3.1275952629301353,98.88265401562107,44.06122876146197,549.1475265280005,7.032415038501109,29.267835076108646,0.24027793720355062,140.0,yap,55,yap_04
9576.649251101322,4808.111242290749,131.0,1257.3941143486666,3.7923972717819567,103.03937010730624,46.5479663896477,555.4420981937815,2.885657211937061,29.832575636827144,0.09672839673872578,140.0,yap,56,yap_04
9793.524189427313,4892.927881057269,136.0,1351.9326013875793,3.624882115676649,110.33066676114223,50.99075497583381,559.5674026100063,18.489912081754966,34.79569663549066,0.5313850237128394,140.0,yap,57,yap_04
9832.850449339207,4870.205004405286,81.0,1136.3953250440481,4.367006213037318,46.96216488205211,16.326531499024696,439.59136188940533,13.988088598064888,29.22427135413216,0.4786462741383985,175.0,yap,58,yap_04
9794.136246696035,4775.191462555066,86.0,1100.4594239037715,4.560772233052225,49.961189910559504,17.731282517957638,387.05125780383344,25.46837316292148,62.2622471551268,0.4090500154847746,140.0,yap,59,yap_04
10410.717524229074,4687.373969162995,106.0,1016.58051804306,5.629995316144403,58.28005200543698,21.773238314163113,389.06158938704533,109.03611646718707,84.90007585538179,1.284287621284561,70.0,yap,60,yap_04
9379.251823788545,4776.419248898679,131.0,1186.2349107844452,3.8802032658489702,87.56279064186418,37.46760307731945,567.7652862030258,5.006440975994729,28.88427469579094,0.17332756417540493,175.0,yap,61,yap_04
9855.91163876652,4645.153453744493,126.0,1449.0659509742577,3.5959427391959986,88.33421791097715,37.908366978558085,583.4814157897019,39.7999049746833,40.683038590386516,0.9782923388639928,105.0,yap,62,yap_05
9978.665422907488,4680.578444933921,141.0,1288.508913077488,4.111796918284067,96.1740571726934,42.45938524191155,638.627879598784,66.82724064754576,47.21029384894484,1.415522658286512,105.0,yap,63,yap_05
10009.139607929515,4766.274414096917,141.0,1452.549567280561,3.609422571133461,97.0955881773538,43.002705617635954,567.4343028631172,149.65426162105857,52.91508000148886,2.8281968319210287,105.0,yap,64,yap_05
10231.725453744493,4707.872198237886,141.0,1473.8226688703417,3.7479768578539647,95.55196345873807,42.09358736007102,644.6967426597878,35.4058054045987,36.59364388470239,0.9675397595318391,175.0,yap,65,yap_05
10556.799546255506,4746.017944933921,131.0,1518.4872814047144,3.826690992068223,86.88903904601781,37.08370441413484,690.3002911869329,50.47523349517834,29.930352106315727,1.6864229767790586,140.0,yap,66,yap_05
10658.023374449338,4680.497123348018,136.0,1513.5717939131557,3.949284913434567,89.24409326233658,38.4298857859466,669.7231478946983,67.18351442647919,32.378890120305094,2.0749171505526003,140.0,yap,67,yap_05
10509.012766519823,4627.466533039648,141.0,1572.1817983827937,3.741008984794353,90.74230004024864,39.292484999172565,628.1270105268214,69.89636747523139,31.51611670000299,2.217797584028643,140.0,yap,68,yap_05
10536.499792951541,4716.540475770926,146.0,1660.587362292752,3.5047594901270784,96.40223093993036,42.59375199332593,684.7778098227983,,,,,yap,69,yap_05
10628.305400881058,4694.014493392071,156.0,1589.7083175981998,3.7329432335453654,104.44026079077594,47.39367455926403,631.2174648929549,45.42872598545187,39.72930676948912,1.143456296608219,175.0,yap,70,yap_05
10125.80221585903,4773.444259911894,161.0,1796.6199893410162,2.9791263526519773,115.03604581816474,53.91070924048568,660.8714771518764,4.140645374338965,46.687540844663744,0.08868844448491078,105.0,yap,71,yap_05
9589.177339207048,4742.715211453745,146.0,1890.6146057647827,2.563432078106069,105.99336270379615,48.33570003150751,595.3897136742947,9.334736130177069,71.23839370152734,0.1310351854547351,70.0,yap,73,yap_05
9491.519193832599,4732.012026431718,151.0,2065.2892316888788,2.3045233056818972,113.47328253254423,52.93642514007348,554.5468623320431,,,,,yap,74,yap_05
9547.540422907488,4676.806546255506,146.0,2059.6350756928223,2.3648528489997482,111.82686860440093,51.91481814778445,569.5343379661907,148.4883834497313,67.68946472756677,2.1936705223975403,105.0,yap,75,yap_05
9378.946171806168,4733.594533039648,136.0,2132.328226021667,2.178534984472563,106.1392743708466,48.424439678878564,556.4881663760002,54.98354830272137,41.202793289437345,1.3344616690542879,175.0,yap,76,yap_05
